paragraph,label
"A Megrendelő elállása, illetve felmondása esetén a minőségileg és mennyiségileg már átvett részteljesítések ellenértéke a Vállalkozót illeti meg, azt a Megrendelő az egyébként megállapodott módon köteles megfizetni.  ",4
8.4.2. Vállalkozás megrendelése esetén a hiba miatti követelés az áru átvételétől számított 1 éven belül elévül.,4
"Ha a fogyasztó hibás teljesítésre hivatkozva kívánja megszüntetni a szerződést, az Eladót terheli annak bizonyítása, hogy a hiba jelentéktelen.",4
"Menetjegyek, bérletek, egyéb utazásra jogosító igazolványok árusítása a Szolgáltató pénztáraiban, honlapján, automatáiból, mobilalkalmazásokban (Közlekedési Mobiljegy és társszolgáltatói vagy MÁV és MÁV+ applikációk), valamint megbízott más értékesítőknél, illetve az autóbusz-vezetőknél az utazás megkezdésekor történik. A Szolgáltató az autóbusz-vezetőknél váltható utazási igazolványok körét korlátozza, amely – az 1.2. pontban foglalt eset kivételével – nem terjed ki az adott az autóbuszjáratra felszállók részére történő menetjegy kiadására. A korlátozás szabályait jelen fejezet „3. Jegyváltás az autóbusz-vezetőnél” és „4. Bérletvásárlás” pontjai tartalmazzák.",1
4.7. A Termék visszaszállítása a Felek megállapodása alapján történik. A visszaszállítás költsége a hibás teljesítés miatti felelőssége megállapítása esetén az Eladót terheli.,3
"9.6. A termékek minőségével, biztonságosságával és a termékfelelősségi szabályok alkalmazásával, valamint a szerződés megkötésével és teljesítésével kapcsolatos fogyasztói jogvita bíróságon kívüli, békés rendezése céljából Vevő eljárást kezdeményezhet a lakóhelye szerint illetékes szakmai kamara mellett működő békéltető testületnél. A békéltető testületek illetékességi területe a megyei kereskedelmi és iparkamarák illetékességi területéhez igazodik (2008. évi XLII. törvény 20.§ (5) bekezdés).",1
A vasúti társaság a közszolgáltatás megrendelője által előírt kedvezmények igénybevételének feltételeit jelen Üzletszabályzaton kívül hirdetményben a vasúti társaság honlapján és az akció jellege szerinti célcsoport eléréséhez megfelelő kommunikációs csatornákon keresztül folyamatosan aktualizálva teszi közzé.,2
"26. A Hitelszerződés bármely fél részéről történő felmondása, illetve a Hitelszerződés érvénytelenségének megállapítása esetén, amennyiben a Hitelfelvevő a Diákhitel Központtal szemben fennálló teljes tartozását nem egyenlíti ki, a Diákhitel Központ az ebből eredő követelését az MKK Magyar Követeléskezelő Zártkörűen Működő Részvénytársaságra engedményezi adásvétel jogcímén.",3
"90. Az Alza a számviteli szabályoknak megfelelő bizonylatot (számlát) állít ki, a Webáruházban történő vásárláskor azt elektronikusan bocsátja a Fogyasztó rendelkezésére, míg a bemutatóteremben (fizikai üzlethelyiségben) való vásárláskor papír alapon. A számla egyben magában foglalja a jótállási jegyet (amennyiben a termékre jótállás vonatkozik), illetve tartós adathordozó termék vásárlásakor az adattörlő kódot is a számla tartalmazza (az adatok végleges hozzáférhetetlenné tételét lehetővé tevő alkalmazás biztosításával kapcsolatos eljárási szabályok meghatározásáról szóló 726/2020. (XII.) Korm. rendelet 8 §-ának (1) bekezdése értelmében).",2
"57. A Fogyasztó az Alza ügyfélszolgálati munkatársának segítségével telefonon vagy e-mailen keresztül is köthet szerződést. Ilyen esetekben a szerződés az ügyfélszolgálat által a Fogyasztó részére küldött visszaigazoló e-maillel jön létre, azonos módon, mint a Webáruházon keresztül történő szerződéskötéskor.",4
A fogyasztó a digitális tartalomnak a szerződés megszüntetését megelőző időszakra vonatkozó használatáért a szerződésszerűen teljesített szolgáltatással arányos díjat köteles fizetni.,3
A szerződés megszüntetése esetén a fogyasztó tartózkodni köteles a digitális tartalom használatától és ezek elérhetővé tételétől harmadik személy számára.,4
"72. A Fogyasztó tudomásul veszi, hogy az előrendelt termékek szállítási határidejét jogosult megváltoztatni, melyről a Fogyasztót észszerű időben tájékoztatja.",4
"4.4. A Szolgáltató a vásárlást csak akkor tudja elfogadottnak tekinteni, ha a Felhasználó a rendeléshez szükséges adatokat maradéktalanul megadta, az ÁSZF rendelkezéseit a szerződéskötést megelőzően megismerte, elfogadta.",4
"42. Az e-mail útján tett vagy közölt nyilatkozatok a másik fél számára akkor tekinthetők megérkezettnek, amikor azok a címzett részére hozzáférhetővé válnak. Az Alza kizárja a felelősséget az olyan esetekre vonatkozóan, amikor a Fogyasztó levelező rendszerének technikai vagy beállítási hibája, telítettsége miatt az Alza által küldött e-mailek a Fogyasztó számára nem válnak hozzáférhetővé, vagy a Fogyasztó a megrendelés során hibás e-mail címet adott meg az Alza részére, vagy a Fogyasztó az Alza egyébként kézbesített e-mail üzenetét nem nyitja meg, nem olvassa el.",3
"A Megrendelő köteles a munkaterületet munkavégzésre alkalmas állapotban a Vállalkozó rendelkezésére bocsátani. A Vállalkozó a teljesítés megkezdését mindaddig megtagadhatja, amíg a Megrendelő e kötelezettségének nem tesz eleget. Ez esetben a Megrendelő biztosítja a munkavégzéshez szükséges áramot, illetve egyéb közműveket. A teljesítés helyéhez való hozzáférés joga nem lehet kizárólag a Vállalkozóé. ",4
"13.4 A BKM NONPROFIT Zrt-t a Felhasználó, illetőleg a harmadik személy tulajdonát képező felhasználói berendezések nem megfelelő működéséből eredő elégtelen szolgáltatásért felelősség nem terheli.",4
Korm. rendelet: a fogyasztó és a vállalkozás közötti szerződések részletes szabályairól szóló 45/2014. (II. 26.) Korm. rendelet,1
"a) a szolgáltatásokhoz szükséges személyi és tárgyi feltételek vizsgálatára - ideértve a helyszíni ellenőrzést is,",4
"11.5 A fenti bejelentéseknek tartalmaznia kell az új Felhasználó vagy Díjfizető személyének azonosításához szükséges adatokat, a felhasználási hely, illetőleg az épületrész megjelölését és a változás időpontját. A tulajdonváltozást erre alkalmas okirat bemutatásával kell igazolni. A BKM NONPROFIT Zrt. a számlázást a bejelentésben megjelölt időponttól, késedelmes bejelentés esetén az annak beérkezését követő időponttól módosítja.",2
4. A Hitelkártya újragyártása,4
"14.8 A BKM NONPROFIT Zrt. a Szerződést csak a Felhasználó jogszabályban meghatározott szerződésszegése esetén (lásd e szerződés 13. pontját) mondhatja fel, továbbá akkor, ha tudomást szerez a Felhasználó távhővételezésének a felhasználási helyen való megszüntetéséről. Ebben az esetben a Szerződés felmondása miatt az épületben, épületrészekben bekövetkező kár a Felhasználót terheli.",4
"(11) A Bank a Kincstári Kártyákra vonatkozó Keretmegállapodás figyelembe vételével jogosult a termék vagy szolgáltatás kivezetése/módosítása esetén a Szerződő fél számára a kivezetett/módosított termék vagy szolgáltatás helyett, azzal egyenértékű vagy magasabb színvonalú termék vagy szolgáltatás rendelkezésre bocsátására a szerződés egyoldalú módosításával, oly módon, hogy a módosítást a termék vagy szolgáltatás kivezetését/módosítását 30 nappal megelőzően a Kincstár honlapján Hirdetmény útján közzé teszi.",3
"A fogyasztónak minősülő vásárló, az áru átvételét követő 14 napon belül, indoklás nélkül elállhat a vásárlástól. Megrendelő elállási jogát a szerződés megkötésének napja és a termék átvételének napja közötti időszakban is gyakorolhatja. Az elállási határidő a) egy termék vásárlása esetén azon a napon kezdődik, amikor a Megrendelő vagy az általa megjelölt személy a megrendelt terméket átveszi; b) több termék vásárlása esetén – ha az egyes termékek szolgáltatása eltérő időpontban történik – azon a napon kezdődik, amikor a Megrendelő vagy az általa megjelölt személy az utolsó terméket átveszi; c) több tételből vagy darabból álló termék vásárlása esetén azon a napon kezdődik, amikor Megrendelő vagy az általa megjelölt személy a megrendelt termék utolsó tételét vagy darabját átveszi. Megrendelő elállási jogát a Szolgáltatónak küldött írásbeli nyilatkozattal gyakorolhatja, melyet a Szolgáltató jelen ÁSZF 1. pontjában szereplő elérhetőségeinek egyikére kell elküldeni. Megrendelő elállási jogát határidőben gyakorolja, ha erre vonatkozó nyilatkozatát a 14 napos határidő lejárta előtt elküldi. A Szolgáltató elkészítette és a jelen ÁSZF végén található 1. sz. mellékletben közzétette azt a nyilatkozat mintát, melyet a Megrendelő szintén használat elállási jogának gyakorlására. A terméket eredeti, sértetlen állapotban kell a számlával együtt visszajuttatnia a Szolgáltatónak. Megrendelő a terméket haladéktalanul, de legkésőbb az elállás közlésétől számított 14 napon belül köteles visszaküldeni (postai úton vagy futárszolgálattal), illetőleg a Szolgáltató részére a személyes átvétel helyszínén átadni. A visszaküldést határidőben teljesíti a Megrendelő, ha a terméket a határidő lejárta előtt elküldi. Utánvétes csomagként visszaküldött termékek átvételét a Szolgáltatónak nem áll módjában biztosítani. A Bike Cafe Kft. kizárólag sérülésmentes, hiánytalan tartalmú termék visszaszolgáltatása esetén köteles a teljes vételárat megtéríteni. Szolgáltató jogosult Megrendelőtől a termék jellegének, tulajdonságainak és működésének megállapításához szükséges használatot meghaladó használatból eredő értékcsökkenés megtérítését követelni. Az elállási jog gyakorlása semmilyen többletköltséget nem jelent a vásárló számára, a termék visszajuttatásáról és a visszajuttatás költségeinek viseléséről azonban a Megrendelőnek kell gondoskodnia. Ha a Megrendelő a vásárlástól eláll, úgy a Szolgáltató haladéktalanul, de legkésőbb az erről való tudomásszerzéstől számított 14 napon belül visszatéríti a Megrendelő által ellenszolgáltatásként megfizetett teljes összeget, ideértve a teljesítéssel összefüggésben felmerült költségeket. Ha a Megrendelő kifejezetten a legkevésbé költséges szokásos fuvarozási módtól eltérő fuvarozási módot választ, Szolgáltató nem köteles visszatéríteni az ebből eredő többletköltségeket.",2
"c. Az Alza bemutatótermeiben személyesen (Budapest XIII. kerület Róbert Károly krt. 54 -58; 1085 Budapest József krt. 14, 1117 Budapest Fehérvári út 23., vagy 2310 Szigetszentmiklós Bevásárló utca 1,). Boltjainkról itt adunk bővebb tájékoztatást .",4
"• A Szolgáltató jogosult az előzetesen lefoglalt vizit időpontját megelőzően (az eredeti foglalás szerinti szakemberhez, vagy a szakterületnek megfelelő szakemberhez) új, az eredeti időponthoz képest 30 napon belüli időpontot javasolni a Páciensnek.",4
"d) A határozatlan időre szóló Előfizetői szerződés szerinti Szolgáltatásra vonatkozó díjak és az eseti igénybevétel vagy külön igény alapján kiszámlázható díjtételek, valamint a számlák nem fizetésével összefüggésben alkalmazott díjtételek a 3/a-3/d. sz. mellékletekben találhatók meg.",2
"Ha az utas menetjegye érvénytelen, a vasúti társaság az új menetjegyet a Menetdíjtáblázatban meghirdetett pótdíj felszámításával adja ki. Ha a menetjegy időbeli érvénytartama két állomás között (menetközben) jár le, a továbbutazáshoz az új menetjegyet attól a vasútállomástól kell számítani, amelyen a vonat a menetjegy érvényességének lejárta előtt menetrend szerint utoljára megállt.",2
"32. A szállítási mód kiválasztását követően a Fogyasztó válaszhat az Alza által felkínált fizetési módok közül, illetve tájékoztatás kap az egyes fizetési módokhoz tartozó költségekről is. A fizetési módok lényeges feltételeiről részletes tájékoztatás az alábbi dedikált aloldalon található: Fizetési Feltételek",3
"3/4. A Felhasználó, mint eladó az általa feltöltött Termék ellenértékeként az aukciós, vagy fix áras értékesítés során nyertes ajánlatnak számító leütési árat számíthatja fel, kivéve azon tranzakciókat, amelyek esetén nem elérhető az Online fizetés és az Eladó és a Vevő utóbb eltérő árban állapodnak meg.",3
"52. A Felbontott termékek olyan termékek, melyek eredeti csomagolását korábban már felbontották vagy a terméket már kipróbálták (például elállás miatt visszaküldték az Alzának). A felbontott termékeket az Alza eredeti csomagolásba visszacsomagolja, és az összes tartozékával együtt értékesíti. A felbontott termék jótállási- és szavatossági ideje megegyezik az új termékekre vonatkozó határidőkkel.",3
"Az Előfizető és a Szolgáltató a szolgáltatási jogviszonyból és az Előfizetői Szerződésből eredő szerződéses
kapcsolatuk során kötelesek egymással együttműködni. Ennek érdekében a Szolgáltatás szempontjából jelentős
tényekről, körülményekről, változásokról egymást kötelesek késedelem nélkül tájékoztatni. A Felek kötelesek
egymásnak megadni minden olyan adatot és információt, amelynek közlése a Szolgáltatás szerződésszerű
teljesítéséhez szükséges.",4
4.5. A regisztráció során az adatok kitöltésekor figyelni kell az adatok pontos és valóságnak megfelelő megadására. Kötelezően megadandó adatok esetén a formai ellenőrzés automatikusan megtörténik. Az adatok kitöltése után fontos a megadott adatokat ellenőrizni és jóváhagyni. Ezt követően kerülhet sor a regisztráció elektronikus továbbítására.,4
"A pótmunkák elszámolására a végszámlában kerülhet sor, kivéve, ha a felek ettől eltérően állapodnak meg.  ",4
"9.2. A Szerződés előkészítése, megkötése és teljesítése során a személyes adatok kezelése az Európai Parlament és a Tanács, a természetes személyeknek a személyes adatok kezelése tekintetében történő védelméről és az ilyen adatok szabad áramlásáról, valamint a 95/46/EK irányelv hatályon kívül helyezéséről szóló (EU) 2016/679 Rendelete (a továbbiakban: GDPR), továbbá az információs önrendelkezési jogról és az információszabadságról szóló 2011. évi CXII. törvény (a továbbiakban: Infotv.) rendelkezései alapján történik. A Felek kötelezettséget vállalnak arra, hogy az adatkezelés során a GDPR szerinti adatbiztonsági követelményeknek eleget tesznek, továbbá az érintettek jogainak és jogorvoslati lehetőségeinek legteljesebb figyelembevételével járnak el. Amennyiben Felek a fentiekben foglalt kötelezettségeiket megszegik, a szerződésszegéssel okozott teljes (közvetett és következményi) kárt (függetlenül attól, hogy az az érintett igényén vagy a Nemzeti Adatvédelmi és Információszabadság Hatóság (NAIH) hatósági határozatán és/vagy bírósági határozaton alapul) egymás felé megtéríteni kötelesek.",0
"Bevezető ár: A Webáruházban a könyvújdonságok első megjelenése előtt meghirdetett, és a megjelenésig, a Szolgáltató készletére kerülésig alkalmazott kedvezményes ár. A kedvezmény mértéke legfeljebb 20% (2024. október 1-je után legfeljebb 10%) a könyv várható Eredeti árához képest. A megjelenést és készletre kerülést követően a bevezető ár helyett az online ár lesz érvényes.",3
"A javasolt és felírt gyógyszerek rendelése az érvényes szakmai előírásoknak, protokolloknak, eljárásrendeknek megfelelően történik, a Pácienssel történt előzetes megbeszélés, felvilágosítás és egyeztetés után, figyelembe véve a Páciens eddigi kórelőzményét, alapbetegségeit azok kórlefolyását, a szövődményeket és az előzetesen nem várt, de esetlegesen kialakuló állapotromlást.",3
"3.18.4. A Termék eladása körében - apróhirdetések és Egyedi szállítás esetén is - az Eladónak lehetősége van a Vatera által, Felhasználói részére biztosított Vaterafutár szolgáltatás igénybevételére, amely a Vatera Szállítás igénybevétele hiányában is lehetővé teszi az eladott Termék kiszállítását.",2
"Az Előfizető nem jogosult a Szolgáltatást hálózati szolgáltatás nyújtására használni. A hálózati
szolgáltatás Előfizető általi nyújtása nem felel meg a rendeltetésszerű joggyakorlás követelményének,
mert a Szolgáltatást a Szolgáltató annak az Előfizető általi személyes igénybevétele céljából nyújtja, a
Szolgáltatás rendeltetése annak az Előfizetők általi személyes igénybevehetősége.",2
"5.6. A szállítást megelőzően a futárszolgálat e-mail és/vagy sms útján értesítést küld a Felhasználónak a kézbesítés várható időpontjáról, illetve a Felhasználó által megadott telefonszámon adategyeztetés céljából is megkeresheti. A Szolgáltató e-mail útján tájékoztatja a Felhasználót a csomag futárnak történő átadásáról.",4
7.1 A Ügyfél az „Adatlap” elnevezésű nyomtatványon adja meg a szolgáltatás használatára felhatalmazott természetes személy Felhasználókat és hozzáférési joguk terjedelmét.,3
"Amennyiben a páciens távkonzultációt nem a helyszínen egyenlíti ki, akkor van lehetőség átutalással is teljesíteni a számlát. Ehhez meg kell adnia a nevét, címét, hogy az átutalásos számlát ki lehessen állítani a nevére. Minden esetben előre ki kell fizetni a kért szolgáltatás díját, az utalás beérkezése után lehet megtartani a konzultációt.",4
"21. (1) A Kártyafedezeti Tükörszámla feltöltése kizárólag keret-átvezetéssel történhet - melyet erre irányuló megbízással a Szerződő fél kezdeményezhet a Kincstári számlavezető helynél - , vagy elektronikus megbízás benyújtásával.",2
"4.1. A webáruházban megjelenített termékek kizárólag online elektronikus úton a webáruházból rendelhetőek meg. A termékekre vonatkozóan megjelenített árak forintban értendők, tartalmazzák a törvényben előírt általános forgalmi adót, azonban nem tartalmazzák a Felhasználó által megadott szállítási címre történő szállítás költségét.",4
"Ha a küldemény elveszésének vagy megsemmisülésének ténye panaszkezelés keretében jut a Szolgáltató tudomására, és a panaszra adott – az elveszés vagy a megsemmisülés tényét megállapító – szolgáltatói (DPD) válasz megérkezésekor a fenti 6 (hat) hónapos igényérvényesítési határidőből harminc napnál már kevesebb van hátra, a határidő a válasz megérkezését követő harminc napig meghosszabbodik. ",1
"A Mobilalkalmazás szellemi tulajdonjoga (a továbbiakban ” Szellemi Tulajdon ”) a Bellozzo Kft.-t, továbbá a Mobilalkalmazást fejlesztő társaságot illeti meg. A Szellemi Tulajdonnak tilos bárminemű megsértése, bitorlása, másolása, átdolgozása és tilos azt bármilyen egyéb módon megsérteni, azt jogosulatlanul felhasználni, továbbadni, megterhelni, azzal bármilyen módon rendelkezni, visszaélni. A Mobilalkalmazást a felhasználók kizárólag a Szellemi Tulajdon tiszteletben tartásával jogosultak használni. A Bellozzo Kft. a Szellemi Tulajdonhoz fűződő szabályok, jogok megsértése esetén a felhasználót azonnali hatállyal eltiltja a Mobilalkalmazás használatától. A jogsértés további polgári és büntetőjogi lépéseket vonhat maga után.",2
Az egyes Előfizetői szolgáltatásokra a vonatkozó mellékletek értelemszerűen vonatkoznak.,3
"1. Az OTP Bank Nyrt. jogosult meggyőződni az Ügyfél, illetőleg képviselője személyazonosságáról. E célból kérheti, hogy az Ügyfél vagy képviselője személyazonosságát hitelt érdemlően igazolja.",3
"Szerzői jogok - A szerzői jogról szóló 1999. évi LXXVI. törvény (továbbiakban: Szjt.) 1. § (1) bekezdése értelmében a weboldal szerzői műnek minősül, így annak minden része szerzői jogi védelem alatt áll. . 16. § (1) bekezdése alapján tilos a weboldalon található grafikai és szoftveres megoldások, számítógépi programalkotások engedély nélküli felhasználása, illetve bármely olyan alkalmazás használata, amellyel a weboldal, vagy annak bármely része módosítható. A weboldalról és annak adatbázisából bármilyen anyagot átvenni a jogtulajdonos írásos hozzájárulása esetén is csak a  weboldalra való hivatkozással, forrás feltüntetésével lehet. A jogtulajdonos:  E.V.",1
"3.2 A hőátalakítással megvalósuló távhőenergia szolgáltatás az ellátás célja szerint lehet a TKSZ (a) 2.1.2.1. pontja szerinti fűtési célú (b) 2.1.2.2. pontja szerinti használati melegvíz szolgáltatási célú (vízfelmelegítés, vagy melegvíz szolgáltatás) távhőenergia szolgáltatás.",3
"Ajánlattétel: A „Megrendelés véglegesítése” gomb megnyomásával a Felhasználó ajánlatot tesz, mellyel fizetési kötelezettsége keletkezik, s melyre a megrendeléstől számított 48 órán belül e-mailben automatikusan visszaigazolást küldünk. A visszaigazolás minden esetben tartalmazza a rendelés azonosítóját, a választott átvételi és fizetési módot, a rendelés értékét, a szállítási feltételeket, termékmegnevezést és darabszámot, valamint a Felhasználó szállítási (név, cím, telefonszám) és számlázási (név, cím, ha van, törzsvásárlói kártyaszám) adatait. Amennyiben a visszaigazolás – mely tartalmazza a megrendelés feltételeit – nem érkezik meg, a fogyasztó mentesül az ajánlati kötöttség alól.",3
"Ön az Eladó hibás teljesítése esetén az Eladóval szemben kellékszavatossági igényt érvényesíthet a , valamint fogyasztói szerződés esetén a 373/2021 (VI.30.) Korm. rendelet szabályai szerint.",4
A kellékszavatossági igények sajátos szabályai digitális tartalom szolgáltatása esetén,4
"10.6.  Jelen általános szerződési feltételekben nem szabályozott kérdésekben a Polgári
Törvénykönyv, valamint a szerződés tárgya szerint vonatkozó szabványok és ipari,
ill. helyi szokványok az irányadóak.",1
"c) letelepedési vagy bevándorlási engedéllyel rendelkezik,",4
"87. A teljesítés időpontja az az időpont, amikor a Fogyasztó a terméket vagy szolgáltatást átveszi (az a birtokába kerül) vagy a digitális tartalom számára hozzáférhetővé válik (pl. megkapja a letöltéshez szükséges kódot) az Alzától vagy annak szerződött partnerétől (pl. posta/futárcég/csomagautomata/külső szolgáltató stb.).",3
"4.11. A Felhasználó e-mail-ben a megrendelés elküldését követően visszaigazolást kap. Amennyiben e visszaigazolás Felhasználó megrendelésének elküldésétől számított, a szolgáltatás jellegétől függő elvárható határidőn belül, de legkésőbb 48 órán belül a Felhasználóhoz nem érkezik meg, a Felhasználó az ajánlati kötöttség vagy szerződéses kötelezettség alól mentesül. A megrendelés és annak visszaigazolása akkor tekintendő a Szolgáltatóhoz, illetve a Felhasználóhoz megérkezettnek, amikor az számára hozzáférhetővé válik. A Szolgáltató kizárja a visszaigazolási felelősségét, ha a visszaigazolás azért nem érkezik meg időben, mert a Felhasználó rossz e-mail címet adott meg regisztrációja során, vagy a fiókjához tartozó tárhely telítettsége miatt nem tud üzenetet fogadni. Ez azt jelenti, hogy a rendelés feladását követően a vevő kap egy automatikus e-mailt a rendelés beérkezéséről és (később) egyet a várható szállítási időpontról. Ha ezzel kapcsolatban telefonos egyeztetés szükséges, az ügyfélszolgálat a +36 30 6352623-as telefonszámon érhető el. Az ügyfélszolgálat normál tarifával hívható.",2
"Amennyiben az Eladó, a Vevő teljesítése ellenére a Terméket/szolgáltatást nem adja át/nem nyújtja a Vevő részére, és ezt a Vevő a Vatera Ügyfélszolgálatán jelzi, vagy erről a Vatera egyéb módon (pl. vevői értékelések) tudomást szerez, a Vatera jogosult az Eladó hozzáférését a Vatera szolgáltatásai használatához részlegesen (pl. licitálások törlése, hirdetések törlése, stb.), vagy teljes egészében felfüggeszteni, illetve a Szolgáltatás nyújtását megtagadni addig, ameddig a tranzakciót (pl. az adásvételt) a Vevő sikeresnek, vagy teljesítettnek nem igazolja vissza.",4
"5.2.3.1. Extra szolgáltatás (eXtra): Az eXtra a hirdetés kiemelések és a többletszolgáltatások igénybevételéhez nélkülözhetetlen adminisztrációs rendszer, mely a járműhirdetési alapszolgáltatás elválaszthatatlan része. Az eXtra igénybevételének alapvető feltétele a Felhasználó hirdetőnek az Üzemeltetővel hatályban lévő járműhirdetési szerződése. Felhasználó hirdető a járműhirdetési szerződés megkötésével lesz jogosult az eXtra igénybevételére. Az eXtra használatára az Üzemeltető által biztosított internetes adminisztrátor felületen keresztül van lehetőség. A járműhirdetési szerződés megszűnése, korlátozása automatikusan az eXtra megszűnését, korlátozását eredményezi.",2
"3.17 A Bank minden elvárhatót megtesz annak érdekében, hogy az Ügyfél adatai – elektronikus úton történő adattovábbítás esetén - illetéktelen személyek részére ne lehessenek hozzáférhetőek. Az Ügyfél tudomásul veszi, hogy amennyiben valamely adat a Bank elvárható gondossága ellenére harmadik személy részére hozzáférhetővé válik, az ebből eredő kárért a Bankkal szemben igényt nem támaszt.",3
"Teljesárú menetjegy megvásárlásával megkötött személyszállítási szerződést a Szolgáltató az utas kérésére – ha a menetjegyet még nem használták utazásra – a menetjegy érvényességének lejártáig, illetve a meghatározott naptári napra és járatra kiadott menetjegy esetében a járat elindulása előtt a menetjegy érvényessége, az utazás célállomása vagy az útiránya tekintetében kezelési költség befizetésével módosítja. Kedvezményes árú menetjegy vagy más utazási igazolvány megváltásával létrejött személyszállítási szerződés csak akkor módosítható, ha az utazási kedvezmény, illetve a más utazási igazolvány igénybevétele, használata, az utazás időszaka, időpontja, utazási viszonylata vagy az utazások száma nem korlátozott. A lehetséges módosítások részleteit az Üzletszabályzat „IV. Jegyek és bérletek árusítása, menetjegy és bérlet árának visszatérítése” fejezet 7-9. pontjai tartalmazzák.",2
"Panasz: az Előfizetői szerződés alapján igénybevett elektronikus hírközlési szolgáltatás nyújtásával összefüggésben az Előfizető által tett olyan bejelentés, amely az Előfizetőt érintő egyéni jogsérelem vagy érdeksérelem megszüntetésére irányul és nem minősül Hibabejelentésnek, beleértve a Díjreklamációt is.",3
"A vásárlás megerősítésével Ön elismeri, hogy Ön felelős a rendelés teljes költségének megfizetéséért, beleértve a vámokat, adókat és a szállítási költségeket, ha szükséges. Eltérő rendelkezés hiányában az Európai Unióban a weboldalunkon euróban (€) vagy más helyi pénznemben feltüntetett árak tartalmazzák az alkalmazandó áfát és minden egyéb adót az alkalmazandó mértékben (kivéve a vámokat, amelyekre az alábbi külön rendelkezések vonatkoznak). A megvásárolt termékektől és a kiválasztott szállítási módoktól függően szállítási költségek merülhetnek fel, amelyeket a rendelés megerősítése előtt egyértelműen feltüntetünk a Ön számára.",3
f) az Előfizető/Igénylő személyazonosság igazolására alkalmas hatósági igazolványának típusa és száma;,2
"A gépek közötti (M2M) szolgáltatások nyújtására használt átviteli szolgáltatás (M2M szolgáltatás) olyan adatátviteli
előfizetői szolgáltatás, ahol a gépek közötti szolgáltatás az adatok és információk automatikus továbbítását foglalja
magában eszközök vagy szoftveralapú alkalmazások között, korlátozott emberi beavatkozással vagy anélkül. A
szolgáltatás vezeték nélküli, távolról történő adattovábbítás segítségével távoli méréseket és vezérlést tesz
lehetővé, kizárólag gépek, berendezések, eszközök és szenzorok között. Ide tartozik az elsődlegesen gépek közötti
adatátvitel megvalósítása érdekében történő elektronikus hírközlési szolgáltatás nyújtás, illetve a Szolgáltató által
megvalósított gépek közötti adatátvitelen alapuló komplex üzleti megoldások nyújtása, illetve üzemeltetése.
Az M2M szolgáltatás az Előfizető és Szolgáltató között létrejött Előfizetői Szerződés keretében vehető igénybe,
mely keretében az átviteli szolgáltatás Zárt Access Point Name (APN) vagy Nyílt Access Point Name (APN)
segítségével valósul meg.",1
"d. IP-cím tiltása: Amennyiben technikai visszaélés történik (pl. automatizált program használata, túlzott lekérdezések, adatbányászat), a Fogyasztó hozzáférése technikailag is korlátozható. ",3
3.2.3.2. A Bank az igényléskor a Számlatulajdonos rendelkezésére bocsátja az E-csatorna azonosítóját és átadja részére adatszolgáltatás igénybevételét ismertető Használati útmutatót.,2
"3.18 Az Ügyfél haladéktalanul köteles bejelenteni a Banknak, ha azt észleli, hogy a számlakivonaton jogosulatlan műveletet tűntettek fel. A reklamáció a Bankkal szembeni kötelezettségekre nem jelent halasztási lehetőséget. A bejelentést az Ügyfél írásban, a Bank bármely fiókjában megteheti.",2
"Az Ügyfél kötelessége, hogy az esetlegesen többször használt csomagolásról az összes korábbi csomagcímkét, matricát és más információt eltávolítsa, vagy azokat bármi egyéb módon olvashatatlanná tegye. Ennek elmulasztásából adódó minden hibáért, téves és/vagy késői kézbesítésért az Ügyfél viseli a felelősséget. ",4
"31.5. nem rendelkezik korábban kötött és fennálló DH1 Hitelszerződéssel,",4
"Ilyen hibás ár feltüntetése esetén Eladó felajánlja az Áru valós áron történő megvásárlásának lehetőségét, mely információ birtokában a Vevő eldöntheti, hogy megrendeli valós áron az Árut vagy nem él ezzel a lehetőséggel, amely esetben a Felek között nem jön létre szerződés.",4
"A Szolgáltató az Adatkezelési Tájékoztatóját (Adatvédelmi Szabályzatot) valamint az egészségügyi adatok kezelésére vonatkozó tájékoztatót a www.sportorvosikozpont.hu weboldalon közzéteszi. A Szolgáltató a Páciens előzetes hozzájárulásán alapuló adatkezelést minden esetben a hatályos jogszabályokban foglaltak maradéktalan betartásával, így különösen az információs önrendelkezési jogról és az információszabadságról szóló 2011. évi CXII. törvényben (Info. tv.) valamint a 1997. évi XLVII. törvény az egészségügyi és a hozzájuk kapcsolódó személyes adatok kezeléséről és védelméről szóló törvényben foglaltaknak megfelelően végzi.",0
"Egyedi Szállítás esetén a szállítás lebonyolításában, a vételár, szállítási- vagy egyéb díjak megfizetésében a Vatera nem működik közre, online bankkártyás fizetésre nincs lehetőség. A vételár, szállítási-, vagy egyéb díjak megfizetését az Eladó és a Vevő közvetlenül intézi egymás között, e tekintetben a hirdetésben foglaltak, illetve az Eladó és a Vevő megállapodása irányadó.",4
"127. Jótállás kötelezettje: A jótállás kötelezettje az Alza. Arra kérjük a Fogyasztót, hogy jótállási igény érvényesítése esetén a Fogyasztó kijavítási vagy csere igényét az Alzánál jelentse be. Az Alza a beszállító partnereivel (például gyártókkal) kötött szerződésében kijelölt javítószolgálatokkal és szak szervizekkel (pl. magyarországi hivatalos márkaszerviz) működik együtt a jótállási igények kezelése kapcsán. Az Alza tehát a hozzá beérkező jótállási igényeket a partnerei (javítószolgálatok és szak szervizek) felé továbbítja. A Fogyasztó jótállási igényét a jótállási jegyen feltüntetett javítószolgálatnál (pl. magyarországi hivatalos márkaszerviz) is bejelentheti, az Alzánál történő bejelentés esetén azonban az Alza könnyebben tudja a jogszabályból fakadó kötelezettségeit teljesíteni, ami így a Fogyasztó számára is előnyös lehet.",3
"(8) Díjat, jutalékot, egyéb költséget és a szerződés egyéb feltételeit csak akkor jogosult a Bank egyoldalúan, a Szerződő Fél számára kedvezőtlenül módosítani, ha a jelen ÁSZF 7. pontjában a Bank számára meghatározott feltételek, illetve körülmények megváltozása azt indokolttá teszi.",2
"2.5. Megengedett felhasználás: Felhasználó a Weboldal használatának megkezdésével ráutaló magatartással elfogadja magára nézve kötelezőnek, hogy az adott Weboldalt és az azon keresztül elérhető adatbázist, tartalmat kizárólag az alábbi nem kereskedelmi jellegű magáncélokra használhatja: i. Weboldal megtekintése; ii. Felhasználó termékeinek és szolgáltatásainak hirdetésére; iii. hirdetéshez kapcsolódó egyéb, az Üzemeltető által nyújtott szolgáltatás igénybevételére; iv. online navigálás más honlapokra az adott Weboldalon elhelyezett linkeken keresztül; v. a Weboldalon alkalmasint rendelkezésre bocsátott egyéb funkciók használata.",3
"Kérhet kijavítást vagy kicserélést, kivéve, ha az ezek közül az Ön által választott igény teljesítése lehetetlen vagy az Eladó számára más igénye teljesítéséhez képest aránytalan többletköltséggel járna. Ha a kijavítást vagy a kicserélést nem kérte, illetve nem kérhette, úgy igényelheti az ellenszolgáltatás arányos leszállítását, vagy – végső esetben – a szerződéstől is elállhat.",3
"1.16. Az ÁSZF módosításai csak a hatálybalépésüket követően alkalmazandóak, visszamenőleges hatállyal nem alkalmazandók a Felhasználó és az Üzemeltető közötti szerződésre, kivéve, ha jogi vagy szabályozási kötelezettségből fakad a módosítás, vagy a módosítás a Felhasználóra előnyös. A módosítás hatályba lépését követően feladott apróhirdetésekre és létrejövő szerződésekre a módosított feltételek irányadók.",3
"• Jelszó: a Felhasználó által a Regisztráció során megadott, a regisztrációhoz kötött Szolgáltatás igénybevételéhez szükséges egyedi jelszó.",4
"A Szolgáltató távkonzultációs szolgáltatás ellenértékének kifizetése esetén alkalmazza az átutalásos fizetést, illetve egyéb kivételes esetekben lehetőséget biztosít a Páciens részére, hogy a szolgáltatás ellenértékét átutalás útján fizesse meg.",4
"11.1. A webáruházak szerzői jogi műnek minősülnek. Tilos a Szolgáltató előzetes, írásos hozzájárulása nélkül a webáruházakban megjelenő tartalmak vagy azok bármely részletének letöltése (többszörözése), újra nyilvánossághoz történő közvetítése, más módon való felhasználása, elektronikus tárolása, feldolgozása és értékesítése.",4
6.11.  A fogyasztó kizárólag az áru visszaküldésének költségét viseli.,3
A fogyasztónak az Árut a kijavítás vagy kicserélés teljesítése érdekében a vállalkozás rendelkezésére kell bocsátania.,4
"10.2 A Bank az Ügyfél részére küldendő írásos értesítéseit postai úton, az igénylőlapon megjelölt értesítési címre, illetőleg elektronikus úton küldi. A Bank az értesítés kézhezvételének, illetve elektronikus út esetén hozzáférésének elmaradásáért és az ebből származó esetleges károkért felelősségét kizárja.",3
3.3.3. A Bankszámlanyitás dokumentációs feltételei,4
"6.2.10. Üzemeltető választása szerint a fizetési késedelemről, illetve fizetési felszólításról, a hirdetés törléséről, elérhetetlenné tételéről, valamint a hirdetési csomagjainak tartalmát és/vagy díját érintő változásokról jogosult a hirdető Felhasználót vagy az admin felületén elérhető, üzenetek címszó alatt vagy pedig e-mail formájában tájékoztatni.",3
"3.3.4.5. A Bankszámlaszerződés megszűnésekor a Számlatulajdonos és a Bank kölcsönösen elszámolnak a jelen ÁSZF rendelkezései szerint; a Bank számára meg nem fizetett díjak, kamatok, költségek, jutalékok összegei a Bankszámlaszerződés megszűnésének napján egy összegben esedékessé válnak.",3
7. A teljesítés helye A teljesítés helyét a Felek Egyedi Szerződéses Megállapodásban állapíthatják meg.,2
Az e-mailben visszaigazolt várható szállítási határidő lejárta vagy annak módosulása esetén Szolgáltató e-mailben tájékoztatja a Felhasználót a szállítás várható alakulásáról.,4
"Jogfenntartás, tulajdonjogi kikötés - korábban már úgy rendelt Árut, hogy azt a kiszállítás során nem vette át (ide nem értve azt az esetet, amikor elállási jogával élt), vagy az Áru nem kereste jelzéssel érkezett vissza az eladóhoz, az Eladó a megrendelés teljesítését a vételár és a szállítási költségek előre történő megfizetéséhez köti.",3
"11. Az Alza semmilyen esetben sem ad engedélyt az Alza adatbázisainak lemásolására vagy módosítására, forráskódjának visszafejtésére, a forráskódba való jogosulatlan beavatkozás tilos. Tilos bármilyen automatikus eszközzel (pl. botokkal) adatot gyűjteni a Webáruházból, és tilos bármilyen kísérlet a rendszer biztonságának megkerülésére. Tilos a Webáruház rendszerének bármilyen szándékos megzavarása, túlterhelése vagy jogosulatlan manipulálása.",3
"A Bank a szerződésben meghatározott díjat, jutalékot, egyéb költséget és a szerződés egyéb feltételeit érintő módosítását annak hatálybalépését legalább 60 nappal megelőzően, a Kincstár honlapján megjelent Hirdetményben teszi közzé.",2
"Szolgáltató vállalja, hogy a jelen ÁSZF rendelkezéseit, és a Weboldalon közzétett információkat magára nézve kötelezőnek ismeri el, és kötelezettségei szerződésszerű teljesítése érdekében úgy jár el, ahogy az az adott helyzetben általában elvárható. ",3
"A vasúti társaság az Üzletszabályzatát, valamint annak módosítását – a vasúti igazgatási szerv jóváhagyását követő nyolc napon belül – a honlapján teszi közzé. Az Üzletszabályzat módosítása esetén az e tárgyban közzétett hirdetmény tartalmazza a megváltoztatott szabályokat és a hatálybalépés napját is. Az Üzletszabályzat a vasúti társaság honlapján díjmentesen megtekinthető és onnan letölthető. A vasúti társaság valamennyi pénztárában, valamint a személyes ügyintézéssel is foglalkozó ügyfélszolgálati pontokon lehetővé teszi az Üzletszabályzatba való betekintést. Az Üzletszabályzat kivonatát a vasúti társaság a csak Vasút-villamos vasútállomásainak (megállóhelyeinek) kivételével a vasútállomásokon és megállóhelyeken hirdetményben teszi közzé. A Díjszabás, a Menetdíjtáblázat és a közszolgáltatás megrendelője által előírt utazási kedvezmények egyedi szabályai külön kerülnek kiadásra, ezeket a vasúti társaság honlapján közzéteszi, valamint biztosítja, hogy az utas - arra irányuló kérése esetén - a pénztáraknál és a MÁV Személyszállítási Zrt. személyes ügyintézéssel is foglalkozó ügyfélszolgálati pontjainál megtekinthesse. . Ezen kívül a Menetdíjtáblázatok utasokat érintő kivonatát a vasúti társaság − a csak Vasút-villamos vasútállomásainak (megállóhelyeinek) kivételével − a vasútállomásokon hirdetményben teszi közzé.",1
"3.19. Amennyiben a Vevő a Terméket nem veszi át, és arra a szolgáltatást nem veszi igénybe és ezt az Eladó a Vatera Ügyfélszolgálatán jelzi, vagy erről a Vatera egyéb módon (pl. eladói értékelések) tudomást szerez, a Vatera jogosult a Vevő hozzáférését a Vatera szolgáltatásai használatához részlegesen (pl. a licitindítás, licitálás, vagy hirdetésfeladás funkciókból, stb.), vagy teljes egészében felfüggeszteni, illetve a Szolgáltatás nyújtását megtagadni addig, ameddig a tranzakciót (pl. az adásvételt) az Eladó sikeresnek, vagy teljesítettnek nem igazolja vissza.",4
"A Szolgáltató a szolgáltatás minőségére vonatkozó célértékeket az Előfizető állandó szolgáltatás-hozzáférési
pontjához legalább 10/100 Mbit kapacitású ethernet hálózati kártya igénybevételével történő csatlakozásának
alapulvételével határozta meg. Az állandó szolgáltatás-hozzáférési ponthoz USB port igénybevételével való
csatlakozás a szolgáltatás tényleges átviteli sebességét jelentősen csökkentheti.
Az Előfizető az Előfizetői Hozzáférési Ponthoz kizárólag megfelelőség tanúsítással és megfelelő interfész-szel
rendelkező szabványos Végberendezést csatlakoztathat.",1
"21. A felhasználói fiók törlésével a Fogyasztó elveszíti a hozzáférést a Fiókban tárolt számlához, jóváíráshoz, egyéb dokumentumokhoz, valamint az elektronikus könyvtárához, beleértve az e-könyveket, hangoskönyveket és egyéb digitális tartalmakat.",4
"A díjon felül a Vállalkozó csupán a pótmunka ellenértékét számolhatja el, többletmunkavégzés alapján a Vállalkozónak díj nem jár. ",4
"47.1. A DH1 elektronikus ügyintézés útján történő igénylése elektronikusan kezdeményezhető az egyes felsőoktatási intézmények tanulmányi rendszerébe történő belépést követően, onnan való átirányítással a Diákhitel Direktben, illetőleg közvetlenül a Diákhitel Direktben vagy annak mobil alkalmazásában. A Diákhitel Központ a Hitelfevevő hiteligénylése során a tanulmányi rendszerből indított igénylés esetén ezen rendszerből, közvetlenül a Diákhitel Direktből indított igénylés esetén pedig a Központi Azonosítási Ügynök szolgáltatás – lakcímadat esetében a Személyiadat- és Lakcímnyilvántartás szolgáltatás - közhiteles nyilvántartásából veszi át a személyazonosító adatokat (név, születési hely és idő, anyja neve, valamint az állandó lakcím). Amennyiben a személyazonosító adatok a tanulmányi rendszerből kerültek átvételre, a Diákhitel Központ ezen adatokat egyezteti a fenti közhiteles nyilvántartásokkal.",1
(3) Kétoldalú szerződés módosítás során a módosított adatok feltüntetése mellett az Adatlap kitöltési útmutatója alapján kell eljárni.,4
"Ha a Szolgáltató az Előfizető által megadott adatok ellenőrzésekor azt tapasztalja, hogy az Előfizető
által megadott adatok és a személy- és adatellenőrzésre szolgáló adatbázisok vezetésére jogosult
mindenkor illetékes minisztérium vagy hatóság által szolgáltatott adatok eltérnek, az Előfizető által
megadott adatok nem az Előfizető valós adatai, azok nyilvánvalóan hamisak, a Szolgáltató az Előfizetői
Szerződést érvénytelennek tekinti.",3
"A díj mértéke a Küldemény súlyától és méretétől függ, adateltérés (az Ügyfél és a DPD mérése közötti eltérés) esetén a DPD által megállapított adatok az irányadóak. A DPD minden esetben kalibrált vagy hitelesített eszközt használ a súly és térfogat megállapítására. ",4
5. A kezelt adatok köre: név és e-mail-cím.,4
"7. A BKK fenntartja jogát az ÁSZF egyoldalú módosítására. Az ÁSZF módosítása esetén a BKK Zrt. a fenti határidőben az Alkalmazáson keresztül értesítés küldésével is tájékoztatja a Regisztrált felhasználókat az ÁSZF vonatkozó módosításáról, illetve arról, hogyan tudják elfogadni a változásokat. Ha az ÁSZF-módosítás hatályba lépését követően a Felhasználó tovább használja a Szolgáltatást, azáltal a módosított feltételek szerinti tartalommal elfogadja az új ÁSZF-et.",3
• Páciens által történő időpont módosítás:,4
"9.1. Az Áht. 53/A. § -ának  (2) bekezdése értelmében a költségvetési támogatások jogosulatlan
igénybevétele, jogszabálysértő vagy nem rendeltetésszerű felhasználása, továbbá a
támogatás  visszavonása (a Kedvezményezetti jogosultság megszűnése) esetén a
kedvezményezett a jogosulatlanu l igénybe vett költségvetési támogatás ügyleti kamattal,
késedelem esetén késedelmi kamattal növelt összegét köteles visszafizetni . Az
államháztartás központi alrendszerébe tartozó költségvetési szerv Kedvezményezettet
kamatfizetési kötelezettség nem terhe li.



11 9.2. Ha a Lebonyolító a nem államháztartás központi alrendszerébe tartozó
Kedvezményezett  esetében a támogatást  visszavonja , a Kedvezményezett az addig részére
folyósított támogatás összegét – az Áht. 53/A. § (2) bekezdés szerinti ügyleti kamattal növelt
összegben, késedelem esetén késedelmi kamattal – köteles az okiratszám megjelölésével a
Támogató 10032000 -01220328 -05020041  számú számlájára 30 napon belül
visszafizetni.

A kamatszámítás kezdő időpontja a támogatás folyósításának első napja, utolsó napja a
visszafizetési kötelezettség teljesítésének napja .",1
"9.1. Felek a Szerződés teljesítése során együttműködni kötelesek. Ennek során a Felek minden olyan akadályról vagy körülményről, amely a Szerződés teljesítése szempontjából lényeges, kötelesek egymást írásban haladéktalanul értesíteni.",4
"96. A termékek kiszállítását – attól függően, hogy a Fogyasztó milyen szállítási módot választott – az Alza vagy a szerződött partnerei végzik. A kiszállított termék átvétele során a Fogyasztó a szállító partner jelenlétében köteles meggyőződni arról, hogy valamennyi termék hiánytalanul átadásra került és az sérülésmentes. A Fogyasztó a sérült vagy hiányos csomag átvételét visszautasíthatja. Amennyiben a Fogyasztó a sérült vagy hiányos csomagot átveszi, arról az átvétel időpontjában a Fogyasztó köteles a szállító partnerrel együtt jegyzőkönyvet felvenni. Az Alza felhívja a Fogyasztók figyelmét, hogy kizárólag a szállító partner által jegyzőkönyvben rögzített esetben tudja elfogadni, hogy a csomag a szállítás során sérült meg. Kérjük, jelezze a hiányt / sérülést a szállító partnernek az átvételkor, azt vegyék jegyzőkönyvbe, majd arról tájékoztassa az Alza ügyfélszolgálatát is.",3
"Az Ügyfél mentesül az ajánlati kötöttség alól, ha késedelem nélkül, vagyis 48 órán belül nem kapja meg Szolgáltatótól az elküldött rendelésére vonatkozó külön elfogadó e-mailt.",4
A csomagok aktuális helyzete minden állomáson szkenneléssel rögzítésre kerül.  Ezek az állomások és a valós idejű státuszok megfelelő jogosultságok függvényében nyomon követhetők a DPD rendszerében.  ,4
"15.3. Az államháztartásról szóló 2011. évi CXCV. törvény (Áht.) 41. § (6) bekezdése alapján Vevő részéről olyan jogi személlyel nem köthető szerződés, illetve létrejött ilyen szerződés alapján nem teljesíthető kifizetés, amely szervezet nem minősül a nemzeti vagyonról szóló 2011. évi CXCVI. törvény (Nvtv.) 3. § (1) bekezdés 1. pontja alapján átlátható szervezetnek. Az Eladó köteles a Vevőt tájékoztatni, amennyiben a nevezett jogszabályhely alapján nem minősül átláthatónak. Amennyiben a jogviszony folyamán válna nem átláthatóvá, úgy ezen tényről az Eladó a Vevőt haladéktalanul köteles írásban értesíteni.",0
"1.16 A Szolgáltatásban megjelenített hirdetéseket és a látogatottság auditálását a Felhasználó nem blokkolhatja, ehhez segítséget nem kérhet és nem adhat a Felhasználói Tartalomban.",2
"19. A Szolgáltató a jogszabályban meghatározott feltételek szerint jogosult évente egyszeri, kamatmentes működési költségelőleget igényelni. A Szolgáltató a finanszírozási szerződés hatálya alatt esedékessé váló finanszírozási díjból harmadik személy javára történő engedményezésre a vonatkozó jogszabályban foglalt feltételek szerint jogosult.",1
Termékszavatossági igényét Felhasználó az áru gyártó általi forgalomba hozatalától számított két éven belül érvényesítheti. E határidő elteltével e jogosultságát elveszti.,4
"A vasúti társaság az utasokat jogaikról, kötelezettségeikről, az igénybe vehető szolgáltatásokról, annak díjairól, illetve az esetleges forgalmi akadályról tájékoztatja. A vasúti társaság a vonatok érkezési, indulási és tartózkodási idejéről, továbbá – a rendelkezésére álló adatok alapján – a vonat kimaradásáról és késéséről a kiszolgáló személyzet, illetőleg az állomási utastájékoztatási rendszer útján, valamint a honlapján folyamatos tájékoztatást nyújt.",3
"VI.3.2. Azon termékek esetében, melyek a magyarországi telephelyekről lettek kiszállítva, az ügyfélnek az alábbi címre kell a termékeket visszaküldenie: INTERSPORT eShop, INTERSPORT Digital Business GmbH, 2040 Budaörs, Kinizsi utca 5/a.",4
"Ha azonban a teljesítés a szerződés megszüntetése előtt meghatározott ideig szerződésszerű volt, az erre az időszakra járó ellenszolgáltatást nem kell visszatéríteni. Ez utóbbi esetben az ellenszolgáltatásnak azt a részét kell visszatéríteni, amely a nem szerződésszerű teljesítés időszakára vonatkozik, valamint azt a fogyasztó által előre megfizetett ellenszolgáltatást, amely a szerződés megszüntetésének elmaradása esetén a szerződés hátralévő időtartamára járt volna.",3
"b) a Felhasználó nem enged, segít vagy felbújt bármely harmadik személyt (akár haszonszerzési céllal, akár anélkül), hogy lemásolja vagy átalakítsa az Alkalmazás szoftverének objektumkódját, szoftverforráskódját; hogy az eredeti alapján újraalkossák, visszafejtsék, módosítsák vagy megkíséreljék felfedni az Alkalmazás bármely részének forráskódját; és",2
"Az Ügyfél felelős annak biztosításáért, hogy a szállítási dokumentumok hibamentes tartalommal, megfelelően csatolva legyenek.  ",4
"Szolgáltatáscsomag: olyan csomag, amely több elektronikus hírközlési szolgáltatásból, egy vagy több elektronikus hírközlési szolgáltatásból és elektronikus hírközlő végberendezésből, vagy elektronikus hírközlési szolgáltatásból és más szolgáltatásból áll, és amelyet a szolgáltató ugyanazon szerződés vagy egymással szorosan összefüggő szerződések keretében nyújt vagy értékesít az Előfizetők számára.",2
"2.2 A Moderáció célja a Szolgáltatás üzemszerű működésének biztosítása, a Felhasználói Tartalmak jelen ÁSZF-nek és hatályos jogszabályoknak való megfelelésének garantálása és a kulturált hangnemű, konstruktív kommunikációs légkör fenntartása.",2
"16.1 Alkalmazási engedély. A Feltételek betartása mellett korlátozott, nem kizárólagos, nem átruházható, nem allicencelhető, visszavonható engedélyt adunk Önnek a Temu mobilalkalmazás („Alkalmazás”) egy példányának letöltésére, telepítésére és használatára az Ön tulajdonában vagy ellenőrzése alatt álló eszközön vagy számítógépen, kizárólag személyes vagy nem kereskedelmi használatra. Továbbá az Apple App Store-on keresztül elérhető vagy onnan letöltött bármely Alkalmazás („Apple App Store-ból származó Alkalmazás”) tekintetében Ön az Apple App Store-ból származó Alkalmazást csak (a) Apple márkájú, iOS-t (az Apple saját operációs rendszerét) futtató terméken, és (b) az Apple App Store szolgáltatási feltételeiben meghatározott „Használati szabályok” által megengedett módon használhatja. A jelen szakasz első mondatának rendelkezéseitől függetlenül, bármely Apple App Store forrásból származó Alkalmazás vagy a Google Play Áruházon keresztül elérhető vagy onnan letöltött bármely Alkalmazás („Google Play forrásból származó Alkalmazás”) tekintetében Ön további jogokkal rendelkezhet az Alkalmazáshoz való hozzáférés és az Alkalmazás használata tekintetében, amelyek a tömeges vásárlásra vonatkoznak, vagy az Apple márkájú termékeken családi megosztáson keresztül, vagy az Ön által kijelölt családi csoportban történő közös használat esetében, a vonatkozó Apple vagy Google feltételek és az Ön kapcsolódó beállításai szerint.",0
"2.5 Az Ügyfél a Bankkal szemben, a jelen ÁSZF alapján keletkező valamennyi fizetési kötelezettségének köteles esedékességkor, illetve felmerülésekor eleget tenni. A Bank jogosult arra, hogy az Ügyféllel szemben keletkező követelését az Ügyfél banknál vezetett bármely számlájával szemben elszámolja, illetve az Ügyfél egyéb számláján alapuló, vagy a Bankkal szemben egyébként fennálló követelésébe beszámítsa.",2
"• ÁSZF: A jelen Általános szerződési feltételek mellékleteivel együtt, beleértve ezen ÁSZF mindenkori módosításait is.",3
"a) A Bank forrásköltségeinek változása/pénzpiaci forrásszerzési lehetőségek változása, így különösen, de nem kizárólagosan:",3
A csomagok súlyát a webáruház automatikusan számolja  a feltöltött adatok alapján. Bizonyos termékek súlya a csomagolás nehézségei miatt korrigálásra kerültek. Ezzel kapcsolatosan reklamációt nem fogadunk el. ,3
"4.7. Amennyiben a Vállalkozás egyedi rendelésében szereplő egy vagy több tételt a gyártó rajtunk kívül álló okból nem tud teljesíteni, úgy a szerződés részteljesítése történik, a teljesíthető tételek kiszállításra kerülnek, azok lemondása nem lehetséges, a szerződéstől való elállás ki van zárva.",4
"n) Az előfizetői panaszok, díjreklamációk és kártérítési igények kezelésének folyamata, tájékoztatás az elektronikus hírközlési szolgáltatással összefüggő jogviták peres és peren kívüli kezdeményezésének lehetőségéről és feltételeiről, a békéltető testülethez való fordulás jogáról, az eljárásra jogosult hatóságok, békéltető testület és egyéb szervezetek megnevezése, elérhetőségeik - cím, telefonszám, egyéb elérhetőség - feltüntetése, valamint a határon átnyúló jogvitarendezésre vonatkozó szabályok ismertetése, valamint az ÁSZF Törzsrész 6.2. pontjában és 1. sz. mellékletében található meg.",1
"A Szolgáltatót termékeire vonatkozóan a Polgári törvénykönyv és a 151/2003. (IX. 22.) Korm. rendelet alapján jótállási kötelezettség terheli, amely azt jelenti, hogy a jótállás időtartama alatt a felelősség alól csak akkor mentesül, ha bizonyítja, hogy a hiba a termék nem rendeltetésszerű használatára vezethető vissza.",1
"10.5.  Szerződést csak kétoldalúan és cégszerűen aláírt megállapodással – az
alapszerződés alakiságainak megtartásával – lehet érvényesen módosítani, illetve
kiegészíteni.",2
"3.1.3. Az Ügyfél papír alapú Fizetési megbízást személyesen a Bank ügyfélforgalom számára nyitva álló hivatalos helyiségében, annak Hirdetményben közzétett nyitvatartási ideje alatt, telefaxon minden nap 0-24 óráig, Gránit Netbank, Gránit eBank, Gránit Ügyfélterminál elektronikus csatornákon keresztül adott megbízást adhat a vonatkozó szerződés megkötése esetén. Az Ügyfél telefonos azonosítással, Gránit Telebank szolgáltatáson keresztül, illetve a Gránit VideóBank szolgáltatáson keresztül is jogosult Fizetési megbízást adni az adott elektronikus szolgáltatás igénybevételére vonatkozó szerződés megkötése esetén a vonatkozó, mindenkor hatályos Hirdetményben közzétett nyitvatartási időszak alatt. A Fizetési megbízások Bank általi átvételére kizárólag a Bank által külön Hirdetményben közzétett, az adott Fizetési megbízástípushoz tartozó átvételi határidő szerint kerül sor. A Banki munkanap záró időpontját megelőző – mindenkor hatályos vonatkozó Hirdetményben közzétett – adott Fizetési megbízástípushoz tartozó átvételi határidőn belül beérkezett Fizetési megbízásokat – jogszabály, vagy az Ügyfél eltérő rendelkezése hiányában – az átvétel sorrendjében, haladéktalanul feldolgozza. A Bank a Fizetési megbízás beérkezésekor a megbízás adatai mellett a fizetési megbízás beérkezésének időpontját (év, hó, nap, óra, perc; azonnali átutalási megbízás esetén év, hó, nap, óra, perc, másodperc, ezredmásodperc) is rögzíti és tárolja. A Fizetési megbízás átvétele a beérkezés sorrendjében történik. A Fizetési megbízás Bankhoz történő beérkezése időpontjának a Bank általi érkeztetési időpontot (év, hó, nap, óra, perc) kell tekinteni. Az érkezés sorrendjére a Bank nyilvántartása az irányadó. Az adott megbízástípushoz tartozó, aznapi átvételre meghirdetett végső időpontot követően érkezett megbízások a következő munkanapon átvett megbízásnak minősülnek. A Fizetési megbízás kötegenként is benyújtható, ha az egyes fizetési megbízások összetartozása egyértelműen megállapítható.",1
"Amennyiben az Utasleadási lap kiállításához az utas a személyazonosításra alkalmas igazolványát nem adja át, az adatrögzítéshez a vasúti társaság rendőri intézkedést kér. Ha a helyszínen nem lehetséges az igazoltatott személy (utas) személyazonosságának megállapítása, úgy a rendőrség az utast a legközelebbi rendőrőrsön előállítja és a személyazonosítását ott végzi el. A vasúti társaság a hatósági intézkedés szükségessé válása miatt az utas terhére pótdíjfizetési kötelezettséget állapít meg.",2
"6.1. A megrendelések feldolgozása nyitvatartási időben történik. A megrendelés feldolgozásaként megjelölt időpontokon kívül is van lehetőség a megrendelés leadására, amennyiben az a munkaidő lejárta után történik, az azt követő napon kerül feldolgozásra. Szolgáltató ügyfélszolgálata minden esetben elektronikus úton visszaigazolja, hogy mikor tudja teljesíteni a megrendelését.",4
"A teljesítéstől számított 1 éven belül a kellékszavatossági igénye érvényesítésének a hiba közlésén túl nincs egyéb feltétele, ha a fogyasztónak minősülő Megrendelő igazolja, hogy a terméket, illetve a szolgáltatást a Szolgáltató nyújtotta, kivéve, ha a hiba jellege vagy a dolog természete eleve kizárja azt, hogy a hiba már a teljesítés időpontjában is fennállt. A teljesítéstől számított 1 év eltelte után azonban már a fogyasztónak minősülő Megrendelő köteles bizonyítani, hogy a Megrendelő által felismert hiba már a teljesítés időpontjában is megvolt.",2
"Bizonyos, csak díj ellenében kínált fizetési módok (pl. fizetés utánvéttel) használatának többletköltségei nem kerülnek visszatérítésre.",4
"Ha annak megkezdése előtt az előadás vis maior miatt lemondásra kerül és elmarad, úgy a teljesítés lehetetlenné válása okán a szerződés megszűnik. Az előadás ilyen módon történő elmaradása esetén a MÁO, a Vevő választása szerint, a megvásárolt jegy vételárát visszatéríti vagy más előadásra becseréli. A MÁO minden tőle elvárhatót megtesz annak érdekében, hogy az előadás esetleges elmaradása esetén a Vevőt, illetve a Látogatót tájékoztassa és a jegyek visszaváltását vagy becserélését elősegítse. A MÁO közzéteszi a www.opera.hu honlapján a jegyvisszaváltásra vagy cseréjére vonatkozó információkat. A visszaváltásra vagy cserére a MÁO által megadott időben, a meghirdetéstől számított 30 napos jogvesztő határidőn belül, az eredeti jegy és a vásárlást igazoló bizonylat felmutatása mellett van lehetőség. A visszaváltás a jegy teljes árán történik, a jegy árán felül a MÁO semmilyen további költség vagy kár megtérítésére nem köteles.",1
"g) Az Előfizetőt, illetve a Fogyasztót megillető elállási és felmondási jogról, valamint az ezekhez kapcsolódó további rendelkezésekről szóló tájékoztatás Törzsrész 9.5.2. pontjában találhatók meg.",4
"3. Az OTP Bank Nyrt. elvárható gondossággal vizsgálja a személyazonosság, a képviseleti jogosultság vagy a meghatalmazás igazolására bemutatott okmányokat. Ezek valódiságáért, illetőleg hamis vagy hamisított voltának gondos vizsgálata melletti fel nem ismerhetőségéért nem vállal felelősséget. Az OTP Bank Nyrt. nem felel az elvárható gondos vizsgálat során sem felismerhető hamis vagy hamisított megbízás teljesítésének következményeiért.",2
"Megbízó/hajóvezető figyeli az adott térségre kiadott napi időjárás-előrejelzést, megfelelő időjárási körülmények, jó látási viszonyok között hajózik.",3
"3. Amennyiben a Felhasználó a Felhasználói fiókjában a Személyes adatok menüponton belül, a Feliratkozom a hírlevélre jelölőnégyzetben lévő pipát kiveszi, illetve a hírlevélben (e-mail) található „Amennyiben a jövőben nem szeretnéd megkapni a hírleveleinket, bármikor leiratkozhatsz az e-mailben található linkre kattintva vagy az Alkalmazáson belül a felhasználói fiókodba lépve” linkre kattint, visszavonja, módosítja a hírlevélre feliratkozást.",4
"A Helyhez kötött és Műsorterjesztés előfizetői szolgáltatás esetén az egyes szolgáltatási csomagokra és azok
mellett igénybe vehető kiegészítő / prémium szolgáltatásokra külön Előfizetői Szerződések jönnek létre, melyek
megkötésének és hatályban tartásának feltétele valamely szolgáltatási csomagra vonatkozó Előfizetői Szerződés
megléte. A kiegészítő / prémium szolgáltatásra vonatkozó Előfizetői Szerződés megszűnése a Helyhez kötött és
Műsorterjesztés előfizetői szolgáltatásra kötött Előfizetői Szerződés hatályát nem érinti.",4
"Egyedi hirdetési szerződéssel rendelkező Felhasználó: Olyan Kereskedő vagy Magánszemély Felhasználó, aki Üzemeltetővel egyedi megrendelőlap aláírásával, egyedi hirdetési szerződést kötött Üzemeltető Szolgáltatásainak igénybevételére.",2
"Szállítási díj: A szállítási díjat a teljes rendeléstől való elállás esetén térítünk vissza azzal, hogy amennyiben a vásárló nem a legkisebb költséggel járó szállítási módot választotta, úgy az ebből származó többletköltséget (a legolcsóbb és a választott szállítási mód díjazása közötti eltérés) a Szolgáltató nem téríti vissza. Elállás esetén a vásárlót kizárólag a termék visszaküldésének költsége terheli.",3
"c.        több tételből vagy darabból álló termék adásvételére vonatkozó szerződés esetében attól a naptól számított 14 nap elteltével jár le, amelyen Ön vagy az Ön által megjelölt, a fuvarozótól eltérő harmadik személy az utolsó tételt vagy darabot átveszi.        ",2
34. Az Alza az online áruhitelt a Magyar Cofidis Expressz Zrt. hitelközvetítőjeként kínálja a Fogyasztóknak. A közvetített pénzügyi szolgáltatás (a továbbiakban: „áruhitel”) részleteiről az alábbi aloldalon nyújtunk tájékoztatást: https://www.alza.hu/reszletfizetesi-lehetoseg .,4
"c) nem próbál meg semmilyen kódot vagy terméket beilleszteni, hogy manipulálja az Alkalmazáson keresztül elérhető tartalmakat bármilyen módon, ami a felhasználói élményt bárhogyan is befolyásolja.",4
"3.4. A Szolgáltatót nem terheli felelősség az abból adódó károkért, ha Felhasználó a jelszavát elfelejti, vagy az illetéktelenek számára bármely, nem a Szolgáltatónak felróható okból hozzáférhetővé válik.",4
A sorozatkezeléssel kapcsolatos együttműködési kötelezettség megsértésének tényét a Szolgáltató a Páciens egészségügyi dokumentációjában feltüntetheti.,3
8.1. Fogyasztó és Szolgáltató közötti szerződésben a felek megállapodása a rendelet rendelkezéseitől a fogyasztó hátrányára nem térhet el.,2
"a) automatikusan, a jogviszonnyal összefüggő vagy a Bank, illetve Kincstár tevékenységét érintő jogszabályok, továbbá a Bankra vagy Kincstárra, illetőleg a Szerződő félre kötelező érvényű egyéb szabályozó eszközök változásával,",3
"Aki e személyeket jogszerű eljárásukban erőszakkal vagy fenyegetéssel akadályozza, intézkedésre kényszeríti vagy eljárása alatt, illetőleg emiatt bántalmazza, bűntettet követ el, egy évtől öt évig terjedő szabadságvesztéssel büntetendő (Btk. 310.§ 1. pont).",3
"Magyarországon ezenkívül a panaszával a lakóhelye vagy tartózkodási helye szerint illetékes magyar kormányhivatalhoz mint fogyasztóvédelmi hatósághoz, illetve a választása szerinti magyar békéltető testülethez fordulhat. A fogyasztói békéltető testületek előtt folyó vitarendezési eljárásokban azonban nem vagyunk kötelesek és nem is áll szándékunkban részt venni.",4
"Aukciós értékesítés során az ellenérték lehet: - az eladó által megjelölt fix ár, - a legmagasabb licit értéke, amely elérte, vagy meghaladta a minimálárat, - minimálár megjelölésének hiányában: a legmagasabb érvényes licit.",3
"5. A finanszírozási szerződés csak olyan - az ÁSZF rendelkezéseit elfogadó - szolgáltatóval köthető, amely az Egészségbiztosítási Alap terhére igénybe vehető egészségügyi szolgáltatások nyújtására jogosító jogerős vagy azonnal végrehajtható működési engedéllyel rendelkezik és megfelel minden, a jogszabályokban foglalt szerződéskötési feltételnek.",2
"2.4 A Bank a szolgáltatások igénybevételéért a Hirdetményben meghatározott díjakat, költségeket vagy jutalékokat számítja fel. A Bank jogosult az esedékes díjakat, jutalékokat illetve költségeket a Hirdetményben meghatározott időpontban az Ügyfél bankszámlájára terhelni. A Hirdetményben közzétett díjak, költségek, jutalékok nem tartalmazzák a szolgáltatások igénybevételével végrehajtott tranzakcióknak a vonatkozó Hirdetményben meghatározott mértékű díjait, költségeit, jutalékait.",3
"Bizonyos Belépőjegyek csak bizonyos felhasználó kört jogosítanak fel a belépésre (gyermekjegy, nyugdíjas jegy, szakmai jegy stb.) A jogosultság meglétét a Szolgáltató a vásárláskor nem vizsgálja. A Rendezvényszervező a biztonsági szolgálaton keresztül jogosult annak ellenőrzésére, hogy a Belépőjegy felmutatója jogosult-e a speciális belépőjegy használatára. A belépés mindaddig megtagadható, amíg a használat jogosultságát a belépőjegy felmutatója nem igazolja. Az ilyen indokból történő kizárás esetén a jegy Vásárlója, illetve a Belépőjegy felmutatója kártérítésre nem jogosult.",2
"5.1. Az Eladó a Vevő beszerzéseit kezelő informatikai rendszere által generált megrendelés elfogadását követően köteles a megrendelés elfogadásának megfelelő teljesítésre az annak megfelelő mennyiségben, minőségben, határidőben és az abban meghatározott ellenérték fejében.",3
"A Szolgáltatás tekintetében a Szolgáltató által a Helyhez kötött és a Mobil internet-hozzáférési szolgáltatások
tekintetében vállalt és alkalmazott szolgáltatásminőségi célértékeket a 13/2011. (XII. 27.) NMHH rendelet
előírásainak megfelelően az ÁSZF 6. számú mellékletében tünteti fel, ezt meghaladóan a Szolgáltató a
Szolgáltatása tekintetében egyéb minimális minőséget nem vállal.",1
"5.1 A Bank tulajdonát képező, a szolgáltatás igénybevételéhez szükséges olvasó külső, nyilvános helyen történő üzemeltetése esetén az Ügyfél/Felhasználó köteles a rendelkezésre bocsátott olvasót rendeltetésének megfelelően használni, annak állagát, épségét megőrizni. Az üzemeltető és az Ügyfél/Felhasználó egyetemlegesen köteles az ennek során az olvasóban bekövetkezett károkat a Banknak megtéríteni. A térítési összeget a Hirdetmény tartalmazza. Az olvasó külső, nyilvános helyen történő használata során az Ügyfél/Felhasználó köteles a Bank által az üzemeltető rendelkezésére bocsátott telepítési útmutató szerint eljárni, az abban meghatározott előírásokat betartani.",0
"A vásárolandó áruk lényeges tulajdonságait, jellemzőit, az áruk használatára vonatkozó utasításokat a konkrét árucikk információs oldaláról lehet megismerni azzal, hogy az áru részletes tényleges tulajdonságait a termékhez mellékelésre kerülő használati utasítás tartalmazza. A Szolgáltató szerződésszerű teljesítésének minősül, ha a termék a weboldalon vagy a használati utasításban nyújtott tájékoztatásnál kedvezőbb, előnyösebb tulajdonságokkal rendelkezik. Ha a vásárlás előtt az áruval kapcsolatban kérdése merülne fel, ügyfélszolgálatunk készséggel áll rendelkezésére. Amennyiben a Weboldalon található bármely áru minőségével, alapvető tulajdonságával, használatával, használhatóságával kapcsolatban, a weboldalon közölteknél több információra van szüksége, kérjük, forduljon ügyfélszolgálatunkhoz, melynek adatait, elérhetőségét a szerződés elején talál.",1
"18. A finanszírozási díj a szolgáltatások fedezetéül szolgál és azt a vonatkozó jogszabályok szerint a Szolgáltató köteles elkülönítetten kezelni, illetve annak felhasználását olyan bizonylatokkal igazolni, amely megfelel a vonatkozó jogszabályban a közpénzek felhasználásával kapcsolatos bizonylatokkal szemben támasztott követelményeknek, valamint olyan módon nyilvántartani és tovább részletezni, hogy abból a vonatkozó jogszabályban meghatározott – közpénzek felhasználására vonatkozó – adatok rendelkezésre álljanak.",2
"4.4 A promóciós utalványok csak a rendelési folyamat befejezése előtt válthatóak be. Az utalványok utólagos alkalmazására nincs lehetőség. Az akciós utalványok harmadik félre való átruházása nem lehetséges. Eltérő megállapodás hiányában, több promóciós utalvány együttes alkalmazása nem lehet lehetséges.",3
"A Szolgáltató dönthet kedvezmények, akciók felkínálásáról, amelyek a havi- vagy egyszeri díjakat érinthetik. A Szolgáltató a kedvezmények, akciók mértékét és részvételi feltételeit közzéteszi. Az Előfizető egyszerre csak egy kedvezmény igénybevételére jogosult. A jelen pontban foglaltak alkalmazása szempontjából kedvezménynek kizárólag az az ÁSZF 7. számú mellékletében (Akciók) és a szerződéses nyilatkozatokban, feltételekben, dokumentációban kifejezetten ilyenként megjelölt feltételek minősülnek.",4
b. a termék visszaküldésének közvetlen költségét Ön viseli.,4
"A Vatera által indított promóciós/jótékonysági aukciók esetén - az aukciót a Vatera, az adott aukcióra közölt feltételek mellett zárttá teheti, amely esetben az aukción kizárólag az aukcióra jelentkező és az aukciót indító eladó felhasználó által elfogadott felhasználók vehetnek részt; - a licitálókat közvetlenül telefonon megkeresheti és legalább kétszeri sikertelen telefonos kapcsolatfelvétel esetén a felhasználó licitjét indokolás, előzetes értesítés nélkül törölheti; - a kirívóan magas és/vagy visszaélésszerűen megtett liciteket törölheti.",2
"128. Jótállás jogosultja: A jótállást a termék (fogyasztónak minősülő) tulajdonosa érvényesítheti jótállási jeggyel, tehát a jótállásra való jogosultság a termékkel együtt átruházható.",4
"3.1 A Bank biztosítja az Ügyfél/Felhasználó részére – igényének megfelelően – a Bank tulajdonát képező, a szolgáltatás igénybevételéhez szükséges eszközöket: az e-bank azonosító kártyát és az Olvasót, valamint az ezek használatát bemutató telepítési útmutatót. A szolgáltatás igénybevételét segítő felhasználói kézikönyv lakossági e-bank szolgáltatás esetén a https://ebank.khb.hu/lakossag, trambulin e-bank szolgáltatás esetén a https://ebank.khb.hu/trambulin, míg vállalkozói e-bank szolgáltatás esetén a https://ebank.khb.hu/vallalat oldalon tölthető le. Az olvasó a Bank tulajdonát képezi, az Ügyfél/Felhasználó, mint birtokos azt csak használatba kapja.",2
"125. Jótállási idő kezdete: A jótállási határidő a fogyasztási cikk Fogyasztó részére történő átadása napján, vagy ha az üzembe helyezést az Alza vagy annak megbízottja végzi, az üzembe helyezés napjával kezdődik. Az Alza a termék üzembehelyezését (az Alzánál ún. alapvető telepítési szolgáltatás) csak bizonyos termékkörök (pl. mosógép, mosogatógép, hűtőgép stb.) esetén végzi külön díjazás ellenében. Ezen szolgáltatásunkról bővebben az alábbi oldalon nyújtunk tájékoztatást https://www.alza.hu/haztartasi-nagygepek-kiszallitasa. Ezenkívül az Alza által végzett üzembehelyezésnek minősül az ún. új eszközök első indítása szolgáltatást is, melyet az Alza új informatikai eszközök megvásárlása esetén biztosít. E szolgáltatásról bővebb tájékoztatást az alábbi oldalon nyújtunk: https://www.alza.hu/first-start-szolgaltatas-es-a-szamitogep-beallitasa. Ha a Fogyasztó a fogyasztási cikket az átadástól számított 6 hónapon túl helyezi üzembe, akkor a jótállási határidő kezdő időpontja a fogyasztási cikk átadásának napja.",2
"15.4. Jelen Szerződés előkészítése, megkötése és teljesítése során a személyes adatok kezelése és – amennyiben adattovábbításra kerül sor - az adatok továbbítása, az Európai Parlament és a Tanács (EU) 2016/679 Rendelete a természetes személyeknek a személyes adatok kezelése tekintetében történő védelméről és az ilyen adatok szabad áramlásáról, valamint a 95/46/EK irányelv hatályon kívül helyezéséről (a továbbiakban: általános adatvédelmi rendelet), továbbá az információs önrendelkezési jogról és az információszabadságról szóló 2011. évi CXII. törvény (továbbiakban: Infotv.), valamint ezen felül a MÁV Zrt. részéről az Adatvédelmi és adatbiztonsági szabályzata alapján történik. A MÁV Zrt. és az Eladó kötelezettséget vállal arra, hogy az adatkezelés során az általános adatvédelmi rendelet szerinti adatbiztonsági követelményeknek eleget tesz, továbbá az érintettek jogainak és jogorvoslati lehetőségeinek legteljesebb figyelembevételével jár el. Amennyiben az Eladó a fentiekben foglalt kötelezettségeit megszegi, a szerződésszegéssel okozott teljes (közvetett és következményi) kárt (függetlenül attól, hogy az az érintett igényén vagy a NAIH hatósági határozatán és/vagy bírósági határozaton alapul) a MÁV Zrt. felé megtéríteni köteles.",0
"1.2. A jelen Erste Lakossági Banki Szolgáltatások Általános Szerződési Feltételek (továbbiakban: ÁSZF) rendelkezései mind az Ügyfélre, mind a Bankra nézve kötelezőek, de az egyes szolgáltatások kapcsán – a jogszabályok keretein belül – azoktól kölcsönös egyetértéssel, írásban el lehet térni.",4
"2.2.2. Online fizetés esetén, ha Vatera Vevővédelem nem elérhető, a tranzakció akkor minősül sikeresnek és a Társaság azt követően válik jogosulttá a jutalékra, miután a Vevő a Terméket átvette. A Vevő által megfizetett vételár először a Társaság letéti számláján kerül jóváírásra, majd miután a Vevő a Terméket átvette, a vételárból levonásra kerül a jutalék összege, a vételárból fennmaradó összeg pedig átutalásra kerül az Eladó felhasználói fiókjában megadott bankszámlára. A Felhasználó a jutalék jelen pont szerinti levonásához a jelen ÁFF elfogadásával kifejezetten hozzájárul. Amennyiben a tranzakció lezárultát követően az adásvétel a Vevő 14 napon belüli elállási joga, szavatossági jogai gyakorlása következtében meghiúsul, a Vatera az Eladónak az Ügyfélszolgálat részére küldött kérelme alapján egyedileg mérlegelheti a jutalék iránti igényétől való elállását és a jutalék összegének az Eladó részére történő visszatérítését.",2
"135. Jótállási igények kezelésével kapcsolatos speciális határidők: Amennyiben a Fogyasztó a fogyasztási cikk meghibásodása miatt a vásárlástól számított három munkanapon belül érvényesít csereigényt az Alza köteles a fogyasztási cikket kicserélni, amennyiben a meghibásodás a rendeltetésszerű használatot akadályozza.",3
"3.2 Az Ügyfél köteles a Bank által rendelkezésére bocsátott olvasót és e-bank azonosító kártyát rendeltetésének megfelelően használni, annak állagát, épségét megőrizni. Az Ügyfél köteles az olvasóban bekövetkezett károkat a Banknak, a Hirdetmény szerint megtéríteni. Az olvasó és az e-bank azonosító kártya használata során az Ügyfél köteles a Bank által a rendelkezésére bocsátott telepítési útmutató szerint eljárni, az abban meghatározott előírásokat betartani.",3
"2.5.  A Felhasználó az a személy, aki a webshop weboldalát megnyitja, és ott elfogadja a webáruházra vonatkozó szabályzatokat.",4
1.1 A www.zalando.hu oldalon online leadott megrendelések esetén kizárólag magyar nyelvű szerződéseket kötünk. A kívánt nyelvet a weboldal fejlécében elhelyezett nyelvválasztó segítségével vagy a mobilalkalmazás 'My Account' menüpontjában választhatja ki.,4
"Csomagponton történő feladás esetén nem lehet felülbiztosítást kötni, kivéve azt az esetet, ha PickApp szolgáltatás használatával történik a megrendelés, mert ekkor köthető felülbiztosítás (mind csomagpontos, mind depóban, mind otthoni feladás esetén is). ",2
"A megvásárolt termék leírásában szereplő – Szolgáltató által feltüntetett – hibákra, hiányosságokra a termékszavatosság/kellékszavatosság nem érvényes.",3
"c.l) Hitelfevevő hallgatói azonosító száma,",4
9.6 A Bank az Ügyfél súlyos szerződésszegése esetén jogosult a szerződést azonnali hatállyal felmondani. A Bank a felmondás elküldésével egy időben megszünteti az Ügyfél/Felhasználó jogosultságát a szolgáltatás igénybevételére.,2
"A Mobil telefonszolgáltatás vagy hangszolgáltatás a Szolgáltató mobil hálózata által lefedett területen érhető el. A
lefedettség adatok a www.one.hu/lefedettsegi-terkep oldalon érhetőek el. A Mobil telefonszolgáltatásra vagy
hangszolgáltatásra vonatkozó részletes leírást, és a további információkat, a szolgáltatás igénybevételének időbeli,
földrajzi, személyi, tárgyi és egyéb korlátait az ÁSZF 1. számú melléklete tartalmazza.",4
"3.3. A Szolgáltatót a Felhasználó által tévesen és/vagy pontatlanul megadott adatokra visszavezethető szállítási késedelemért, illetve egyéb problémáért, hibáért semminemű felelősség nem terheli.",3
"54. Használt termékek olyan rendeltetésszerű használatra alkalmas termékek, melyeket már korábban szervizeltek, vagy rajtuk korábbi, akár hosszabb használat nyomai is látszódnak. A használt termékekre a jogszabályi rendelkezések alapján 12 hónapos szavatossági (vagy adott esetben jótállási) időt biztosít az Alza. Az Alza a használt terméket mindig rendeltetésszerű használatra alkalmas állapotban értékesíti, de hozzá csak az alapvető működéshez szükséges tartozékokat tudja biztosítani.",3
"Amennyiben a Páciens késedelmi kamattal, költséggel és szolgáltatási díjjal is tartozik, és a fizetett összeg az egész tartozás kiegyenlítésére nem elég, azt az Szolgáltató jogosult elsősorban a költségre, azután késedelmi kamatra és végül a díjtartozásra elszámolni.",2
"A Felhasználó köteles a hibát annak felfedezése után haladéktalanul közölni. Fogyasztó esetén a hiba felfedezésétől számított két hónapon belül közölt hibát késedelem nélkül közöltnek kell tekinteni. A szerződés teljesítésétől számított 2 éves (használt dolog esetén 1 éves) elévülési határidőn túl szavatossági igényét a fogyasztó már nem érvényesítheti. Nem fogyasztóval kötött szerződés esetén a Felhasználó az átvétel időpontjától számított 1 éves elévülési határidő alatt érvényesítheti szavatossági igényeit. A teljesítéstől számított 6 hónapon (fogyasztó esetén 1 éven) belül kellékszavatossági igénye érvényesítésének a hiba közlésén, továbbá a számla, vagy annak másolata felmutatásán/megküldésén túl nincs egyéb feltétele. A teljesítéstől számított 6 hónap (fogyasztó esetén 1 év) leteltét követően azonban már a Felhasználó köteles bizonyítani, hogy a hiba már a teljesítés időpontjában megvolt.",0
"Írásban történő elállás esetén azt határidőben érvényesítettnek kell tekinteni, ha Fogyasztó az erre irányuló nyilatkozatát 14 naptári napon belül (akár a 14. naptári napon) elküldi a Szolgáltatónak.",3
Telekom mobil szolgáltatás: a Szolgáltató által nyújtott mobil rádiótelefon és mobil internet-hozzáférés szolgáltatás.,3
"5. Ha minden rendben, mehetünk kerékpározni. Jó tudni: mivel mi állványba téve állítjuk be a kerékpárt, így ritkán előfordulhat, hogy terhelés alatt picit másként működik. Ez finom hangolással korrigálható. Mi nem próbáljuk ki a kerékpárt a szabadban, mert abban a pillanatban, már látszana rajta a használat.",4
"Igény: az Igénylő által a Szolgáltatás igénybevételére vonatkozóan az Előfizetői szerződés megkötésére a Szolgáltatónál előterjesztett igény, megrendelés.",3
"4.3. A webshopban Szolgáltató részletesen feltünteti a termék nevét, leírását, a termékekről fotót jelenít meg. A termékek adatlapján megjelenített képek eltérhetnek a valóságostól, illusztrációként szerepelhetnek. Nem vállalunk felelősséget a webshopban megjelenő kép és a termék tényleges kinézete miatti különbözőség miatt.",3
d. termékszavatossági igényt érvényesíthet.,3
A Vállalkozó hibás teljesítés esetén is köteles teljesíteni a Szerződésben meghatározott jótállási és szavatossági kötelezettségeket. ,4
"11.2. Ha a jelen Szabályzat bármely része érvénytelenné, jogtalanná vagy érvényesíthetetlenné válik, az a fennmaradó részek érvényességét, jogszerűségét és érvényesíthetőségét nem érinti.",2
IX.1. A jótállás a törvényi szabályozáshoz igazodik. Az INTERSPORT által biztosított garanciák (lásd VII. pont) semmilyen módon nem korlátozzák az Ügyfél szavatossági jogait.,2
"d) KártyaKontroll SMS szolgáltatás igénylése, módosítása vagy lemondása,",3
"A Megrendelő az előállított mű, vagy annak bármely részének átvételét jogosult visszautasítani, amennyiben azt hibásnak vagy nem megfelelő minőségűnek találja, de ennek indoklását köteles a Vállalkozóval közölni. A Vállalkozó köteles az észlelt hibát kijavítani. Ha a Vállalkozó a kijavítási kötelezettségének nem tesz eleget, a Megrendelő jogosult azt más Vállalkozóval elvégeztetni és az ezzel kapcsolatban felmerült összes költségét a Vállalkozóval szemben érvényesíteni. ",3
(2) A Szerződő fél az Adatlapon általa meghatalmazott Kártyabirtokos(ok) magatartásáért a Bankkal és a Kincstárral szemben teljeskörű felelősséggel tartozik.,4
Az elektronikus igazolvány alapján igényelhető kedvezményre jogosult munkavállalók munkáltatója a 6.2.4. pont szerinti kód igényléséhez előzetesen köteles regisztrálni a vasúti társaság által meghatározott felületen a cégadataival és az általa foglalkoztatott jogosult munkavállalók számának megadásával.,2
"11.23. Súlyosnak minősülő munkabiztonsági szabályszegések, melyek miatt a
Megrendelő szankciók (kötbér, kártérítés, stb.) alkalmazását jelentheti be:
- dohányzási, tűzgyújtási tilalom megszegése,
- a munkaterületen alkohol fogyasztása vagy alkoholos befolyásoltság alatti
munkavégzés,
- belépési engedély átruházása és felhasználása,
- nem megfelelő szakképzettségű, vagy biztonságtechnikailag nem
kioktatott személy foglalkoztatása,
- munkabiztonsági szempontból nem megfelelő gépek, berendezések,
eszközök használata, területen való tárolása,
- hiányos vagy nem megfelelő egyéni védőfelszerelés biztosítása vagy
védőfelszerelés hiánya,
- tiltott területen való közlekedés vagy tartózkodás,
- munkavégzés után a saját területen a feszültség -mentesítés elmulasztása,
- vagyon elleni bűncselekmény,
- veszélyes hulladék kezelésével kapcsolatos szabályok be nem tartása,
- környezetszennyezés.",4
"A Szolgáltató az ellenőrzés elvégzése érdekében jogosult az Előfizetői Hozzáférési Pontnak helyt adó ingatlanba
belépni, és az Előfizető szükségtelen zavarása nélkül ott a szükséges ellenőrzést elvégezni. Ezt az Előfizető, illetve
az ingatlan használója és tulajdonosa köteles tűrni. Az Előfizető a hibát annak észlelésekor haladéktalanul köteles
bejelenteni a Szolgáltatónak, és a hibabehatárolás és hibaelhárítás érdekében a Szolgáltatóval együttműködni, az
ellenőrzés és hibaelhárítás lehetőségét Előfizetői Hozzáférési Ponton, illetve az annak helyt adó ingatlanban vagy
ingatlanrészen biztosítani. A hibaelhárításra vonatkozó további rendelkezések az ÁSZF 4.2. pontjában találhatóak.",3
"2.5.2. Amennyiben a Számlatulajdonosnak a Banknál több Bankszámlája van, és valamennyire, vagy azok bármelyikére Kedvezményezettet kíván jelölni, azt Bankszámlánként külön-külön kell, hogy megtegye, a Kedvezményezett jelölés hatálya csak a megjelölt Bankszámlára terjed ki.",3
"3.3.6. Számlatulajdonos felhatalmazza a Bankot, hogy a Bank a saját tévedésén alapuló jóváírást vagy terhelést a számlája javára vagy terhére, az itt adott hozzájárulása alapján, esetenkénti külön hozzájárulása nélkül is jogosult helyesbíteni. A helyesbítésről a Bank – az ok feltüntetésével – az aktuális számlakivonaton értesíti a Számlatulajdonost.",3
6.1.2. Az Üzemeltető a hirdetés elhelyezését a mindenkor hatályos hirdetési díj ellenében biztosítja. Az egyedi hirdetési szerződéssel nem rendelkező Felhasználók számára érvényes aktuális hirdetési díjaink a felhasználói fiókba történő belépést követően megtekinthető “Hirdetés kiemelése” oldalon kerülnek rögzítésre.,3
4.5. Az újragyártott Hitelkártya vonatkozásában a jelen ÁSZF III. 1.4 - 1.9. pontjaiban megfogalmazottak érvényesek.,2
"2.1.13. A Bank ügyfelei részére - a deviza és valuta forgalmak bonyolítására, a devizakövetelések kezelése, és azok terhére történő deviza, valuta és forint forgalmak teljesítése céljából - a mindenkor hatályban lévő Hirdetményben számlavezetésre kijelölt devizanemekben vezet Bankszámlát. A Bank fenntartja arra vonatkozó jogát, hogy szabadon határozhassa meg azon devizanemek körét, melyekben Bankszámlát vezet.",3
A Szolgáltató a Korm. rendelet 11. §-ban meghatározott előzetes tájékoztatást alkalmazza.,2
"Felhasználó – választása szerint – az alábbi kellékszavatossági igényekkel élhet: kérhet kijavítást vagy kicserélést, kivéve, ha az ezek közül a Felhasználó által választott igény teljesítése lehetetlen vagy a vállalkozás számára más igénye teljesítéséhez képest aránytalan többletköltséggel járna. Ha a kijavítást vagy a kicserélést nem kérte, illetve nem kérhette, úgy igényelheti az ellenszolgáltatás arányos leszállítását vagy a hibát a vállalkozás költségére Felhasználó is kijavíthatja, illetve mással kijavíttathatja vagy – végső esetben – a szerződéstől is elállhat. Választott kellékszavatossági jogáról egy másikra is áttérhet, az áttérés költségét azonban Felhasználó viseli, kivéve, ha az indokolt volt, vagy arra a vállalkozás adott okot.",2
"42. A Hitelhez kapcsolódóan a Hitelfevevőt terheli továbbá a törlesztőrészletek késedelmes teljesítése vagy a teljesítés elmaradása miatt felszámított késedelmi kamat megfizetésének, valamint az Üzletszabályzat alapján a Hitelfevevő oldalán keletkező költségek, díjak megfizetésének kötelezettsége.",2
"11.5.3. Átláthatóság és a felhasználó védelme: Elkötelezettek vagyunk az iránt, hogy átlátható vásárlási élményt nyújtsunk Önnek. Többek között: Támogatott tartalom címkézése: A támogatott tartalmak jól láthatóan meg vannak jelölve címkével, hogy elkülönítsük őket az organikus találatoktól. Elrendezési opciók: Ön átállíthatja az alapértelmezett elrendezési beállításokat például az „Ár: alacsony - magas”, „Vásárlói értékelések” vagy „Legújabb elöl” szisztéma szerint a termékek elrendezésének személyre szabásáért. Személyre szabás beállításai: Beállíthatja személyes preferenciáit vagy az anonim keresést a fiókbeállítás menüben.",0
"12.2.15. Működő létesítményben történő munkavégzés esetén Vállalkozó köteles
betartani a létesítmény üzemeltetője által előírt biztonsági, rendészeti és egyéb
követelményeket.
Vállalkozó elfogadja, hogy a Megrendelő építéshelyi megbízottja jogosult ellenőrizni
a fentiek betartását. Amennyiben Vállalkozó a fentieket nem hajtja v égre, úgy a
Megrendelőnek jogában áll a Vállalkozó költségére elvégezte tni azokat. Megrendelő
és a Vállalkozó a környezet megkímélése érdekében a szerződés teljesítése során
együttműködnek. Vállalkozó tudomásul veszi, hogy munkáját a Megrendelő integrált
minőség és környezetirányítási rendszerén belől környezetvédelmi szempont ok
alapján is értékel i és ez al apján a vállalkozást minősíti.",2
"11.1. A Kedvezményezett a programok sikeressége és eredményeinek széles körben láthatóvá
tétele érdekében fenntartja a ka pcsolatot  a Lebonyolítóval , a programok megvalósítási
időszaka alatt legalább egyszer köteles eredményeiről, sikereiről (a pályázatban leírt
elvárásoknak megfeleltethető részcélok ról, és végső célok ról) elektronikus úton írásban
tájékoztatni a Lebonyolítót, ezen felül a projekt megvalósulását, lezártát követően is.",3
"Az Előfizetői Szerződés megkötése előtt a Szolgáltató az igénylőt – kérésére – előzetesen tájékoztatja a
Szolgáltatás igénybevételéhez szükséges minimális és ajánlott műszaki követelményekről.",3
"Ha Ön postai úton küld értesítést, kérjük, vegye figyelembe, hogy az ilyen értesítés akkor tekintendő kézbesítettnek, amikor az a fenti címre küldött, országosan elismert, éjszakai kézbesítő szolgálat által kézbesített levélben vagy normál bérmentesített postai küldeményként beérkezett hozzánk.",4
"3.4.11. Amennyiben a Bank a részére egy másik pénzforgalmi szolgáltató által elektronikusan továbbított Fizetési megbízás teljesítését az azon szereplő jóváírást / terhelést azonosító adatok hibája, hiánya vagy egyéb ok miatt nem tudja elvégezni, erről a visszautasítás okának közlésével legkésőbb a Fizetési megbízás beérkezését követő Banki munkanapon (azonnali átutalási megbízás esetén haladéktalanul) értesíti a Fizetési megbízást részére továbbító pénzforgalmi szolgáltatót.",3
A kijavításra vagy kicserélésre vonatkozó kellékszavatossági jog gyakorlása esetén a digitális tartalom műszaki jellemzőitől függően az Eladó megválaszthatja a digitális tartalom szerződésszerűvé tételének módját.,4
"2/8. A termékkiemelések és a Kirakat szolgáltatás megrendelésekor azok díjának megfizetésére Online fizetéssel és egyéb fizetés útján kerülhet sor. Az online bankkártyás és egyéb fizetési módok a Barion rendszerén keresztül valósulnak meg amely használata során a bankkártya, illetve egyéb fizetéssel kapcsolatos adatok a Társasághoz nem jutnak el. A szolgáltatást nyújtó Barion Payment Zrt. a Magyar Nemzeti Bank felügyelete alatt álló intézmény, engedélyének száma: H-EN-I-1064/2013. A havi elszámolás alá tartozó díjakról kiállított számla rendezése történhet átutalással, VPOS terminálon keresztül történő bankkártyás fizetéssel, vagy egyéb a Vatera által biztosított elektronikus fizetés útján, a Felhasználó választásának megfelelően. A havi elszámolás alapján kiállított számlák fizetési határideje tizennégy (14) naptári nap. A díj akkor minősül megfizetettnek, amikor annak az összege az Üzemeltető számláján feltüntetett bankszámlán jóváírásra kerül. A banki átutalás költségei a Felhasználót terhelik. Az igénybe vett fizetési szolgáltatások használata során esetlegesen felmerülő hibákért a Vatera nem vállal felelősséget. A kiküldött elszámolással kapcsolatos módosítási igényeket a Felhasználó (pl. meghiúsult tranzakciók kiszámlázott díjtételei) a számlán jelzett fizetési határidőn belül jelentheti be. Ennek elmulasztása esetén további egyeztetésre, számlareklamációra nincs lehetőség. Amennyiben a Vatera által a havi elszámolás keretében kiküldött számla rendezése nem történik meg a számlán jelzett fizetési határidőn belül, a Vatera, a fizetési határidő lejártát követő 7. napon fizetési felszólítást küld email üzenet formájában a Felhasználónak. A fizetési felszólításban megjelölt további 7 napos fizetési határidő teljesítésének hiányában a Vatera a Felhasználó felhasználói jogosultságait ideiglenes tiltás alá helyezi oly módon, hogy minden folyamatban lévő aukcióját, fix áras hirdetését, apróhirdetését lejárttá teszi és felfüggeszti a Szolgáltatáshoz való hozzáférését, amiről email üzenet formájában tájékoztatja a Felhasználót. A Felhasználók számára a felfüggesztésre okot adó tartozás pénzügyi rendezéséig nem biztosított a felhasználói fiókból a felhasználói jogosultságok gyakorlása, illetve a különböző funkciók elérése. A felfüggesztés megszüntetésére kizárólag a kötelezettségek rendezését követően kerülhet sor. A Vatera a második fizetési felszólításon szereplő fizetési határidő túllépésének 7. napján a fennálló követeléseket követeléskezelő (követelésbehajtó) partnereihez adhatja át behajtásra. Amennyiben a Vatera a követeléskezelőt a követelés kezelésével megbízza, a Felhasználó az ezzel kapcsolatban a Társaság oldalán felmerülő költségek, mint követeléskezelési díj megfizetésére kötelezhető. A követeléskezelés folyamatát és az azzal kapcsolatos egyéb információkat a jelen ÁFF melléklete tartalmazza. A követelésbehajtás eredménytelensége esetén a Vatera bírósági úton érvényesítheti követelését. A fizetési felszólítást a Vatera a Felhasználó által a regisztrációs adatoknál megadott e-mail címre küldött e-mail útján vagy mobiltelefonszámra küldött SMS-ben teszi meg, mely írásbeli értesítésnek minősül.",3
"Az Előre Fizetett Díjú Előfizetői Szerződés megkötésekor a Szolgáltató képviselője egy, az Előfizetői SIM kártyáról
kezdeményezett hívással ellenőrizheti a Szolgáltatás létrejöttét. Az Előfizetőnek a díjcsomag megvásárlásától,
azaz az Egyenleg-felhasználási Idő kezdetétől számítva legfeljebb 3 (három) hónapon belül van lehetősége az
első kezdeményezett hívással a Szolgáltató hálózatára csatlakozni, illetve az előfizetői vonalnak az Előfizetői SIM
kártyához történő csatlakoztatását elindítani. A díjcsomag megvásárlását, azaz az Egyenleg-felhasználási Idő
kezdetét követő 3 (három) hónap elteltével a hálózatra történő automatikus csatlakozás, illetve az előfizetői
vonalnak az Előfizetői SIM kártyához történő csatlakoztatási joga lejár.",2
"VII.2. Cseregarancia: Az INTERSPORT vállalja, hogy az alábbi feltételekkel kicseréli az áruházakban vásárolt termékeket, amennyiben azzal az Ügyfél nem elégedett. A cserére maximum a vásárlást követő 30 napon belül van lehetőség. A csere minden INTERSPORT üzletben végrehajtható. A csere feltétele, hogy a terméket az Ügyfél tiszta, sértetlen, a használat jeleit nem mutató és eredeti funkciójára alkalmas állapotban szolgáltassa vissza. A csere igénylésekor a vevőnek az eredeti csomagolást, és a vásárlást igazoló dokumentumot is át kell adnia. Az online felületen vásárolt termékeket az áruházainkban nem áll módunkban kicserélni, azokat a 6.3.-as pontban meghatározott címre kell visszaküldeni. A jelen pontban rögzített cseregarancia nem érinti az Ügyfelek hibás teljesítés esetén, jogszabály alapján érvényesíthető jogait.",2
"Az online időpont foglalásával a Páciens kifejezetten tudomásul veszi, hogy a foglalás megtörténtével közte és a Szolgáltató között egészségügyi szolgáltatási szerződés jön létre, mely alapján a Szolgáltató kötelessége a lefoglalt egészségügyi szolgáltatás teljesítése, a Páciens kötelezettsége a megfelelő vizitdíj fizetése.",4
"7.3. Üzemeltető a Weboldalak és annak részei megtekintéséből, lementéséből vagy elérhetetlenségéből, illetve a Weboldalak és Szolgáltatásai elvárttól eltérő működéséből, megváltozásából, leállásából, az adatok törléséből vagy elvesztéséből, a Szolgáltatás korlátozásából vagy kizárásból eredő bármilyen kár megtérítését kizárja.",3
11.1. A www.zalando.hu oldalon elérhető ajánlatokat csak a 18. életévüket betöltött személyek vehetik igénybe.,4
"5.4. A Vevőnek a rendelés bármely szakaszában és a megrendelés Eladó részére való elküldéséig a Webáruházban bármikor lehetősége van az adatbeviteli hibák javítására a megrendelési felületen (pl. termék törlése a kosárból a piros „X"" gomb használatával, a darabszámot pedig a kívánt mennyiség pontos begépelésével tudja megadni).",3
"Amennyiben a Küldemény a címzett részére nem kézbesíthető, azt a DPD a feladó részére visszaszállítani köteles. A visszakézbesítés költségeit a feladó viseli. Amennyiben a DPD-n kívülálló okból a visszakézbesítés nem lehetséges, a Küldemény visszakézbesíthetetlennek minősül. ",3
"Az Ügyfél nem jogosult a DPD-vel szembeni igényeit, fennálló lejárt követeléseit beszámítani a tartozásába, továbbá az Ügyfél nem jogosult semmilyen visszatartási jogot érvényesíteni. Ez a rendelkezés nem vonatkozik az olyan követelésekre, amelyekre vonatkozóan jogerős bírósági határozat született, vagy amelyekről az Ügyfél és a DPD külön megállapodott, vagy amelyek indokoltságát a DPD elismerte. ",1
"A személyhez kötött menetjeggyel csak az arra jogosult utazhat. A nem személyhez kötött menetjegy mindaddig másra átruházható, ameddig azzal az utazást nem kezdték meg. A személyhez kötött menetjegy felhasználójának személyazonosságát igazolnia kell. A személyhez kötött menetjeggyel kapcsolatos előírásokat megfelelően alkalmazni kell az olyan menetjegyre, melyre a Díjszabás meghatározott igazolvány vagy irat sorszámának feljegyzését írja elő. Az ilyen menetjegyet csak az igazolvány, irat jogos birtokosa használhatja.",1
"c) a külön jogszabályban foglaltak szerint a biztosított vizsgálatára,",2
"Az előfizetői jogviszony úgy jön létre, hogy az Előfizető a Szolgáltató ajánlatát tartalmazó Előfizetői Szerződés
feltételeit elfogadja azáltal, hogy az Előfizetői Szerződés megkötésére irányuló jognyilatkozatát ráutaló
magatartással megteszi.",3
2.5 A Moderációs döntések véglegesek. Észrevételt tenni megalapozott indokkal és magyarázattal a Konkrét moderációval kapcsolatos kérdések-válaszok topikban lehet.,2
"4.1. Az adásvételi szerződés alapján az Eladó az áru tulajdonjogának átruházására, a Vevő a vételár megfizetésére és az áru átvételére köteles.",4
121. A kötelező jótállás határideje és értékhatárok: A jótállási határidő a termék eladási árától függően két vagy három év az alábbiak szerint (ún. sávos jótállás): ,4
"3.20 A Bank kizárja felelősségi köréből azokat a káreseményeket is, amelyek abból erednek, hogy az Ügyfél nem az előírt módon kezeli, tárolja, használja az e-bank azonosító kártyát, az e-azonosító számot, az sms aktivizáló kódot és az egyszer használatos jelszót, illetve a PIN kódot.",4
"7.11. Üzemeltető a Weboldalakon a Felhasználók által közzétett tartalmat, továbbá a hirdetéssel kapcsolatban a Felhasználók közötti kommunikációt jogosult, de nem köteles ellenőrizni. Üzemeltető nem köteles ellenőrizni az általa csak továbbított, tárolt vagy hozzáférhetővé tett tartalmat, továbbá nem köteles olyan tényeket vagy körülményeket keresni, amelyek jogellenes tevékenység folytatására utalnak.",3
"2.1.3. A Bank által a Bankszámla megnyitásának előfeltétele, hogy a természetes személy Számlatulajdonos, illetve a jogi személy Számlatulajdonos képviselője személyesen eljárjon és személyazonosítására szolgáló és a Bankszámla megnyitásához szükséges, az Üzletszabályzatban meghatározott valamennyi információt, adatot és aláírás mintáját, ideértve a személyi adatait és üzleti tevékenységére, illetve a Vállalkozásra vonatkozó adatokat is, az Azonosítási Adatlap megfelelő kitöltésével a Banknak, vagy a Bank által ügyfélazonosításra felhatalmazott képviselőjének megadja, valamint a Bank által igényelt és / vagy jogszabályban meghatározott dokumentumokat átadja. A Bank jogosult a Számlatulajdonos által szolgáltatott adatok valódiságát a rendelkezésre álló törvényes eszközökkel ellenőrizni. a nyilvántartásba még be nem jegyzett jogi személy gazdasági társaság létesítő okiratát (társasági szerződését) egy másolati példányban átadta, valamint - ha cégbejegyzésre kötelezett és a pénzforgalmi számla megnyitása nem feltétele a cégbejegyzési kérelem benyújtásának - csatolta a cégbejegyzési kérelem benyújtása során a cégbíróságtól kapott elektronikus tanúsítványt vagy annak hiteles papír alapú másolatát,",2
"2. A BKK Zrt. bármikor kérheti a Felhasználótól annak megfelelő, személyazonosításra alkalmas dokumentumokkal igazolását, hogy ki a bankkártya/hitelkártya tulajdonosa, és hogy a Felhasználó rendelkezik-e a megfelelő hozzájárulással/meghatalmazással. A BKK Zrt. jogosult a bankkártya-/hitelkártyaadatok ellenőrzését a Felhasználó regisztrációjának jóváhagyását megelőzően személyes egyeztetés keretében is elvégezni. A BKK Zrt. kizárja a felelősségét, ha a Felhasználó más nevére szóló bankkártya-/hitelkártyaadatokat ad meg. Ezzel kapcsolatos felelősség a Felhasználót terheli.",2
"32. A DH1 a Hitelfevevőt – az Üzletszabályzat 33. pontjában foglaltak kivételével – 11 tanulmányi félévre, tanulmányi félévenként legfeljebb 5 tanulmányi hónapra illeti meg.",3
"5.6. A Szerződő Felek az egyedi adásvételi jogügyletüket közös megegyezéssel, a jövőre nézve megszüntethetik. Ebben az esetben a Felek további szolgáltatásokkal nem tartoznak, és kötelesek egymással a megszűnés előtt már teljesített szolgáltatások vonatkozásában elszámolni.",0
"6.2 A TKSZ 2.1.1.1. pontja szerinti hőátalakítás nélküli távhőenergia szolgáltatás esetén a felhasználói hőközpont üzemeltetése és fenntartása (karbantartás, javítás, felújítás) a Felhasználó vagy a hőközpont - a Felhasználóval jogviszonyban álló -tulajdonosának a feladata. A Felhasználó jogosult a Szerződésben lekötött legnagyobb hőteljesítmény eléréséig annyi hőenergiát vételezni, amennyi az igénye kielégítéséhez szükséges.",1
"A Felhasználó a III.2 pontban hivatkozott önkéntes hozzájárulását bármikor jogosult visszavonni. Ebben az esetben a Szolgáltató a visszavonást követően a Felhasználó részére több hírlevelet illetőleg egyéb reklám levelet nem küld, továbbá törli a felhasználó adatait a hírlevélre feliratkozott Felhasználók adatai közül.",4
"A megrendelés elektronikus úton megkötött szerződésnek minősül, amelyre a polgári törvénykönyvről szóló 2013. évi V. törvény, az elektronikus kereskedelmi szolgáltatások, valamint az információs társadalommal összefüggő szolgáltatások egyes kérdéseiről szóló 2001. évi CVIII. törvényben foglaltak irányadóak. A szerződés a fogyasztó és a vállalkozás közötti szerződések részletes szabályairól szóló 45/2014 (II.26.) Korm. rendelet hatálya alá tartozik, és szem előtt tartja a fogyasztók jogairól szóló Európai Parlament és a Tanács 2011/83/EU irányelvének rendelkezéseit.",1
"7.6. Felhasználó tudomásul veszi, hogy Üzemeltető nem felel a Felhasználó által rendelkezésre bocsátott vagy a Weboldalakon elhelyezett adatokért, képekért, hirdetésekért, információkért stb. (továbbiakban: tartalom), azok valódiságáért, továbbá Üzemeltető a Felhasználó által a Weboldalak használatával harmadik személyeknek okozott jogsérelemért, illetve kárért, sérelemdíj igényért felelősséget nem vállal.",3
"A Vállalkozó megfelelő adatvédelmet biztosít a Szerződés és adatfeldolgozói szerződés szerinti adatfeldolgozásban ahhoz, hogy garantálja az adatok titkosságának megőrzését, rendelkezésre állását és helyességét, és a maga részéről gondoskodik GDPR-ban foglalt szükséges műszaki és szervezeti biztonsági intézkedések betartásáról. ",3
"9.2. A panaszt a Szolgáltató - ha törvény vagy az Európai Unió általános hatályú, közvetlenül alkalmazandó kötelező jogi aktusa eltérően nem rendelkezik - legkésőbb harminc napon belül köteles írásban megválaszolni, kivéve, ha a szóbeli panaszt nyomban orvosolja.",3
"A jutalék alapja - a felhasználók által utóbb módosított, illetve a Vevő által ténylegesen kifizetett vételártól függetlenül - a leütési érték, vagy fix ár (fix ár alatt értendő az Eladó és a Vevő által alku keretében meghatározott ár, továbbá Csomagajánlat esetén az abban foglalt Termékek fix árának összege is). Kivételt képez ez alól az, ha Vevővédelemmel biztosított Termékek esetében az Eladó és a Vevő a vételár csökkentésében állapodtak meg, amely esetben a jutalék alapja a vételár csökkentett értéke.",2
"Ön a „”  gomb megnyomásával kifejezetten tudomásul veszi, hogy ajánlatát megtettnek kell tekinteni, és nyilatkozata – az Eladó jelen ÁSZF szerinti visszaigazolása esetén - fizetési kötelezettséget von maga után. Eladó köteles a megrendelésének megérkezését a Vásárló felé elektronikus úton haladéktalanul visszaigazolni. Amennyiben e visszaigazolás a Vásárló megrendelésének elküldésétől számított, a szolgáltatás jellegétől függő elvárható határidőn belül, de legkésőbb 48 órán belül a Vásárlóhoz nem érkezik meg, a Vásárló mentesül az ajánlati kötöttség vagy szerződéses kötelezettség alól.",3
"6.9.  Felhasználó köteles az árukat indokolatlan késedelem nélkül, de a szerződéstől való elállására vonatkozó értesítés Szolgáltató részére történő megküldésétől számított 14 napnál semmiféleképpen sem később visszaküldeni vagy Szolgáltató címén leadni.",2
"2/3. Ha egy felhasználó Szolgáltatáshoz való hozzáférése felfüggesztésre kerül, a jutalékok kiszámlázásának alapja a felfüggesztéskor fennálló, vagy azt követően keletkező vevői értékelés, illetve sikeressé minősítés, eladói értékelés hiányában. Ilyen esetben a Vatera Szolgáltatása a sikeres értékelés, vagy annak minősítése alapján teljesül.",2
"A szállítási feltételek tekintetében a jelen ÁFF szerinti Eladókra (szállítási szolgáltatók általános szerződési feltételei szerinti feladók) vonatkozó előírások a Termék visszaküldése esetén a jelen ÁFF szerinti Vevőkre (szállítási szolgáltatók általános szerződési feltételei szerinti címzettek), a Vevőkre vonatkozó előírások pedig a Termék visszaküldése esetén az Eladókra irányadók.",4
"Tartós adathordozó: a technológia adott fejlettségi szintjén elérhető olyan eszköz, illetve platform, amely lehetővé teszi az adatoknak az adat céljának megfelelő ideig történő tartós tárolását és a tárolt adatok változatlan formában és tartalommal történő megjelenítését. Ilyen eszköz különösen a papír, az USB-kulcs, a CD-ROM, a DVD-ROM, a memóriakártya, a számítógép merevlemeze, az elektronikus levél, az SMS, illetve az elektronikus tárhely, így különösen a Telekom fiók is.",4
"Online fizetés esetén a Vevő elállási szándékát - a felhasználói fiókban a Rendelés törlése gomb megnyomásával a sikeres fizetést követő 72 óra elteltéig, de legfeljebb a szállítókód Eladó általi lekéréséig jelezheti és ezzel kezdeményezheti a vételár visszautalását. Ebben az esetben a Termék vételára, a szállítási díj és a vevővédelmi díj összege visszatérítésre kerül a Vevő részére. (A jelen pont szerinti elállási jog nem esik egybe a 3.24. pontban hivatkozott, jogszabály szerinti elállási joggal).",2
"116. A Fogyasztó köteles a hibát a felfedezését követően haladéktalanul, de legkésőbb a hiba felfedezésétől 2 hónapon belül jelezni az Alzának. A két hónapos határidőn túl a közlés késedelméből eredő károkért a Fogyasztó felelős.",4
"4.3. A Szerződésben meghatározott műszaki követelményeknek való megfelelést Vevő jogosult Eladó előzetes tájékoztatása nélkül ellenőrizni, ellenőriztetni, melynek keretében a kiválasztott Terméket független minősítő szervezet részére minőség-ellenőrzés (vizsgálat) céljából is megküldheti. Amennyiben a vizsgálat eredménye alapján a műszaki megfelelőség nem állapítható meg, úgy Eladó köteles a Vevő által esetlegesen megelőlegezett vizsgálati költséget Vevő részére megtéríteni.",2
2.1. Az Előfizetői szerződés megkötéséhez szükséges adatok listája,4
"A Szervező dönthet úgy, hogy az egyes szektorokba csak bizonyos szurkolói kártya tulajdonosa vásárolhat Belépőjegyet, illetve a Szervező joga eldönteni, hogy az egyes szektorokba előír-e klubkártya kötelezőséget vagy bármilyen más megszorítást (pl. klubkártya megadása kötelező, hazai klubkártya megadása kötelező, vendég klubkártya megadása kötelező, MLSZ Futballkártya megadása kötelező, vásárlási kód megadása kötelező stb.)",2
"3. A Felhasználó a BKK Zrt. Szolgáltatásaival kapcsolatos bejelentését az Üzletszabályzat VIII. fejezetében részletezett módokon kívül az Alkalmazásban a Segíthetünk?/Visszajelzés a BKK szolgáltatásaival kapcsolatban menüpontban is megteheti a megfelelő online űrlap kiválasztásával. Az Alkalmazás Segíthetünk?/Visszajelzés a BKK szolgáltatásaival kapcsolatban menüpontján keresztül érkező bejelentésről bejelentőlap készül, amelyet a BKK Zrt. a nyilvántartásba vételével egyidejűleg elküld a bejelentőnek e-mailben is.",1
"Kereskedői fiókkal rendelkező eladó Felhasználó a vásárlásról - a Vatera által küldött értesítéstől függetlenül - e-mail útján köteles visszaigazolást küldeni a Vevő e-mail címére. Ilyen esetben a szerződés az ajánlatot tevő Vevőnek küldött visszaigazolással jön létre, a visszaigazolásban rögzített feltételek szerint.",3
"b. a termék vagy szolgáltatás áránál egy vagy több számjeggyel több, illetve kevesebb van; ",4
"A szerződés megszüntetése esetén az Eladó megakadályozhatja, hogy a fogyasztó tovább használja a digitális tartalmat, így különösen a digitális tartalmat vagy a digitális szolgáltatást a fogyasztó számára hozzáférhetetlenné teheti, vagy letilthatja a fogyasztó felhasználói fiókját.",3
3.22 A Bank az Ügyfél bármely okból benyújtott panaszának megalapozottságát saját hatáskörben vizsgálja meg és dönt a szükséges intézkedésekről. A Bank az Ügyfél panaszának elbírálásáról 15 napon belül küld értesítést.,4
"pdf formátumú fájl: ISO 32000-1:2008 szabványnak megfelelő, szöveget, ábrát és képeket tartalmazó eszköz- és felbontásfüggetlen dokumentum. Az elektronikus jegyet tartalmazó .pdf fájlok megnyitásához az Acrobat Reader 8.0 (vagy újabb) program használata ajánlott.",1
"A Szellemi Tulajdon használatával kapcsolatos szabályok megsértése – ideértve a Mobilalkalmazás visszafejtéssel vagy egyéb módon történő lemásolását vagy az arra irányuló próbálkozást is – a Mobilalkalmazás használatától való eltiltást, valamint a megfelelő jogi lépések megtételét – beleértve esetleges büntetőjogi lépések megtételét is – vonja maga után a Felhasználóval, illetve bármely más jogsértő személlyel szemben a Bellozzo és/vagy a Szellemi Tulajdon egyéb jogosultjai által.",2
"A Felek a Szerződést közös megegyezéssel, írásban bármikor megszüntethetik. ",4
"Fogyasztó elállás esetén köteles a megrendelt terméket indokolatlan késedelem nélkül a Szolgáltató részére visszajuttatni, de legkésőbb elállási nyilatkozatának közlésétől számított 14 napon belül visszaküldeni.",1
"Telekom fiók: olyan online ügyintézői fiók, illetve digitális profil, amely – elsődlegesen – tartós adathordozóként lehetővé teszi az Előfizetői szerződéshez kapcsolódó dokumentumok Előfizető általi elérését, illetve az Előfizető általi egyes nyilatkozatok megtételét és tárolását. Ezen felül lehetőséget biztosít az abba felcsatolt, a Szolgáltató által nyújtott előfizetések, szolgáltatások kezelésére, ügyek intézésére. A Telekom fiók használatának nem feltétele az előfizetői jogviszony megléte, Telekom fiókot bármely 18. életévét betöltött, cselekvőképes természetes személy létre hozhat a LÁSZF 5. sz. mellékletének 8.2.3. pontja szerint.",4
"10. A Szolgáltató köteles a szolgáltatások rendelési helyeinek bejáratánál, mobil szolgáltatás esetén a gépjárművön, jól látható helyen feltüntetni, hogy „A társadalombiztosítás egészségügyi szolgáltatásaira szerződött rendelés (illetve intézet, illetve szolgálat)”. A Szolgáltató köteles a szolgáltatások rendelési/igénybevételi helyeinek bejáratánál a jogosultak számára jól látható helyen kifüggeszteni a jogszabály előírása szerinti és a szerződésében meghatározott egyéb információkat; különösen hivatalos nevét, a finanszírozott egészségügyi szolgáltatás működési engedélyben meghatározott ellátási formáját, az engedélyezett egészségügyi szakmát, egészségügyi tevékenységet, a rendelési időt (vagy a folyamatos betegellátás tényét), a jogosultak számára történő rendelkezésre állás idejét, valamint amennyiben egészségügyi ellátást a betegek számára térítés ellenében is végez, úgy a térítési díjakat, illetve a jogszabályban megállapított részleges vagy teljes térítési díjakat.",3
"A weboldalon meghirdetett akciók a Webáruházra érvényesek. Ha a meghirdetett akció részben, vagy egészben boltjainkban vagy azok valamelyikében is elérhető, arról az akció leírásában, szabályzatában, illetve az érintett bolt(ok)ban tájékoztatjuk vásárlóinkat.",4
"9. Jelen ÁSZF magyar és angol nyelven készült, és azokat a BKK Zrt. mindkét nyelven közzéteszi a www.bkk.hu/budapestgo weboldalon, valamint hozzáférhető papíralapon a BKK Zrt. ügyfélközpontjaiban. A két verzió közötti eltérés esetén a magyar nyelvű változat az irányadó.",4
"Amennyiben a Megrendelő a jóteljesítési biztosítékot részben vagy egészben igénybe vette, úgy a Vállalkozó köteles azt 8 (nyolc) napon belül az eredeti összegre kiegészíteni a jóteljesítési biztosíték időtartamának végéig. Amennyiben a Vállalkozó nem tesz eleget a feltöltési kötelezettségének, úgy a Megrendelő jogosult a Szerződést azonnali hatállyal felmondani, vagy attól azonnali hatállyal elállni.  ",3
"6.2.3. Az egyedi hirdetési szerződéssel rendelkező Felhasználók – amennyiben érvényes előfizetéssel rendelkeznek a jelen ÁSZF 5.2.3.1. pontjában meghatározott Extra szolgáltatásra – az admin.hasznaltauto.hu linken elérhető adminisztrációs felületükön keresztül, az eXtra szolgáltatás keretében elérhető eXtra Keret és eXtra Keret Plusz funkciókkal is igénybe vehetnek Szolgáltatásokat az alábbi feltételekkel:",3
3. SZÁMLAVEZETÉS ÁLTALÁNOS SZERZŐDÉSES FELTÉTELEI,4
"A DPD a szolgáltatási díjakról elektronikus számlát állít ki, és az így kiállított számlát az Ügyfél által megadott e-mail címre küldi meg. Az Ügyfél által megadott e-mail címre történő elektronikus számlaküldést az Ügyfél joghatályosnak fogadja el, és köteles biztosítani azt, hogy a számla lejártáig a számla letöltésre, és kifizetésre kerüljön. ",4
"5.9. Az adatok megadását követően Felhasználó elküldheti megrendelését, előtte azonban a megadott adatokat még egyszer ellenőrizheti, továbbá a megrendelésével egyidejűleg további megjegyzést ( pl.: csomag átvételének meghatározott napja ) is tehet.",4
"118. A jótállás (köznyelvben „garancia”) jelentése: A jótállás a hibás teljesítésért való fokozottabb helytállást jelent, melyre a kötelezett jogszabályban (ún. kötelező jótállás) vagy saját vállalásában (ún. önkéntes jótállás) meghatározott feltételek szerint köteles. A jótállás teljes időtartama alatt az Alzának kell megcáfolnia, hogy hibás teljesítés történt volna.",3
"A kerekesszék fuvarozására az árufuvarozási felelősség szabályai, annak eltérő rendelkezése hiányában a vállalkozási szerződés szabályai vonatkoznak. Ennek megfelelően a Szolgáltató felelős azért a kárért, amely az útipoggyászként átvett kerekesszék átvételétől a kiszolgáltatásig terjedő idő alatt a teljes vagy részleges elvesztéséből, megsemmisüléséből vagy megsérüléséből keletkezett. Mentesül a felelősség alól a Szolgáltató, ha bizonyítja, hogy a szerződésszegést ellenőrzési körén kívül eső, az útipoggyász fuvarozásra történő átadásának időpontjában előre nem látható körülmény okozta és nem volt elvárható, hogy a körülményt elkerülje vagy a kárt elhárítsa.",1
"15.1 A jelen Szerződésben és mellékleteiben nem szabályozott kérdésekre a jelen Szerződés bevezető részében felsorolt jogszabályok, valamint a (a) a társasházakról szóló 2003. évi CXXXIII. törvény, (b) a lakásszövetkezetekről szóló 2004. évi CXV. törvény, (c) a Polgári Törvénykönyvről (Ptk.) szóló 2013. évi V. törvény, valamint (d) a BKM NONPROFIT Zrt. Üzletszabályzatának rendelkezései az irányadók.",2
"A DPD a postai küldemény címzetti tulajdonlásának bizonyításaként köteles elfogadni, ha a címzett rendelkezésére bocsátja a távollévők között kötött szerződésről a vállalkozás által a jogszabály alapján részére mint fogyasztónak adott, a termék adásvételével kapcsolatban ellenszolgáltatásként megfizetett teljes összeget is tartalmazó visszaigazolást és a postai küldeményhez nem kapcsolódik a címzett által a kézbesítéskor még megfizetendő további díj.  ",1
"3.1.4.A Bank kizárja a felelősségét arra vonatkozóan, ha telekommunikációs vagy számítógépes rendszerek meghibásodása miatt a Számlatulajdonos kiszolgálását átmenetileg kizárólag az Ügyfélforgalom számára nyitva álló hivatalos helyiségében képes elvégezni. A pénzforgalom és a Számlatulajdonos biztonsága érdekében ilyen esetben a teljesítést jogosult összeghatárhoz kötni.",3
"3.1.2. A Számlatulajdonos valamennyi megbízását írásban, illetve erre vonatkozó szerződés esetén elektronikus csatornákon keresztül adhatja meg. Bármely módon benyújtott, a Bankhoz beérkezett Fizetési megbízások törlése, illetve visszahívása kizárólag írásban, papír alapon, elektronikus csatornák használata esetén az Elektronikus ÁSZF-ben, a Bankkártya ÁSZF-ben és a vonatkozó Hirdetmények szerint történhet. A megbízásnak a teljesítéséhez szükséges valamennyi adatot tartalmaznia kell. A Fizetési megbízás teljesítéséhez szükséges adatok körét a mindenkor hatályos vonatkozó Hirdetmény tartalmazza. Az Ügyfél felelős az általa adott fizetési megbízások teljes, jogszabályoknak megfelelő kitöltéséért, és a teljesítéshez szükséges adatok pontos megadásáért.",3
"2.1 Az ajánlatban az ott megadott, a megrendelés leadásának napján érvényes árak alkalmazandók. A weboldalon található árukra vagy egyéb szolgáltatásokra vonatkozó árak magyar forintban (HUF) értendők.  A feltüntetett árak végleges árak (végösszegek), azaz tartalmazzák a mindenkor hatályos törvényes mértékű általános forgalmi adót. Az áru a vételár teljes kiegyenlítéséig a mi tulajdonunkban, illetve, amennyiben alkalmazandó, az adott Zalando partner tulajdona marad.",3
"Amennyiben valamely mérkőzésen a vendégcsapat szurkolói számára ún. vendégszektor kerül kijelölésre, úgy a vendég- és a hazai csapat szurkolói – sportrendészeti és biztonsági okokból, valamint a nemzetközi labdarúgó szövetségek előírása alapján is - csak a részükre kijelölt szektorba vásárolhatnak belépőjegyet. Amennyiben a Szervező által megbízott, a beléptetést végző személy észleli, hogy a szurkoló ettől eltérő szektorba kíván – akár érvényes belépőjeggyel – belépni, dönthet úgy, hogy a belépést megtagadja. Ebben az esetben a belépést megkísérlő személy és/vagy az adott jegy vásárlója semmiféle kártérítéssel nem élhet a Szervező vagy a Jegyértékesítő felé. Annak megítélése során, hogy az adott szurkoló a vendégcsapat szurkolói közé tartozik-e, a beléptetést végző személy – a személyazonosító okmány ellenőrzése mellett – mérlegeli, hogy a szurkoló viseli-e a vendégcsapat zászlóját, logóját, címerét, jelképét, szín-kódját, illetve a csapat szurkolótáborához tartozás bármely egyéb szimbólumát.",3
"▪ a meghatalmazott nevét, lakóhelyét (ha értesítési címe ettől eltérő, akkor az értesítési címét is), anyja születési nevét, illetve a személyazonosságát igazoló okirat azonosító adatát,",4
"Az ingyenesen hívható Segélyhívószámok és az Ügyfélszolgálat (1270), a Szolgáltatási Időszak végleges
megszűnéséig minden esetben hívható. A rendelkezésre állási időszak végét követően a Szolgáltatási Időszak és
az Előre Fizetett Díjú Előfizetői Szerződés időtartama automatikusan lejár, az Ügyfélegyenleg megszűnik, így az a
továbbiakban nem tölthető fel. Ebben az esetben az Előre Fizető Előfizetőnek a szerződés megszűnését követő 1
éves elévülési időn belül előterjesztett igénye esetén a Szolgáltató az Ügyfélegyenlegen megmaradt és fel nem
használat összeget visszafizeti.",2
3.2.5. Lakossági internetbanki szolgáltatás igénylése,2
"A Mobilalkalmazást minden, 16. életévüket betöltött személy használhatja. A Mobilalkalmazás letöltése és használata díjtalan – ide nem értve a letöltéshez, valamint a használathoz igénybe vett adatforgalmat, amelyre a Felhasználó telekommunikációs szolgáltatója a vele szerződésben állókkal a meghatározott szerződési feltételek szerinti díjat igényelheti. A Mobilalkalmazás használatára csak az a felhasználó jogosult, aki a Mobilalkalmazást letöltötte, és abban Felhasználói Fiókot regisztrált.",3
"4.12. A Szolgáltató nem köt szerződést kiskorúakkal. A megrendelő a kereskedelmi feltételek elfogadásával nyilatkozik arról, hogy nagykorú, mely nyilatkozat valódiságáért kizárólag a vevő felel.",3
Virtuális termékek megrendeléséről minden esetben e-számla kerül kiállításra.,4
"A Műsorszórás előfizetői szolgáltatásra vonatkozó részletes leírást, és a további információkat, a szolgáltatás
igénybevételének időbeli, földrajzi, személyi, tárgyi és egyéb korlátait az ÁSZF 1. számú melléklete tartalmazza.",4
"Ahhoz, hogy a teljesítés szerződésszerűnek minősüljön - továbbá- a szerződés tárgyát képező Árunak alkalmasnak kell lennie azokra a célokra, amelyeket azonos típusú Áru esetén jogszabály, műszaki szabvány vagy műszaki szabvány hiányában az irányadó magatartási kódex előír rendelkeznie kell a Fogyasztó által észszerűen elvárható azon mennyiséggel, minőséggel, teljesítmény- és egyéb jellemzőkkel - különösen a funkcionalitás, a kompatibilitás, a hozzáférhetőség, a folyamatosság és a biztonságosság tekintetében -, amely azonos típusú Áru esetén szokásos, figyelembe véve az Eladó, annak képviselője vagy az értékesítési láncban részt vevő más személy az Áru konkrét tulajdonságaira vonatkozó nyilvános - különösen hirdetésben vagy címkén tett - kijelentését rendelkeznie kell a fogyasztó által észszerűen elvárható tartozékokkal és útmutatókkal - ideértve a csomagolást, illetve az üzembe helyezésre vonatkozó utasítást - és meg kell felelnie a vállalkozás által a szerződéskötést megelőzően mintaként, modellként bemutatott vagy próbaverzióként elérhetővé tett Áru tulajdonságainak, leírásának. nem kell megfelelnie a fenti nyilvános kijelentésnek, ha az Eladó bizonyítja, hogy a nyilvános kijelentést nem ismerte, és azt nem is kellett ismernie a nyilvános kijelentést a szerződéskötés időpontjáig már megfelelő módon helyesbítették vagy a nyilvános kijelentés a jogosult szerződéskötési elhatározását nem befolyásolhatta.",1
"Az Ajánló egyedi kódja, hacsak erről külön megállapodás nem köttetett az Ajánló és Bellozzo között, nyilvánosan nem megosztható, nem reklámozható! (példálódzó felsorolással, de nem kizárólagosan kupon megosztó és hasonló oldalak, közösségi oldalak). Tilos továbbá az egyéni kód idegeneknek való kiküldése tömeges email (spam) üzenetek formájában, fizetett, vagy ingyenes reklámokban történő hirdetése, valamint bárminemű hirdetése az Ajánló Bellozzo-val való kapcsolatának.",3
3.2.4. Erste Lakossági SMS szolgáltatás igénylése,1
"Az Előre Fizetett Díjú Feltöltőkártyás Szolgáltatás Előfizetője a Szolgáltatás igénybevételét lehetővé tevő SIM
kártyát harmadik személy részére abban az esetben adhatja át, ha az Eht. 129. § (2) bekezdés szerinti
azonosításhoz szükséges adatokról a SIM kártya átadását megelőzően a Szolgáltatót tájékoztatta, és a Szolgáltató
a harmadik személy személyazonosság igazolására alkalmas hatósági igazolványának érvényességét a
személyazonosság igazolására alkalmas hatósági igazolványok nyilvántartásában ellenőrizte, egyebekben a nem
megfelelő átruházás esete a Szolgáltató megtévesztésével kötött szerződésnek minősül. E bekezdés
alkalmazásában nem minősül harmadik személynek a közeli hozzátartozó.",3
"Amennyiben a Feladó több darabos küldeményt, vagy a Csomagautomata legnagyobb rekeszének méretét meghaladó méretű Csomagot ad fel Csomagautomatába, akkor a Szolgáltató a Címzettet külön tájékoztatóban értesíti a lehetséges átvételi helyről, mely ez esetben a lakcím szerinti legközelebbi DPD  depó. ",4
"4.1 Adatvédelmi szabályzatunk tájékoztatást nyújt arról, hogy hogyan gyűjtjük, használjuk és adjuk ki az Ön személyes adatait, amikor Ön a Szolgáltatásokhoz hozzáfér, azokat meglátogatja vagy használja. A Szolgáltatások Ön általi használatával kapcsolatban Ön tudomásul veszi, hogy személyes adatait (beleértve az Ön Fiók- és felhasználói adatait) a jelen Feltételekben és az Adatvédelmi Szabályzatunkban – amelyet Ön elolvasott és tudomásul vesz – leírtak szerint gyűjthetjük, hozzáférhetünk, felhasználhatjuk, megőrizhetjük és nyilvánosságra hozhatjuk.",2
"Bankkártyás fizetési módra lehetőséget biztosít a Szolgáltató a vizsgálat, beavatkozás helyszínen, továbbá egyes szolgáltatások esetén előzetesen online.",4
"• szállítási mód: a rendelés leadását követően úgy módosítható, ha a Fogyasztó felveszi az Ügyfélszolgálattal a kapcsolatot.",4
Fogyasztói tájékoztató - Tájékoztató a fogyasztó vevőt megillető elállási jogról,4
Milyen esetben minősül az Áru hibásnak?,4
"12.4. A szerződő Felek az Eladó nem teljesítése, késedelmes teljesítése, illetve hibás teljesítése esetére kötbérfizetésben állapodnak meg. A kötbér alapja a szerződésszegéssel érintett nettó szerződéses érték.",4
"8. A Szolgáltató köteles a szolgáltatásokat a finanszírozási szerződésében vállalt, illetve a jogszabályban előírt időtartamban és módon folyamatosan biztosítani.",3
"Árak - Az árak Ft-ban értendők.  alanyi adómentes ÁFA értékesítés szempontjából, így az áraknak ÁFA tartalma nincs. Nem zárható ki annak a lehetősége, hogy üzletpolitikai okból az Eladó az árakat módosítsa. Az árak módosítása nem terjed ki a már megkötött szerződésekre.  az árat hibásan tüntette fel, és megrendelés érkezett az Árura, de szerződést még nem kötöttek a Felek, úgy az ÁSZF “Eljárás hibás ár” pontja alapján jár el az Eladó.",2
"4.9. Az adatok megadását követően a Felhasználó a ”megrendelés” gombra kattintva tudja elküldeni megrendelését, előtte azonban még egyszer ellenőrizheti a megadott adatokat, illetve megjegyzést is küldhet a megrendelésével, vagy e-mailben/telefonon jelezheti felénk egyéb, rendeléssel kapcsolatos kívánságát.",4
"A szerzői jogi jogsértés esetén a Szolgáltató közjegyzői ténytanúsítást alkalmaz, melynek összegét szintén a jogsértő felhasználóra hárítja. ",2
"• Amennyiben a Szolgáltató általi időpont módosítást a Páciens nem fogadja el, elállhat a szerződéstől, amely esetben a rendelkezésre állási díj visszajár a Páciensnek.",4
"VI.2. A visszatérítés során az INTERSPORT ugyanazt a fizetési módot alkalmazza, amelyet az Ügyfél az eredeti ügylet során alkalmazott, kivéve, ha az Ügyfél más fizetési mód igénybevételéhez kifejezetten a hozzájárulását adja. Az INTERSPORT nem jogosult az Ügyfélnek e visszatérítési mód alkalmazásából kifolyólag semmilyen többletköltséget felszámítani. Az INTERSPORT ugyanakkor jogosult a visszafizetést mindaddig visszatartani, amíg vissza nem kapta a terméket, vagy az Ügyfél nem igazolta, hogy azt visszaküldte és az INTERSPORT meg is kapta: a kettő közül a korábbi időpontot kell figyelembe venni.",3
"1.1. Szolgáltató neve, székhelyének postai címe, internetes honlapjának címe",3
A DH1 Hitelszerződés érvényessége,4
"Amennyiben a munkavégzés során jelentős zajhatással kell számolni, a Vállalkozó köteles meghatározni a vonatkozó előírások betartásának módját, ellenőrzését. ",4
3.2.2. Erste Lakossági Bankkártya igénylése,2
"A fogyasztó az Áru jellegének, tulajdonságainak és működésének megállapításához szükséges használatot meghaladó használatból eredő értékcsökkenésért felel.",4
31. Az Alza jelenleg az alábbi szállítási módokat kínál hatja a Fogyasztóknak: ,4
"Felek megállapodnak, hogy amennyiben az Előfizetői Szerződés létrejöttét megelőzően erre nem került sor, a
Szolgáltató az Előfizetői Szerződés megkötését követően tartós adathordozón 8 napon belül megküldi az Előfizető
részére az Egyedi Előfizetői Szerződést.",3
"2.2.12.1 A Számlatulajdonos fizetési számlájának azonosítására a Számlatulajdonos illetve – amennyiben a Számlatulajdonos ezt szerződésben engedélyezi – a számla feletti Rendelkező a következő másodlagos számlaazonosítókat regisztrálhatja a Bankon keresztül az erre szolgáló Központi Adatbázisba: a) valamely EGT-államra, mint földrajzi területre utaló országkódot tartalmazó b) elektronikus levelezési cím (továbbiakban: e-mail cím), c) belföldi adóazonosító jel vagy adószám.",2
"1.3.5 Az Eladó az Eladási ár visszatérítését visszatarthatja addig az időpontig, ameddig a megrendelt Termék visszajuttatása részére nem történik meg. A Vásárló köteles haladéktalanul (de legkésőbb a bejelentést követő 14 napon belül) intézkedni az elállásról szóló bejelentését követően a Termék visszajuttatásáról az Eladó részére.",3
"10.1 A Zalando/ Zalando Partner által értékesített árukra a magyar jogszabályi rendelkezések szerint (különösen a Polgári Törvénykönyvben és a 151/2003. (IX.22.) Kormányrendeletben foglaltak) alkalmazandó szavatossági feltételek vonatkoznak. A Zalando által értékesített termékek hibáiért való felelősségünkre a Magyarországon alkalmazandó törvényi rendelkezések az irányadóak, alábbiak szerint. Ön a szavatossági jogai alapján jogosult a Zalando-tól az áru kijavítását vagy kicserélését kérni, kivéve, ha a választott szavatossági jog teljesítése lehetetlen, vagy a Zalando részéről az alternatív megoldáshoz képest aránytalan költségekkel jár. Ha a javítást vagy cserét nem lehet vagy nem lehetett volna kérni, Ön kérheti az áru árának arányos csökkentését vagy a hiba kijavítását a Zalando költségére, vagy végső esetben elállhat a szerződéstől. Ön jogosult egyik szavatossági jogról a másikra áttérni. Az e jogok közötti áttérés költségeit azonban Ön viseli, kivéve, ha a jogok közötti áttérés a Zalando felróható magatartásának következménye. Ön köteles a Zalandot vagy a Zalando partnert az áru hibájáról, vagy annak nem megfelelőségének hiányáról a lehető leghamarabb, de legkésőbb a hiba észlelésétől számított két hónapon belül értesítenie. Az Ön szavatossági joga az áru átvételétől számított két év elteltével megszűnik, annak érvényesítésére már nem jogosult. A szerződő féltől függően Ön szavatossági igényeit a Zalando vagy egy Zalando partnerrel szemben jogosult érvényesíteni. Az áru kézbesítésének időpontjától számított hat hónapon belül észlelt hibát vagy megfelelőség hiányát úgy kell tekinteni, hogy az már a szállítás időpontjában is fennállt, kivéve, ha ez a vélelem összeegyeztethetetlen az áru természetével vagy magával a hibával. Ön, a döntése alapján jogosult kellékszavatossági vagy termékszavatossági jogait érvényesíteni. Ön csak kellékszavatossági vagy termékszavatossági jogait érvényesítheti, párhuzamos igényérvényesítés nem lehetséges. Termékszavatossági igényként Ön vagy a hibás áru kijavítását vagy annak kicserélését kérheti. Az áru akkor hibás, ha nem felel meg a megfelelőségére vonatkozó, az értékesítés időpontjában hatályos követelményeknek, vagy nem felel meg a gyártó által megadott specifikációknak. A gyártó termékszavatossági kötelezettsége az adott termék forgalomba hozatalától számított két évig áll fenn. Ön köteles haladéktalanul tájékoztatni a gyártót a megfelelőség hiányáról. Amennyiben a megfelelőség hiánya annak észlelésétől számított két hónapon belül történik, akkor azt úgy kell tekinteni, hogy az időben megtörtént.",1
3/5. A Felhasználónak a Vaterán tett ajánlatai szerződéskötési nyilatkozatnak minősülnek.,3
"5.2.4.1. Amennyiben az egyedi hirdetési szerződéssel rendelkező Felhasználó előfizetett az extra szolgáltatásra, akkor ennek keretén belül jogosult igénybe venni a 30 kép szolgáltatást. A 30 kép szolgáltatás igénybevételével a 12 darab alap kép helyett 30 képet tölthet fel a Hirdető a hirdetéseihez. A szolgáltatást bármikor lemondhatja a tárgy hó végével a Felhasználó. A lemondást követően Felhasználó számára a jelen ÁSZF 4.10. pontjában biztosított 12 kép feltöltése biztosított. Amennyiben Felhasználó rendelkezik extra szolgáltatással, akkor bármikor aktiválhatja a 30 kép szolgáltatást az extra keret terhére, amennyiben az extra keretén rendelkezik az ehhez szükséges fedezetet biztosító összeggel. Amennyiben 12 alap kép igénybevételéről kíván a Felhasználó 30 kép szolgáltatásra áttérni, akkor ezt bármikor megteheti, ezzel egyidejűleg a 30 kép szolgáltatás aktíválódik. Amennyiben a Felhasználó 30 kép szolgáltatásról kíván 12 kép megjelenítésére áttérni, akkor ezt bármikor megteheti külön díj fizetése nélkül, amely esetben a szolgáltatás lejáratáig a 30 kép megjelenítési lehetősége megszűnik, és helyette 12 kép megjelenítésére lesz lehetősége Felhasználónak.",3
"Vizitet követően a Páciens a kapott dokumentációval a recepcióhoz megy. A recepció ellenőrzi, hogy a szükséges dokumentumokat kitöltötték-e, valamint szerepel-e rajtuk az aláírás. A recepció szükség esetén, lehetőleg az orvossal egyeztetve előjegyzi a páciens számára a következő vizit időpontját. Az esetleges beutalók időpont meghatározását a recepció egyezteti a Pácienssel és a beutalási hellyel.",4
"36. A Finanszírozó az ellenőrzésről köteles jegyzőkönyvet készíteni. Az ellenőrzési jegyzőkönyv tartalmazza az ellenőrzés megállapításait, az ellenőrzés során feltárt hibákat, hiányosságokat, a hibák kijavítására, a hiányosságok megszüntetésére előírt határidőt és a Finanszírozó javaslatait. Az ellenőrzési jegyzőkönyv egy példányát a Finanszírozó köteles a Szolgáltatónak átadni. A Finanszírozó az ellenőrzés megállapításairól és javaslatairól – az adatvédelmi szabályok betartása mellett – tájékoztathatja a közszolgáltatásért felelős szervet, továbbá az egészségügyi szolgáltató tulajdonosát/fenntartóját, ha az nem a közszolgáltatásért felelős szerv, valamint szükség szerint a Magyar Orvosi Kamarát és az egészségügyi államigazgatási szervet vagy egyéb hatóságokat.",3
3.2.1.4. A Bank lakossági devizaszámlát a Számlatulajdonos kérésére a mindenkor hatályos Hirdetményben közzétett devizanemekben nyit és vezet. A Bank minden egyes devizanemre külön devizaszámlát nyit.,3
"Vállalkozói konzorcium esetén a Vállalkozó tudomásul veszi, hogy a jelen Szerződés teljesítése érdekében nem hozhat létre projekttársaságot. ",3
"1.3.3. Az Eladó fenntartja a jogot, hogy az Ügyfél által leadott Megrendelést elutasítsa. Eladó elsősorban kiskereskedelmi értékesítést végez, ezért Eladó fenntartja a jogot, hogy a Megrendelésben szereplő Termékek mennyiségéből – a készlettől függően – kevesebbet igazoljon vissza. Különösen, amennyiben a megrendelt termékek mennyisége meghaladja a háztartásban használatos mennyiséget, valamint, ha a megrendelés időszakos kampány során történik.",3
"Kérhet kijavítást vagy kicserélést, kivéve, ha az ezek közül az Ön által választott igény teljesítése lehetetlen vagy a vállalkozás számára más igénye teljesítéséhez képest aránytalan többletköltséggel járna. Ha a kijavítást vagy a kicserélést nem kérte, illetve nem kérhette, úgy igényelheti az ellenszolgáltatás arányos leszállítását vagy a hibát a vállalkozás költségére Ön is kijavíthatja, illetve mással kijavíttathatja vagy - végső esetben - a szerződéstől is elállhat.",3
"Valós idejű szöveg: kétpontos kapcsolaton vagy többpontos konferenciaalkalmazáson keresztül használt olyan szöveges kommunikációs forma, ahol a beírt szöveg oly módon kerül továbbításra, hogy az Előfizető vagy a felhasználó a kommunikációt karakteralapú formátumban folyamatosnak érzékeli.",2
"Minden Küldemény könyvelt küldeménynek számít, azaz a DPD hitelt érdemlően dokumentálja a Címzett, illetve egyéb jogosult átvevő arcképes okmányának elnevezése és okmányszáma rögzítésével vagy más alternatív (Azonosító kód / PIN kód ) módon a Küldemény kézbesítését.    ",4
"Megbízó a program/hajóbérlet kezdőnapja előtt a hajóátvételre jogosító lapot (a továbbiakban: board pass) választása szerint faxon, e-mailen, vagy Megbízott irodájában személyesen átveszi, és a helyszínre érkezéskor ezzel köteles átvenni a hajót a charter cégtől.",3
"Teljesítési határidő - A fogyasztónak minősülő Vevő esetén, a Felek eltérő megállapodásának hiányában, az Eladó a szerződés megkötését követően késedelem nélkül, de legkésőbb harminc napon belül köteles a Vevő rendelkezésére bocsátani az Árut.",2
3.4.6. A Bank a jogszabályba ütköző megbízások teljesítését megtagadja.,4
"Hirdetmény: A Bank által az ügyfélforgalom számára nyitva álló helyiségében, a szolgáltatások igénybevételeinek feltételeit tartalmazó közlemény. A Hirdetmény tartalmazza többek között a szolgáltatások tartalmát, az igénybevételéhez szükséges eszközök paramétereit, illetve a díjakat, jutalékokat.",4
"Az 50.000,- Ft-nál magasabb értékű Küldemények esetén a Feladó felülbiztosítást köthet, de figyelembe kell venni a szállításból kizárt magas értékű Küldeményekre vonatkozó szabályozást. ",4
A megsemmisült vagy a teljes egészében elveszett Küldemény esetében késedelem címén kártérítési igény nem érvényesíthető időgarantált szolgáltatás esetén sem. DPD nem felelős a következményi károkért és elmaradt vagyoni előnyért.  ,3
- A 12.9. Online Igénylés (Store) pontban foglaltak szerint.,1
"A Műsorszórás előfizetői szolgáltatás a digitális földfelszíni televízió hálózaton a www.one.hu/lefedettsegi-terkep
oldalon meghatározott magyarországi földrajzi területeken érhető el.",4
"3.1 A webáruházban megjelenített termékek kizárólag online rendelhetők meg. A termékekre vonatkozóan megjelenített árak forintban értendők, tartalmazzák a törvényben előírt áfát, azonban nem tartalmazzák a szállítás díját. Külön csomagolási költség nem kerül felszámításra.",3
"Amennyiben a Páciens kiértékelésre nem tart igényt, az eredményekről a hatályos adatvédelmi jogszabályoknak megfelelően, így különösen az 1997. évi CLIV. törvény 24§ 3/c bekezdés értelmében a jelen ÁSZF-ben és az egyedi szolgáltatási szerződés betartásával, írásban másolatot kérhet.",1
"9.8 Vis maior miatt elmaradt vagy hibásan teljesített hirdetés közzétételért a Libri Könyvkereskedelmi Kft. semmiféle kárigényt nem fogad el. Vis maiornak minősül minden olyan elháríthatatlan, a Libri Könyvkereskedelmi Kft. érdekkörén kívül álló esemény, melyet a Libri Könyvkereskedelmi Kft. sem közvetlenül, sem közvetve nem képes befolyásolni.",3
12.5 A Zalando ajándékkártya általában a vásárlástól számított 24 órán belül aktiválásra kerül.,2
"15.2. A Felek a szerződés megkötése során, és a szerződéses jogviszony ideje alatt kötelesek egymással együttműködni, egymás részére a valóságnak megfelelő adatokat szolgáltatni.",3
A fentiek alapján a megrendelésre vonatkozóan az általános teljesítési határidő a rendelés visszaigazolásától számított legfeljebb 3 nap. Az ettől esetlegesen eltérő (de 30 napnál nem hosszabb) teljesítési határidőről az Eladó az egyes szállítási módoknál ad tájékoztatást. késedelme esetén a Vevő jogosult a  szóló 2013. évi V. törvény szerint eljárni az Eladóval szemben.,3
A fogyasztói minőség fennállását a  jogosult ellenőrizni és vizsgálni. Az eljárás szabályaira a  alatt írt szabályok az irányadóak.,4
"111. A kellékszavatossági igény új termékek esetén a termék megvásárlásától (átvételétől) számított két év alatt évül el, míg használt termékek esetén a termék megvásárlástól (átvételétől) számított egy éven belül. Ezen határidőkből az első évben a Fogyasztónak a sikeres igényérvényesítéshez azt kell bizonyítani, hogy a terméket az Alzától vásárolta, illetve közölnie kell az Alzával a termék hibáját. Az Alzának ahhoz, hogy mentesüljön a kellékszavatossági igény teljesítése alól, azt kell bizonyítania, hogy a termék hibája a termék Fogyasztó részére történő átadását / teljesítést követően keletkezett.",3
"Vásárlói adatok megadása - „Megrendelés” gomb lenyomását követően megjelenik a kosár tartalma, illetve az Ön által kiválasztott Áruk megvásárlása esetén az Ön által fizetendő teljes vételár. A „Szállítási szolgáltatás” dobozban kell bejelölnie, hogy a megrendelt Árut személyesen kívánja átvenni (személyes átvétel), vagy kiszállítást kér. Kiszállítás esetén a rendszer jelzi a kiszállítás díját, melyet Ön köteles megfizetni megrendelés esetén.",4
"26. A Szolgáltató köteles a jogszabályban meghatározott időpontig az általa nyújtott, a finanszírozás alapjául szolgáló szolgáltatásokról rejtjelezéssel védett adatátviteli vonalon a megadott formátumban (rekordkép) adatot szolgáltatni (a továbbiakban: jelentés) a Finanszírozó részére. A Szolgáltató felel az általa megküldött jelentésben foglaltak valódiságáért.",2
"8.2. A Fogyasztó kötelessége a szerződés megkötésének bizonyítása (számlával, vagy akár csak nyugtával).",3
"• BKK Zrt.: BKK Budapesti Közlekedési Központ Zártkörűen Működő Részvénytársaság Budapest Főváros Önkormányzata által jegy- és bérletértékesítésre, valamint utastájékoztatásra kijelölt szervezet, amely az Alkalmazást üzemelteti és a Szolgáltatásokat nyújtja.",2
"A szóbeli panaszt az Eladó azonnal megvizsgálja, és szükség szerint orvosolja. Ha a fogyasztó a panasz kezelésével nem ért egyet, vagy a panasz azonnali kivizsgálása nem lehetséges, az Eladó a panaszról és az azzal kapcsolatos álláspontjáról haladéktalanul jegyzőkönyvet vesz fel, és annak egy másolati példányát személyesen közölt szóbeli panasz esetén helyben a fogyasztónak átadja, telefonon vagy egyéb elektronikus hírközlési szolgáltatás felhasználásával közölt szóbeli panasz esetén a fogyasztónak legkésőbb 30 napon belül - az írásbeli panaszra adott válaszra vonatkozó előírásoknak megfelelően - az érdemi válasszal egyidejűleg megküldi. A panaszról felvett jegyzőkönyvnek tartalmaznia kell az alábbiakat: a fogyasztó neve, lakcíme, vagy elektronikus levelezési címe, a panasz előterjesztésének helye, ideje, módja, a fogyasztó panaszának részletes leírása, a fogyasztó által bemutatott iratok, dokumentumok és egyéb bizonyítékok jegyzéke, a vállalkozás nyilatkozata a fogyasztó panaszával kapcsolatos álláspontjáról, amennyiben a panasz azonnali kivizsgálása lehetséges, a jegyzőkönyvet felvevő személy és – telefonon vagy egyéb elektronikus hírközlési szolgáltatás felhasználásával közölt szóbeli panasz kivételével – a fogyasztó aláírása, a jegyzőkönyv felvételének helye, ideje, telefonon vagy egyéb elektronikus hírközlési szolgáltatás felhasználásával közölt szóbeli panasz esetén a panasz egyedi azonosítószáma, és az arra vonatkozó figyelmeztetést, hogy ha a fogyasztó a jegyzőkönyv felvétele során az a. és c. pontban foglalt adatokat nem adja meg, vagy a jegyzőkönyv aláírását megtagadja, az Eladó a szóbeli panasz elintézése során az írásbeli panaszra vonatkozó válaszadási előírások alkalmazását mellőzi",3
"5.2.3.4. TOP hirdetés kiemelés: A megrendelt hirdetés az adott gyártmány és modell szerinti felhasználói keresések (szűrések) találati listájában 1 hétig a lista első pozíciójában jelenik meg. Egy adott időszakban csak egy hirdetésre rendelhető meg a kiemelés, több megrendelés beérkezése esetén Üzemeltető az azonos időszakra legkorábban beérkezett megrendelést teljesíti. Kizárólag gyártmány alapján történő keresés (szűrés) esetén az adott gyártmány egyes típusaira az érintett időszakban megrendelt valamennyi Top hirdetés kiemelésű hirdetés külön, csak Top hirdetéseket tartalmazó szekcióban – amely megelőzi a rendes találati listát – jelenik meg szempontként a hirdetés azonosító szerinti növekvő sorrendben. Amennyiben a Felhasználónak közös hirdetési csomagra van előfizetése, és a www.jofogas.hu weboldalra is áttöltötte a hirdetését a Jófogás áttöltés funkció alkalmazásával, akkor ez a Szolgáltatás a www.jofogas.hu weboldalra feltöltött hirdetésnél is megjelenik. Közös hirdetési csomag esetén a Top hirdetés kiemelés kizárólag Autó, Motor és Kishaszongépjármű kategóriákban érhető el.",2
42. A Felek kötelesek a vonatkozó adatvédelmi szabályok betartására.,4
"Fentiekhez kapcsolódóan a Feladót a Szolgáltató tájékoztatja arról, és a Feladó elfogadja azt, hogy a Szolgáltatás nyújtásához kapcsolódóan a Feladó munkavállalóinak, saját ügyfeleinek (természetes és jogi személyek), és ügyfelei ügyfeleinek (végső ügyfelek), és a Címzetteknek az adatai a DPD Hálózat tagjainak SDN monitoring rendszerébe betöltésre (átadásra) kerüljenek annak ellenőrzése érdekében, hogy a munkavállalók, ügyfelek, és végső ügyfelek nem szerepelnek az SDN listán. A Feladó köteles az alkalmazottait, ügyfeleit és végső ügyfeleit tájékoztatni ezen, DPD hálózati tag által kifejtett adatkezelésről.  ",0
"Szolgáltató részére az e-könyvekre vagy e-hangoskönyvekre leadott megrendelések minden esetben a rendelés során, online fizetendőek, az ilyen rendelésekről 2019.01.20-ig a KBOSS.hu Kft. (szamlazz.hu) állított ki elektronikus számlát, amely a rendelés teljesítése után a vásárláshoz szükséges regisztrációban megadott e-mail címre kiküldött e-mailben található hivatkozáson keresztül tölthető le a jogszabályok által előírt megőrzési időn belül. A számlázóprogram az egyes elektronikus számlákat .pdf formátumban állítja ki. 2019.01.21-től az elektronikus számlát az Infobex Kft. kezeli. A jelen pont szerinti rendelések esetén papír alapú számlát a Szolgáltató nem biztosít a Felhasználók részére.",1
5.2 Épületrészenkénti mérés szerinti távhőszolgáltatás esetén a szolgáltatás teljesítési helye a felhasználói vezeték-hálózaton elhelyezett hiteles hőmennyiségmérő Felhasználó felőli oldala.,4
3.1. A Páciens a Szolgáltatás igénybevételéért Szolgáltatási díjat köteles fizetni.,4
5.2.2.2. Kiemelés címlapra: Kiemelés címlapra Szolgáltatás alapján az adott hirdetés a megvásárolt időszakra bekerül a kiemelt hirdetések közé a főoldalon. A kiemelés címlapra Szolgáltatás minimum 1 (egy) napra rendelhető meg.,4
"5.4 Az Önnel folytatott kommunikációnk történhet harmadik fél szolgáltatón keresztül. Ön tudomásul veszi, hogy az Adatvédelmi szabályzatunknak megfelelően a velünk, a kereskedőpartnereinkkel vagy ügynökeinkkel folytatott kommunikációját minőség-ellenőrzési és képzési célokból, illetve az Ön, a mi és/vagy a kereskedőpartnerek érdekeinek védelme érdekében rögzíthetjük, nyomon követhetjük és tárolhatjuk.",3
"1.4    A Webáruházban történő vásárlás elektronikus úton leadott megrendeléssel lehetséges, a jelen ÁSZF-ben meghatározott módon. Felhívjuk szíves figyelmüket arra, hogy jogi szempontból a Webáruházban leadott megrendelések ráutaló magatartás formájában tett ajánlatnak minősülnek, amelyek alapján az adásvételi szerződés a Szolgáltató Megrendelésre vonatkozó megerősítésével jön létre. A létrejött szerződés nem minősül írásbeli szerződésnek, iktatásra nem kerül, így utólag nem hozzáférhető. A szerződés létrejöttét az elektronikusan elmentett vásárlási adatok igazolják, amelyeket a Szolgáltató a számvitelre és adózásra vonatkozó jogszabályokban meghatározott határideig őriz.",2
"3/6. A Felhasználó a saját maga által indított árverésen nem licitálhat, vételi ajánlatot nem tehet, sem önmaga, sem megbízottja segítségével, sem saját, sem pedig más, a Vaterán regisztrált felhasználónevet felhasználva (önlicit). Önlicit esetén a Vatera jogosult a Felhasználó hozzáférését felfüggeszteni, vagy véglegesen megszüntetni.",4
"4.13. A Szolgáltató a rendelés teljesítésének megkezdéséig megadja a lehetőséget a vásárlónak rendelése visszavonására elektronikus úton. A rendelés teljesítésének megkezdésekor a vásárló e-mailben és/vagy telefonon értesítést kap a teljesítés várható időtartamáról, és a teljesítés megkezdésének tényéről, ezután már csak személyesen vagy a ""Kapcsolat"" menüpont alatt található elérhetőségek valamelyikén keresztül van lehetőség rendelésének visszavonására.",3
"Üzleti Előfizető a Helyhez kötött műsorterjesztés előfizetői szolgáltatások közül csak a Magyar Telekom optikai
és koaxiális hálózatán nyújtott helyhez kötött műsorterjesztés előfizetői szolgáltatás igénybevételére jogosult.
A Helyhez kötött műsorterjesztés előfizetői szolgáltatásra vonatkozó részletes leírást, a rá vonatkozó további
információkat, így különösen a szolgáltatás díjcsomagjaiba tartozó médiaszolgáltatások, és a kiegészítő
médiaszolgáltatások felsorolását, valamint a szolgáltatás igénybevételének korlátait, az igénybevételt befolyásoló
egyéb tényezőket a jelen ÁSZF 1. számú melléklete tartalmazza.",3
"Az elállási jogot határidőben érvényesítettnek kell tekinteni, ha a fogyasztó nyilatkozatát határidőn belül elküldi.",4
"A Vállalkozó késedelmes teljesítés, azaz a teljesítési határidő(k) (a részhatáridőket és a véghatáridőt is beleértve) Vállalkozónak felróható elmulasztása esetén késedelmi kötbért köteles fizetni, amelynek mértéke a teljes nettó vállalkozói díj napi 1 %-a, de maximum 20 % az adott késedelmes teljesítésre vonatkoztatva.  ",4
137. A kijavítás során a fogyasztási cikkbe csak új alkatrész kerülhet beépítésre.,4
"A Megrendelő jogosult a Vállalkozó által végzett munkát és a felhasználásra, beépítésre kerülő anyagokat, berendezéseket ellenőrizni. Ha a Megrendelő elrendeli, a Vállalkozó köteles feltárni a munka bármely részét. ",4
"A vasúti társaság az utazásra jogosultság ellenőrzését követően az utas menetjegyét, utazási okmányait, igazolványát haladéktalanul köteles visszaadni, kivéve, ha az Üzletszabályzat vagy a Díjszabás szerint be kell vonni azt. Menetjegy, igazolvány egyebekben csak annak ellenőrzése és – a 9.1.5. d) pontban szabályozott esetben – adatainak rögzítése céljából és annak idejére kérhető el az utastól.",1
"6.13. Az elállási jog nem illeti meg a vállalkozást, azaz az olyan személyt, aki a szakmája, önálló foglalkozása vagy üzleti tevékenysége körében jár el.",3
"126. Jótállási idő vége: A kötelező jótállásból eredő két vagy hároméves jótállási idő jogvesztő. Ez azt jelenti, hogy a jótállási határidő lejárta után jótállási igény érvényesítésére nincs mód. A jótállási idő azonban meghosszabbodik azzal az idővel, amely alatt a Fogyasztó a fogyasztási cikket a hiba miatt rendeltetésszerűen nem használhatta. Így például, ha a termék javítószolgálatnál volt, a javítási idő hosszával a jótállási idő meghosszabbodik.",3
"10.2 Az értékesített termékekkel kapcsolatos információk elérhetők a weboldalon. Bár igyekszünk pontos információkat nyújtani a Temu oldalán, előfordulhatnak tipográfiai hibák, pontatlanságok vagy hiányosságok a rendelkezésre állással, termékleírásokkal, árképzéssel és egyéb termékinformációkkal kapcsolatban. Az alkalmazandó jogszabályoknak megfelelően, és ha a jelen Feltételek másként nem rendelkeznek, amennyiben bármely információ a Temun pontatlan, fenntartjuk a jogot arra, hogy kijavítsuk, és módosítsuk vagy megváltoztassuk az információt, illetve töröljük a megrendeléseket vagy azok egyes részeit a termék feladása előtt. Ebben az esetben felvesszük Önnel a kapcsolatot útmutatásért, vagy értesítjük Önt az ilyen törlésről, és visszatérítést biztosítunk az ilyen törlésről. Az Ön törvényben biztosított jogainak sérelme nélkül, és ha a Szolgáltatások másként nem rendelkeznek, Ön jogosult a megrendelését bármikor, a kiszállításra történő csomagolás előtt, díjmentesen és előzetes értesítés nélkül lemondani, és az ilyen lemondás esetén visszatérítésben részesül. Még akkor is, ha a termék már csomagolásra került a kiszállításhoz, Ön a kézhezvételt követően jogosult azt visszaküldeni, és ilyen visszaküldés esetén visszatérítésben részesül. A megrendelések lemondására, a termékvisszaküldésekre és a visszatérítésekre vonatkozó részletekért kérjük, látogassa meg a Támogatási Központot, valamint a Visszatérítési és Visszaküldési Szabályzatot.",1
"A visszakézbesíthetetlen Küldeményt a DPD három hónapig őrizni köteles, ezt követően a Küldeményt felbonthatja, megsemmisítheti vagy értékesítheti. Erről Szolgáltató megfelelő dokumentációt köteles vezetni. A DPD az értékesítésből befolyt összeget a visszakézbesíthetetlen Küldemények őrzése következtében általában felmerült költségek csökkentésére fordítja vagy e célra rendelkezésre tartja. ",2
"10.1. A Szolgáltatót semmilyen felelősség nem terheli, amennyiben a szállítási késedelem, illetve egyéb probléma a Felhasználó által pontatlanul és/vagy hibásan megadott adatok miatt következett be.",4
"7.6 A szolgáltatásnak a Szerződés jelen pontja szerinti szüneteltetése, vagy korlátozása miatt a felhasználói berendezésekben keletkezett igazolt károkat a szolgáltatás szüneteltetésében, illetve korlátozásában vétlen Felhasználó részére a BKM NONPROFIT Zrt. köteles megtéríteni. Ezen túlmenően a BKM NONPROFIT Zrt.-t a szolgáltatás szüneteltetéséből, illetőleg a korlátozásából eredő károkért kártérítési kötelezettség nem terheli.",2
"Ügyfélszolgálati és hibabejelentő telefonszám: 1414 (valamennyi belföldi hálózatból díjmentesen hívható), +36 1 2659210 (mobil szolgáltatások), 1777 (Domino szolgáltatás)",4
"A békéltető testület – kivéve, ha a fogyasztó személyes meghallgatást kér - a meghallgatást személyes jelenlét nélküli, hang- és képi átvitelt egyidejűleg biztosító elektronikai eszköz útján online formában tartja meg (a továbbiakban: online meghallgatás).",3
"6.9. A visszatérítést Szolgáltató mindaddig visszatarthatja, amíg vissza nem kapta az áru(ka)t, vagy Felhasználó hitelt érdemlően nem bizonyítja, hogy azokat visszaküldte.",3
"12. A Felhasználó tudomásul veszi, hogy amennyiben nem tesz eleget a jelen felhasználási feltételekben foglaltaknak, és a BKK Zrt. nem teszi meg azonnal az ezzel kapcsolatos intézkedéseket, ez nem jelenti azt, hogy a BKK Zrt. lemondana az esetleges intézkedések jövőbeni megtételére vonatkozó jogairól.",3
"14.7 A BKM NONPROFIT Zrt. köteles a tulajdonát képező szolgáltatói berendezéseket és hőközpontot a felhasználási helyről a saját költségén eltávolítani, és az így megüresedő helyiség(ek)et az épülettulajdonos rendelkezésére bocsátani, kivéve, ha ezen berendezésekkel más Felhasználó távhőigényét továbbra is kielégíti.",2
"9.8. Amennyiben Vállalkozó  a munkát a munkaterület átvétele után 2 héten belül nem
kezdi meg, Megrendelő  jogosulttá válik a szerződéstől való elállásra, Vállalkozó
pedig köteles a teljes vállalkozói díj 10% -át meghiúsulási kötbérként megfizetni,
valamint Megrendelő  ezt meghaladó kárát megtéríteni. Ha a vállalkozói díj óra -,
vagy napidíjban van meghatározva, akkor a meghiúsulási kötbér összege minimum",3
"A Vatera által nyújtott Szolgáltatásokat az Üzemeltető üzemeltetésében álló Vaterafutar.hu weboldal felhasználója külön regisztráció nélkül, a Vaterafutar.hu weboldalon regisztrált felhasználói fiókja bejelentkezési adataival használhatja. Úgyszintén a Vaterafutar.hu weboldal szolgáltatásait a Vatera felhasználója is külön regisztráció nélkül, a Vatera felhasználói fiókja bejelentkezési adataival használhatja. A Felhasználó jelen ÁFF elfogadásával elfogadja egyben a Vaterafutar.hu általános felhasználási feltételeit (https://www.vaterafutar.hu/aff).",4
"3.2.4 Amennyiben az anyag átadása, illetve a visszaigazolás után a Megbízó részéről a hirdetési anyag tartalma vagy publikálási módja tekintetében változtatás iránti igény merül fel, úgy ennek bejelentésekor a Megbízó új, nyomdakész anyagról is köteles gondoskodni. Változtatás iránti igény írásbeli bejelentésének és az új anyag átadásának az anyagleadási határidőig meg kell történnie. Megbízó tudomásul veszi, hogy a Hirdetés cseréjére csak a meghatározott határidőt megelőzően, kizárólag a Libri Könyvkereskedelmi Kft. írásbeli értesítése mellett van lehetőség.",3
"6. A BKK Zrt. kizárja felelősségét mindazon okokból eredő következményekért, amelyek nem tartoznak a BKK Zrt. jelen ÁSZF tárgyába tartozó tevékenységéhez. A BKK Zrt. nem tartozik felelősséggel azért, hogy a Felhasználó vagy harmadik személy az Alkalmazást milyen módon és milyen célra használja. Így különösen nem tartozik felelősséggel azért, hogy a Felhasználó vagy harmadik személy az Alkalmazás használata során tevékenységét az arra vonatkozó jogszabályok és egyéb szerződések rendelkezésének megfelelően gyakorolja-e.",2
"c) A Szolgáltatásért járó ellenszolgáltatás adóval megnövelt teljes összegéről, valamennyi felmerülő költségről szóló tájékoztatás, valamint arról, hogy milyen további költségek merülhetnek fel, a 3/a-3/d. mellékletekben található meg.",2
"Az utasnak az utazás megkezdésekor – ha jelen Üzletszabályzat másként nem rendelkezik – a megszakítás nélkül beutazni kívánt teljes viszonylatra érvényes menetjeggyel és a vonat igénybe vételéhez szükséges felárbizonylattal kell rendelkeznie, kivéve, ha az utazás megkezdésének helyén nincs menetjegykiadás.",3
2.6. Speciális Bankszámlák,4
"7.16. Felhasználó vállalja, hogy minden, az Üzemeltető által megkövetelt intézkedést megtesz az Üzemeltető jó hírnevének megóvása érdekében.",4
"3.1.3. A Bank a Bankszámla egyenlege után a Bankszámlaszerződésben rögzítettek szerint kamatot fizet, a Számlatulajdonos pedig köteles a Bankszámlaszerződésben a számlavezetéshez kapcsolódóan megállapított költségeket a Bank részére megfizetni.",3
(4) A Kincstár meghatározza a keret-átvezetéssel összefüggő egyéb rendelkezéseket.,4
3. A BKK Zrt. semmilyen esetben sem felelős az észszerű módon előre nem látható veszteségekért vagy károkért.,4
"3.2.3.4. Közös tulajdonú, önálló rendelkezésű lakossági bankszámla esetén a Bank a Számlatulajdonosok számára egy közös TPIN kódot és egy közös TeleBank Ügyfél-azonosító kódot biztosít, amely igényléskor a Főszámlatulajdonosnak kerül átadásra. A Számlatulajdonosok ezeket az azonosító kódokat önállóan jogosultak használni mindaddig, amíg a Bank a Társtulajdonos részére nem biztosít önálló TPIN kódot és TeleBank Ügyfél-azonosító kódot a közös számla használatához. Amíg közös használatúak az azonosító kódok, azok titokban tartásáért, biztonságos kezeléséért, használatáért a jelen ÁSZF-ben foglalt felelősséget a Számlatulajdonosok közösen viselik. A Bank a TeleBank használata során a Számlatulajdonosoknak átadott vagy általuk megadott E-csatorna azonosító kódok használatát bármely Számlatulajdonos önálló használatának tekinti. A TeleBank közös használatából eredő bármilyen kárért a Számlatulajdonosok felelősek. A Társtulajdonos részére biztosított önálló TPIN kód és TeleBank Ügyfél-azonosító kód Bank általi megküldését/átadását követően, de legkésőbb 2025. január 31-től mind a Főtulajdonos, mind a Társtulajdonos kizárólag a saját önálló TeleBank Ügyfél-azonosítója használatával veheti igénybe a TeleBank szolgáltatást a közös számla kezeléséhez. Az azonosító kódok, jelszavak titokban tartásáért, biztonságos kezeléséért, használatáért a jelen ÁSZF-ben foglalt felelősséget minden Számlatulajdonos önállóan viseli.",1
"Megbízott tájékoztatja megrendelőt és megrendelő már jelen szerződés aláírásával kifejezetten tudomásul veszi, hogy a hajóátvétel során a chartercéggel, illetve a hajó bérbeadására jogosulttal hajóbérleti szerződés aláírása válhat szükségessé. Ilyen hajóbérleti szerződés kötése esetén a hajó bérleti jogviszonyára vonatkozóan az abban foglalt rendelkezések irányadók, abban az esetben is, amennyiben a fentiekkel ellentétes rendelkezést tartalmaznak.",1
Mttv.: a médiaszolgáltatásokról és a tömegkommunikációról szóló 2010. évi CLXXXV. törvény,2
"o) A segélyhívó szolgálatokhoz, a segélyszolgálati állomásokhoz, valamint a segélyhívó fél helymeghatározásához szükséges adatokhoz való hozzáférés műszaki korlátai, ha vannak ilyenek az ÁSZF Törzsrész 3. pontjában található meg.",2
XV. FELELŐSSÉGKORLÁTOZÁS,4
"7.3. Amennyiben a kivitelezés során a tervben szereplő, de a költségvetésből hiányzó
munkák elvégzésének szükségessége merül fel, úgy  azt a Vállalkozó  köteles a
papír alapú vagy a z elektronikus építési naplóba bejegyezni és a Megrendelő
képviselőjével a teljesítést igazoltatni. Átalányáras szerződés esetében
Vállalkozónak a többletmunkát az átalánydíj keretén belül kell elvégeznie, azaz ezért
többletdíj nem illeti meg az Általános Szerződési Feltételek (ÁSZF) 2.1,2.2,2.3
pontjai értelemében.",1
"Megrendelés: A termék(ek) kosárba tételét, a lap tetején jobb oldalt található ajándéktasak ikonra kattintást és a Tovább a kosárhoz gombra kattintást követően az alábbiakra van lehetőség: a kiválasztott termékek megtekintésére, kuponok és törzsvásárlói pontok beváltására,átvételi mód és átvételi hely, házhoz szállítás esetén futárszolgálat választására, szállítási és értesítési adatok megadására és módosítására, a nem bolti átvételű rendelésekhez alapbeállításként megadott elektronikus számla helyett papír alapú számla igénylésére, fizetési mód kiválasztására (bolti átvétel esetén online előre fizetés nem választható, külföldi szállítás pedig kizárólag online előre fizetéssel adható le), számlázási adatok megadására, illetve nem bolti átvételű rendelések esetén Libri ajándékkártya felhasználására, a kiválasztott termékek, a megadott szállítási és számlázási adatok, a kiválasztott átvételi és fizetési mód, a várható szállítási idő és a rendelés összegének ellenőrzésére.",3
"1. Átvétel után azonnal csomagolja ki, és nézze meg, hogy tetszik-e a szín, típus, és nincs-e rajta sérülés, amit ritka esetekben a külsős futárcég okozhat. Ha bármi lenne rögtön írjon/hívjon, hogy azonnal megoldhassuk INGYENESEN, de ne kerékpározzon vele még egy métert sem. Ha közlekedés után jelzi az esetleges futár okozta sérülést, már sajnos nem tudunk kezdeni vele semmit, hisz a szállítás okozta sérülés felelősségvállalása, használatba vétel után megszűnik.",4
"10.3 Az ÁSZF-ben nem szabályozott kérdésekben a Polgári Törvénykönyvről szóló 1959. évi IV. törvényben, a vonatkozó mindenkori pénzforgalmi valamint az elektronikus fizetési eszközökről szóló jogszabályokban, valamint a Bank Üzletszabályzatában, a tranzakciós szerződésekben, a bankszámla ÁSZF-ben foglaltak az irányadók.",2
"r) Az előfizetői szerződés fennállása alatt, vagy annak megszűnését követően az Eht. 143. § (2) bekezdése szerinti elévülési időn belül az Előfizető kérheti, hogy az előfizetői szerződés – általa megjelölt időpontjában hatályos – tartalmáról szóló, legalább az Eszr. 11. § szerinti elemeket tartalmazó dokumentumot a szolgáltató a rendelkezésére bocsássa. A szolgáltató e dokumentumot az előfizető részére a kérelem beérkezésétől számított 8 napon belül – Internet-hozzáférés szolgáltatás kivételével – a Felek megegyezése szerinti Tartós adathordozón, megegyezés hiányában papíron, nyomtatott formában, évente egyszer ingyenesen rendelkezésre bocsátja. Internet-hozzáférés szolgáltatás esetében a szolgáltató a dokumentumot az Előfizető kérelmére a kérelem beérkezésétől számított 8 napon belül Tartós adathordozón évente egyszer ingyenesen rendelkezésre bocsátja.",0
"A díj kifizetése a teljesítés alapján kiállított és a Megrendelő által elfogadott számla ellenében banki átutalással történik, a számla kézhezvételének napjától számított 60 napon belül, kivéve, ha a Megrendelés vagy a Szerződés eltérően rendelkezik. Elektronikus számla esetén a kézhezvétel napja a munkanapon 15:00 óráig beérkezett számla esetén az adott munkanap, 15:00 óra utáni vagy munkaszüneti napon történő beérkezés esetén a következő munkanap. ",3
"A regisztráció, illetve a Szolgáltatás igénybevétele során tett kifejezett nyilatkozattal, Társaság és a Felhasználó között távollevők közötti szerződés (online szerződés) jön létre, amely nem minősül írásbeli szerződésnek. A szerződéskötés nyelve kizárólag a magyar. Az online szerződést a Társaság nem rögzíti, így az a szerződéskötést követően nem érhető el. Az online szerződés létrejöttét az elektronikusan elmentett hirdetési adatok és az igénybe vett Szolgáltatásokra vonatkozó adatok igazolják. A Felhasználó által a Weboldalra feltöltött tartalmat a Felhasználó köteles archiválni. A Felhasználó a Vatera használatának megkezdésével, illetve regisztráció esetén a regisztráció során a Vaterán tett kifejezett nyilatkozattal elfogadja és magára nézve kötelezőnek ismeri el a jelen ÁFF és az Adatvédelmi Tájékoztató rendelkezéseit, továbbá kötelezettséget vállal az ÁFF betartására. A Társaság fenntartja jogát a jelen ÁFF egyoldalú módosítására. A módosításról a Vatera rövid felhívás formájában, legkésőbb a módosítás hatálybalépésekor tájékoztatja a Felhasználót. A felhívást a Vatera erre a célra szolgáló felülete, vagy valamennyi felhasználónak, a személyes menüben (felhasználói fiókban) megadott e-mail címre küldött értesítés tartalmazhatja. A Felhasználó a módosítás személyes menüben történő elfogadásával nyilatkozik a módosítás elfogadásáról vagy elutasításáról. Ameddig a Felhasználó nem fogadja el a módosítást a Szolgáltatáshoz történő hozzáférést a Vatera felfüggeszti. Amennyiben a Felhasználó a módosított ÁFF mellett nem kívánja tovább igénybe venni a Társaság Szolgáltatását, felhasználói fiókját jogosult megszüntetni, a jelen ÁFF rendelkezései szerint.",2
"29. A Szolgáltatónak az adathiány pótlására, illetve a már beküldött hibás adatok javítására és az azokon alapuló elszámolásra jogszabályban meghatározott határidők szerint van lehetősége.",4
"− elektronikus szerződéskötés esetén vagy a felsőoktatási intézmény tanulmányi rendszeréből indítva, a Diákhitel Direkt hiteligénylési felületre irányítva, vagy közvetlenül a Diákhitel Direkt hiteligénylési felületen indítva, a DH1 Hitelszerződés és a DH1 Hiteligénylési Adatlap elektronikus ügyintézési szolgáltatás útján történő, fokozott biztonságú elektronikus aláírásával",2
"Ha a Szolgáltató a 373/2021. (VI. 30.) Korm. rendelet 17. § (1) és (2) bekezdése szerinti teljesítési kötelezettségének nem tesz eleget, a fogyasztó köteles a Szolgáltatót felhívni a teljesítésre. Ha a fogyasztó felhívása ellenére a Szolgáltató a digitális tartalom vagy a digitális szolgáltatás késedelem nélküli vagy a felek által elfogadott póthatáridőn belüli szolgáltatását vagy nyújtását elmulasztja, a fogyasztó megszüntetheti a szerződést.",1
"E jog bárminemű megsértése esetén eljárást kezdeményezünk. A Mobilalkalmazás a szerzői jogról szóló 1999. évi LXXVI. törvény és egyéb, a szellemi alkotásokra vonatkozó jogszabályi rendelkezések védelme alatt áll. A Felhasználó tudomásul veszi, hogy a Mobilalkalmazás letöltésével és használatával korlátozott, azaz nem kizárólagos, nem átruházható felhasználási jogot szerez, tulajdonjogot nem. A Mobilalkalmazás szerkezete, felépítése, grafikája, logói és kódja a Szolgáltató szakmai és üzleti titkának, bizalmas információjának minősül. A Mobilalkalmazás kizárólag az ÁSZF feltételei alapján használható.",1
a. ha a végső ár alacsonyabb: úgy a különbözetet az Alza visszatéríti a Fogyasztó részére; ,4
"11.7.  A kivitelezés, a munkavégzés során a foglalkoztatott munkavállalók, személyek
részére szükséges védőfelszerelések, védőberendezések biztosításáról, a
szükséges munkavédelmi, tűzvédelmi oktatásokról, az alkalomszerű tűzgyújtási
engedélyek, beszállási engedé lyek kiadásáról és meglétéről, a feladatok
végzéséhez szükséges engedélyek, szakvizsgák meglétéről a Vállalkozó saját
hatáskörében köteles gondoskodni, azokról a munkák megkezdése előtt a
Megrendelő részére másolati példányát átadni.  Ettől eltérés csak írásban
rögzített közös megállapodással lehetséges.",3
"Ügyfél: A szolgáltatás alapjául szolgáló bankszámlaszerződéssel rendelkező természetes személy, illetve gazdálkodó és egyéb szervezetek.",3
"VIII.1. Az INTERSPORT minden jogot fenntart, különösen a védjegy és szerzői jogot, a weboldal teljes tartalmára vonatkozóan, különösen a védjegyek, logók, szövegek, grafikák, fényképek, arculat és zene vonatkozásában. Ha a használatot a jogszabályok kötelezően nem teszik lehetővé, akkor a weboldal tartalmainak - szerződésben megállapított teljesítési kötelezettségen túlmenő - használatához, különösen adatbankokban történő tárolásához, a sokszorosításához, terjesztéséhez vagy szerkesztéséhez az INTERSPORT kifejezett írásbeli hozzájárulására van szükség.",2
"Fizethet a saját PayPal-számláján keresztül. A megrendelés leadását követően oldalunk átirányítja Önt a PayPal oldalára, ahol kifizetheti a megrendelés értékét. Amint PayPal-számlánkra megérkezik az Ön által adott engedélyről az értesítés, az árukra vonatkozóan meghatározott szállítási határidőtől függően megkezdjük a kiszállítást. A szállításkor PayPal-számláját az esetleges kedvezmények, például kuponok stb., levonása után megterheljük a ténylegesen kiszámlázott összeggel. A megrendelő kérésére előállított vagy egyértelműen a megrendelő személyére szabott áruk esetében PayPal-számláját a kedvezmények, kuponok stb. levonását követően haladéktalanul megterheljük a ténylegesen kiszámlázott összeggel.",4
"17.6. Lemondás. Ha nem reagálunk az Ön vagy mások által elkövetett jogsértésre, az nem jelenti azt, hogy lemondunk arról a jogunkról, hogy a későbbi vagy hasonló jogsértésekkel kapcsolatban fellépjünk.",4
DH1 - papíralapú szerződéskötés,4
"A Fogyasztó mind a kellékszavatossági jogok gyakorlásánál, mind az alább részletezett kötelező jótállás esetén - választása szerint- két lépcsőben, az alábbi kellékszavatossági igényekkel élhet: Kérhet kijavítást vagy kicserélést, kivéve, ha az ezek közül a Fogyasztó által választott igény teljesítése lehetetlen vagy a Szolgáltató számára más igény teljesítéséhez képest aránytalan többletköltséggel járna.",2
"Az Eszköz megfelelő működéséért a Szolgáltatót csak olyan mértékben terheli felelősség, hogy az átadott Eszköz
a hivatalos szabványnak vagy műszaki előírásnak megfeleljen. A Szolgáltató nem vállal felelősséget azokért a
károkért, amelyek az Előfizető érdekkörében merülnek fel, ideértve különösen az Előfizető által a Szolgáltatótól
függetlenül beszerzett Eszköz használatából eredő kárt, valamint a Helyhez kötött és Műsorterjesztés előfizetői
szolgáltatás esetében az olyan, ingatlanon belül kiépített kábelhálózaton keletkezett kárt, mely az Előfizető
ingatlanában már korábban kiépítésre került és az Előfizető döntése szerint a Szolgáltató ezen hálózaton keresztül
biztosítja a szolgáltatást.",1
"4.16 Az elveszett, ellopott, technikailag hibás e-bank azonosító kártya, illetve e-azonosító szám esetén az Ügyfél pótkártya, illetőleg pót-azonosító kibocsátását igényelheti. A Bank jogosult a pótkártya kibocsátását indokolás nélkül megtagadni. Az e-bank azonosító kártya, illetve az e-azonosító szám pótlásának díját a Hirdetmény tartalmazza.",3
"A Szerződés teljesítése során megszerzett általános ismereteket, módszereket, koncepciót a Megrendelő – titoktartási kötelezettsége betartása mellett – korlátozás nélkül felhasználhatja. ",3
"(4) A Szerződő Fél az Adatlap(ok) kitöltésével igényelhet, vagy szüntethet meg egy-egy Kártyát, illetve változtathatja meg annak kondícióit vagy funkcióit. A Szerződő Fél a Szerződéshez kapcsolódóan egyidejűleg több Kártyát is igényelhet.",3
"Ha a visszatérítéshez adatokra (pl. bankszámlaszámra vagy kézbesítési címre) van szükség, az adatokat a visszatérítés szükségességének felmerülését követően háromszor kíséreljük meg bekérni. Ha ezek eredménytelennek bizonyulnak, ezt követően a vásárló kezdeményezheti a visszatérítést az ahhoz szükséges adatok megadásával elévülési időn belül.",2
"A jelen ÁSZF-ben nem szabályozott kérdésekben a szolgáltatás nyújtásakor hatályos Posta tv., a végrehajtási rendeletei, az ott nem szabályozott kérdésekben a mindenkor hatályos polgári törvénykönyv és az egyéb vonatkozó magyar jogszabályok rendelkezései az irányadók. ",2
"(2) A Bank a Kártyát éves díj felszámítása mellett, a Hirdetményben meghatározott időn belül bocsátja a Kártyabirtokos rendelkezésére.",3
"6.1. Az Európai Parlament és a Tanács 2011/83/EU számú irányelvének, továbbá a fogyasztó és a vállalkozás közötti szerződések részletes szabályairól szóló 45/2014. (II.26.) Korm. rendelet szabályozása értelmében Felhasználó a megrendelt termék kézhez vételétől számított 14 napon belül indokolás nélkül elállhat a szerződéstől és visszaküldheti a megrendelt terméket. A Vevő határidőben gyakorolja elállási/felmondási jogát, ha a fent megjelölt határidő lejárta előtt elküldi elállási/felmondási nyilatkozatát. Kétség esetén a Vevőt terheli annak bizonyítása, hogy az elállási jogot az e szerződésben, illetve a jogszabályban szabályozottak szerint gyakorolta.",0
"14.19 A Szerződés felmondása, illetőleg az épületrész távhőellátásának megszűnése esetén a Felhasználó vagy a Díjfizető távhődíj-fizetési kötelezettsége abban az időpontban szűnik meg, amikor a Felhasználó a jogszabályi feltételeket teljesítette, a távhő bármilyen módon való igénybevételét megszüntette, továbbá épületrész leválása esetén sor került a Szerződésnek a hődíj szétosztására vonatkozó előírásai módosítására is.",1
Kellékszavatosság - Milyen esetben élhet Ön a kellékszavatossági jogával?,4
"69. A Fogyasztónak az előrendelés leadásakor lehetősége van az utánvétes fizetés lehetőségét választani, ilyenkor a Fogyasztónak nem szükséges előlegként előre kifizetnie a termék vételárát.",4
2. Az elhelyezett betétek kamata után fizetendő közterhek részletes szabályait külön Hirdetmény tartalmazza.,4
"3/11. A Vaterán kizárólag konkrét, valós Termék vagy szolgáltatás bocsátható árverésre, hirdethető meg és adható el. Nem hirdethető meg olyan Termék, amely arra szolgál, hogy a felhasználó egyéb futó tranzakcióit vagy hirdetéseit hirdesse. Szolgáltatás kizárólag részletes leírással bocsátható értékesítésre, amelyben szerepel például az adott szolgáltatás időtartama, vagy az elvégzett szolgáltatás mennyisége.",3
Milyen jogok illetik meg Önt termékszavatossági igénye alapján?,4
"A páciens vizsgálatával és gyógykezelésével kapcsolatos adatokat az egészségügyi dokumentáció tartalmazza. Orvosi Központ kötelezettséget vállal arra, hogy az egészségügyi dokumentációt úgy vezeti, hogy az a valóságnak megfelelően tükrözze az ellátás folyamatát. A Szolgáltató maga alakítja ki a dokumentáció tárolás szabályait. A Szolgáltató gondoskodik a dokumentumok védelméről, minden tőle elvárható szükséges intézkedést megtesz az adatok biztonsága érdekében, gondoskodik azok megfelelő szintű védelméről különösen a jogosulatlan hozzáférés, megváltoztatás, továbbítás, nyilvánosságra hozatal, törlés vagy megsemmisítés, valamint a véletlen megsemmisülés és sérülés ellen.",3
"1. A Felhasználó bankkártya-/hitelkártyaadatait a vásárlás alkalmával vagy felhasználói fiókjában megadja az Alkalmazásban. A BKK Zrt. a Közlekedési mobiljegy, illetve bérlet vásárlásához kapcsolódó díjakat a Felhasználó fentiek szerinti bankkártyájához/hitelkártyájához tartozó számlájára terheli. A Felhasználó bármelyik bank által kibocsátott Visa, American Express, illetve MasterCard típusú bankkártyával/hitelkártyával fizethet és azt regisztrálhatja. Felhasználó jelen ÁSZF elfogadásával úgy nyilatkozik és szavatolja, hogy amennyiben nem a saját nevére szóló bankkártya-/hitelkártyaadatokat ad meg, rendelkezik a bankkártya/hitelkártya tulajdonosának írásbeli hozzájárulásával, hogy a bankkártya/hitelkártya tulajdonosa a bankkártya/hitelkártya jelen ÁSZF-ben meghatározott feltételekhez kötött használatához hozzájárult, és az ÁSZF rendelkezéseit elfogadta.",2
"139. Amennyiben a fenti 138. pontban megjelölt esetekben a kicserélésre nincs lehetőség, az Alza 8 napon belül a fogyasztási cikk számlán feltüntetett vételárát a Fogyasztó részére visszatéríti.",4
A fogyasztói tájékoztató jelen pontja a 45/2014 (II.26.) Korm. rendelet 11. § (5) bekezdése felhatalmazása alapján a 45/2014 (II.26.) Korm. rendelet 3. számú melléklet figyelembevételével készült,3
"1.12. Üzemeltető jogosult a jelen ÁSZF módosítására. Az ÁSZF-et érintő jövőbeni módosításokat Üzemeltető a honlap felhasználási feltételeket vagy ÁSZF és jogi nyilatkozatot tartalmazó részén közzéteszi és a változásra felhasználók figyelmét felhívja. Üzemeltető fenntartja magának a jogot arra, hogy az alábbiakban részletezett esetekben időről időre egészben vagy részben egyoldalúan módosítsa a Szolgáltatások tartalmát és díját, a Szolgáltatások igénybevételének feltételeit, a hirdetések közzétételének időtartamát. Üzemeltető a módosításról a nyitóoldalon, a Weboldalak felhasználási feltételeket tartalmazó részén tájékoztatja a Magánszemély Felhasználóit, valamint a Kereskedő Felhasználók tekintetében a módosítás hatályba lépését megelőzően 15 nappal, e-mail formájában tájékoztatja a Kereskedő Felhasználóit.",3
"Ha az utasnak egyidejűleg az elégtelen menetjegy és az új menetjegyváltás pótdíját is meg kellene fizetnie, a vasúti társaság csak a magasabb összegű pótdíjat számolja fel. Személyenként és utazásonként annyi jogcímen lehet pótdíjat felszámítani, ahány pótdíjazás körébe eső esetet az utas cselekménye önállóan is megvalósított, illetve a hatósági intézkedés miatti pótdíj minden esetben – az esetlegesen egyéb jogcímen kiszabott pótdíjtól függetlenül – külön felszámításra kerül.",1
"Többletköltségek - Ha a fogyasztó kifejezetten a legkevésbé költséges szokásos fuvarozási módtól eltérő fuvarozási módot választ, az Eladó nem köteles visszatéríteni az ebből eredő többletköltségeket. Ilyen esetben a feltüntetett általános szállítási díjtételek erejéig áll fenn visszatérítési kötelezettségünk.",3
4. A szerződés tárgya,4
"2.1.9. A külföldön bejegyzett külföldi Számlatulajdonos részére történő Bankszámlanyitásnak is előfeltétele, hogy a Számlatulajdonos jogállását, cégét vagy szervezetének létét (külföldi cégkivonat, illetve annak igazolása, hogy a céget/szervezetet a hazai jog szerint nyilvántartásba vették) 30 napnál nem régebben kelt dokumentummal, továbbá külföldi cégjegyzésre, illetve Bankszámla feletti rendelkezésre jogosult képviselőjének személyét és annak adatait arra alkalmas okmányokkal (úti okmány), kétséget kizáróan a Bank részére igazolja. Az okmányokat Magyarországnak a cég székhelye szerinti országgal fennálló megállapodástól függően közjegyzővel kell hitelesíttetni, vagy egyéb felülhitelesítés is szükséges lehet. Hitelesítést vagy felülhitelesítést az adott országban működő, a Magyarországnak az országban működő külképviselete végzi el. A Számlatulajdonosnak a Bank részére át kell adnia a benyújtott dokumentumoknak az Országos Fordító és Fordításhitelesítő Iroda által készített hiteles magyar fordítását is.",3
"3.6. A hibásan rögzített adatok megváltoztatására, bejelentkezés után, a Adatmódosítás menüpontban van lehetőség. Aktív rendelést érintő adatok módosítására az Ügyfélszolgálati telefonszámokon +36-70-363 3742, vagy központi e-mail címünkön info@kerekparguru.hu van lehetőség.",4
"2.1.20. A Bank fenntartja magának a jogot, hogy a Bankszámla megnyitását / új bankszámla- termékcsomagra történő átszerződést meghatározott összeg elhelyezésének feltételéhez, vagy egyéb feltétel teljesítéséhez, díj megfizetéséhez kösse. Ezen feltételeket, illetve a teljesítés díjait, költségeit és mértékét a mindenkor hatályos Hirdetmény tartalmazza.",3
14.1 Kizárólag a Szolgáltatások nyújtására vonatkozó szerződéses kötelezettségünk tekintetében vagyunk felelősek Önnel szemben. Semmilyen esetben sem vállalunk felelősséget harmadik felek semmilyen cselekedetéért vagy mulasztásáért.,1
"b) Adatlap(ok),",4
"1.1. Az ERSTE BANK HUNGARY ZRT. a Magyar Nemzeti Bank, mint a Bank felügyeleti hatósága 2004. augusztus 26. napján kelt, I-2061/2004. számú tevékenységi engedélyében foglalt felhatalmazása alapján jogosult devizabelföldi és devizakülföldi természetes személyek részére lakossági bankszámlát vezetni, pénzforgalmi szolgáltatásokat nyújtani, valamint betétet gyűjteni.",4
"Felhívjuk figyelmét, hogy a Temun kizárólag harmadik fél kereskedőpartnerek jogosultak termékeket értékesíteni, akik hivatásos kereskedőként működnek.",3
"a.a) a Hitelfevevő viselt családi és utóneve, születési családi és utóneve,",4
"24. Amennyiben a Finanszírozó a Szolgáltató részére járó havi finanszírozási összeg utalványozását nem a Szolgáltató hibájából a külön jogszabályban meghatározott határidőig nem teljesíti, a határidő lejártát követő naptól köteles a Szolgáltató részére a Polgári Törvénykönyv szabályainak megfelelően az Egészségbiztosítási Alap ellátási költségvetés egyéb kiadásai terhére késedelmi kamatot fizetni, amennyiben a kamat összege meghaladja az 1000 forintot.",3
"Minden egyes csomag külön Küldemény. Több csomagot úgy lehet összecsomagolni, hogy az új csomag megfeleljen az összes, jelen ÁSZF-ben meghatározott feltételnek, és az új összecsomagolt csomag ténylegesen egy csomagnak minősül, amely a szállítás során nem tud szétesni. Az ilyen hibákból adódó sérülés és/vagy részleges elvesztés felelőssége a Feladót terheli, azt semmilyen hivatkozással nem lehet a Szolgáltatóra terhelni. A DPD jogosult a nem megfelelően összecsomagolt Küldemények átvételét megtagadni. ",3
"A Vállalkozó bevonásával, a teljesítés minőségével kapcsolatban a jóteljesítési biztosíték lejártát megelőzően felülvizsgálati bejárást kell tartani, melyet a műszaki ellenőr/szakmai kapcsolattartó szervez. Amennyiben a bejárás nem tár fel hibát, illetve az ott feltárt hibákat a Vállalkozó kijavította, a Megrendelő igazolást állít ki a sikeres felülvizsgálati bejárásról. Amennyiben a jóteljesítési biztosíték visszatartás útján került biztosításra, a Megrendelő és Vállalkozó által közösen aláí-rt igazolást a Vállalkozó megküldi a Megrendelő számlaküldési címére, a Megrendelő pedig a Szerződésben rögzített fizetési határidő szerint utalja át Vállalkozónak a fel nem használt visszatartás összegét.  ",1
"A Rendezvények többségében a Rendezvényszervező fenntartja a jogot a fellépő művész, szereplő, előadó stb. személyében, a szereposztásban, illetve a Rendezvényben történt indokolt változtatásra.",2
131. Jótállási igények érvényesítése. A kötelező jótállás alapján ,4
"3.2. A webshopban Szolgáltató részletesen feltünteti a áru(k) nevét, leírását, a áruról fotót jelenít(het) meg. Az áruk adatlapján megjelenített képek eltérhetnek a valóságtól, illusztrációként szerepel(het)nek. Szolgáltató nem vállal felelősséget a webshopban megjelenő kép és az áru tényleges kinézete közötti különbözőség miatt.",4
"Határon átmenő, a vasúti társaság által végzett személyszállítás esetén a jelen Üzletszabályzat rendelkezéseit csak akkor kell alkalmazni, amennyiben jogszabály, nemzetközi szerződés, egyezmény, illetőleg szabály eltérően nem rendelkezik.",1
"6.8.  A visszatérítés során a Szolgáltató a visszatérítendő összeget a Fogyasztó által igénybe vett fizetési móddal megegyező módon teljesíti, e visszatérítési mód alkalmazásával a Felhasználót semmilyen többletköltség nem terheli.",3
"A Vállalkozó az általa elvégzett munkára, és az általa biztosított beépített, cserélt anyagokra a Megrendelésben, illetve az Egyedi Szerződésben meghatározott időtartamú jótállást vállal, kivéve ha a jogszabályban meghatározott jótállási idő ennél hosszabb, mert az esetben a hosszabb jótállási idő irányadó.  ",4
"(3) A Bank felhívja a Szerződő Fél figyelmét arra, hogy a Szerződő Fél kísérje folyamatosan figyelemmel az ÁSZF és a Hirdetmény módosításait, valamint annak hatályos szövegét.",3
"A Megrendelő bármikor jogosult az adatok általa adott utasítások szerinti feldolgozását, és az adatvédelem érdekében hozott műszaki és szervezeti intézkedések betartását ellenőrizni. A Vállalkozó köteles a megbízás ellenőrzéséhez szükséges információkat megadni, és a szükséges belépési, valamint betekintési és hozzáférési jogokat megadni. A Megrendelő jogosult egyedi esetben további műszaki és szervezeti intézkedést előírni az adatvédelem érdekében. ",2
"A megvásárolt jegy vagy bérlet nem személyhez kötött, azok átruházhatók. A jegy vagy bérlet felhasználásával a Látogató jogosult az előadást megtekinteni, a MÁO szolgáltatásait igénybe venni, egyben köteles a jelen ÁSZF rendelkezéseit betartani.",3
"5.2.3.2. Hirdetésvadász: A Hirdetésvadász szolgáltatás lehetőséget nyújt arra, hogy a Hirdető a legfrissebb hirdetések között kereshessen 24, 12, 6, 3, 2, 1, 1/2 illetve 1/4 órás időintervallumokban. A Hirdetésvadászban elérhető az összes egyszerű keresőoldalon megadható feltétel.Felhasználó hirdető a Hirdetésvadász szolgáltatást egyidejűleg kizárólag egy eszközön (pl. számítógépen, mobil készüléken), egy munkamenetben jogosult igénybe venni. A hirdetésvadász Szolgáltatás igénybevételének alapvető feltétele a Felhasználó hirdetőnek az Üzemeltetővel hatályban lévő járműhirdetési szerződése. A szolgáltatást Felhasználó hirdető nem jogosult (tovább)értékesíteni, bérbe adni, valamint a szolgáltatás igénybe vétele során tudomására jutott adatokat harmadik fél számára hozzáférhetővé tenni, illetve azokkal egyéb módon visszaélni. Üzemeltető jogosult a szolgáltatás használatát ellenőrizni és a jelen bekezdésben foglaltak megsértése esetén a szolgáltatást korlátozni. Amennyiben Üzemeltető a Hirdetésvadász szolgáltatást korlátozza, akkor erről a döntés indokait tartalmazó e-mailben tájékoztatja Felhasználót, aki ezzel szemben panasszal élhet. Ha Üzemeltető helyt ad a panasznak, akkor visszaállítja indokolatlan késedelemmel a Hirdetésvadász szolgáltatást Felhasználó számára, de ezzel kapcsolatban semmilyen kártérítési, fizetési kötelezettsége nincs Felhasználóval szemben.",3
"A közbeszerzési eljárás eredményeként megkötött Szerződés esetében a Szerződés tartalma nyilvános, közérdekű adatnak minősül. ",4
"12.5. A kötbér mértéke a) késedelem esetén: napi 0,5 %, de maximum 20%, b) nem teljesítés, azaz meghiúsulás esetén: 20 %, c) hibás teljesítés esetén: 15 %",1
"A Szolgáltató nem vállal felelősséget a Szolgáltatás minőségéért, ha az Előfizető a Szolgáltatást nem
rendeltetésszerűen használja.",4
50. Az Alza nem vette magát alá a tevékenységére vonatkozó magatartási kódexnek.,1
• Az időpontmódosításról és a vizit részleteiről újabb email értesítést küld a rendszer.,4
"d. az Alza tudomására jut, hogy az egyszer felhasználható kedvezménykupont már felhasználták; ",4
"8.1 A fizetés általában 10 naptári napos átutalással történik, azonban a felek a Megrendelőben ettől eltérően is megállapodhatnak. A Megbízó a Megrendelő aláírásával tudomásul veszi, hogy a Libri Könyvkereskedelmi Kft. az ÁFA törvény vonatkozó rendelkezései értelmében a folyamatos teljesítésű hirdetési szolgáltatás esetén a számlát a teljesítést követően, 10 munkanapos fizetési határidő mellett állítja ki a Megbízó részére. A fizetési határidő a számla keltétől számított 10 munkanap.",3
"Szolgáltató az Európai Parlament és a Tanács (EU) 2016/679 rendelete (2016.04.27.) a természetes személyeknek a személyes adatok kezelése tekintetében történő védelméről és az ilyen adatok szabad áramlásáról, valamint a 95/46/EK rendelet hatályon kívül helyezéséről (általános adatvédelmi rendelet) szóló rendeletnek megfelelően, adatkezeléseiről tájékoztatást készített, amely a Szolgáltató honlapján megtalálható.",0
Az előadás megtekintéséhez a Látogatónak az előadás kezdetét megelőzően a megtekinteni kívánt előadásra érvényes jeggyel vagy bérlettel kell rendelkeznie. A Látogató a jegyét vagy bérletét köteles a jegy érvényességének megvizsgálása céljából az erre feljogosított személynek belépéskor bemutatni.,3
"13.1 A BKM NONPROFIT Zrt. részéről szerződésszegésnek minősül, ha: (a) a távhőszolgáltatást a Szerződésben meghatározott időpontban nem kezdi meg; (b) a távhőt nem a Szerződésben meghatározott, illetőleg nem a tőle elvárható módon szolgáltatja; (c) a Felhasználó számára a távhő szolgáltatását nem hitelesített mérőeszköz használatával végzi; (d) a távhőszolgáltatás előre tervezhető munkák miatti szüneteltetéséről a Felhasználót az üzletszabályzatban, vagy a szerződésben előírt módon és időben nem értesíti; (e) a szolgáltatás felfüggesztése esetén a felfüggesztési ok megszüntetésére vonatkozó írásbeli értesítés kézhezvételét követő munkanapon a Felhasználó részére a távhőszolgáltatást nem kezdi meg; (f) felróható magatartása folytán a távhőszolgáltatás megszűnik, vagy azt a Tszt 40-41.§-aiban foglaltakon túlmenően szünetelteti, vagy korlátozza.",1
11.4. Szolgáltató és Felhasználó vitás ügyeiket békés úton próbálják rendezni.,3
"3/15. Aukciós értékesítés esetén a nyertes licitáló kihirdetésével, fix áras értékesítés esetén a megrendeléssel az eladó és a vevő között szerződés jön létre. A szerződésben foglaltakat mind a vevő, mind az eladó köteles teljesíteni és betartani, vagyis az eladó köteles a felkínált Terméket/szolgáltatást a kialakult leütési áron a vevőnek értékesíteni, a vevő pedig, az eladó szerződésszerű teljesítése esetén köteles a Terméket/szolgáltatást ezen a leütési áron megvenni és átvenni/igénybe venni, kivéve, ha az Eladó és a Vevő utóbb ettől eltérően állapodnak meg és ezzel közös megegyezéssel módosítják a szerződésüket.",4
"13.5. Az Okirattal összefüggő adatok nem minősülnek üzleti titoknak, nem tarthatóak  vissza
üzleti titokra hivatkozással, amennyiben azok megismerését vagy nyilvánosságra hozatalát
törvény közérdekből elrendeli. A fentiektől eltérően azonban a Támogató nem hozhatja
nyilvánosságra azokat az adatokat, amelyeknek megismerése a Kedvezményezet t üzleti
tevékenységének végzése szempontjából aránytalan sérelmet okozna - így különösen
technológiai eljárásra, műszaki megoldásra, know -how -ra vonatkozó adatokat -, feltéve,
hogy ez nem akadályozza meg a közérdekből nyilvános adat megismerésének lehetős égét .",4
"Digitális szolgáltatás: a) olyan szolgáltatás, amely lehetővé teszi a fogyasztó számára, hogy digitális adatokat hozzon létre, kezeljen, tároljon, vagy azokhoz hozzáférjen; vagy b) olyan szolgáltatás, amely lehetővé teszi a fogyasztó és a szolgáltatás más igénybe vevői által feltöltött vagy létrehozott digitális adatok megosztását, illetve az azokkal való egyéb interakciót;",2
"2.2 Ft 5,990 vagy magasabb összegű megrendelés esetén a szállítás ingyenes. Ft 5,990 alatti megrendelések esetén a kiszállítás díja Ft 990, beleértve az ÁFA-t is. A díj a megrendelés nagyságából adódó költségekre vonatkozik, többek között a szállítási kezelési és egyéb szolgáltatásokra. A költségek a Zalando által keletkeznek és a Zalando számítja fel őket.",3
XIII. ADATVÉDELEM,4
"8.1. Megrendelő a Vállalkozó által benyújtott részszámlák összegéből a nettó
összeg 10 % -át teljesítési garanciaként visszatartja. A visszatartott teljesítési
garancia 50 % -a a sikeres átadás -átvételi eljárást követően átalakul jóteljesítési
garanciává, amely, valamint a végszámla nettó összegének 5 % -a – azaz a
teljes nettó vállalkozói díj 5% -a – az átadás -átvételtől számított, az alvállalkozói
szerződésben meghatározott időszakra  kerül visszatartásra a garanciális
kötelezettségek fedezetére. A visszatartások ö sszegei után a Megrendelő a
Vállalkozó részére nem fizet kamatot, és a Vállalkozó sem támaszthat ilyen
igényt. Megrendelő a végszámla kifizetésével egyidejűleg köteles a teljesítési
garancia és a jóteljesítési garancia különbözetét átutalni a Vállalkozó ré szére.",0
"Az egyes vasúti utazási kedvezményekről szóló 57/2009. (X.20.) KHEM rendeletben (továbbiakban: Rendelet) foglaltaknak megfelelő, a MÁV Személyszállítási Zrt. által kibocsátott vagy a más vasúti társaság által kibocsátott, de a MÁV Személyszállítási Zrt. által utazásra elfogadott menetkedvezményi igazolványt / vasúti utazási igazolványt (a továbbiakban: utazási igazolványt) felhasználó utasokra az Üzletszabályzat előírásait az e mellékletben foglalt eltérésekkel kell alkalmazni.",0
"14.10 A Szerződés felmondására vonatkozó előírásokat a Tszt. 38.§ (2) bekezdése, a TKSZ. 27.1-27.3. pontjai és az Önk. Rend. 24.§-a tartalmazzák.",3
"5.4. Amennyiben Felhasználó további terméket szeretne kosárba helyezni, kiválasztja a „Még vásárolok” gombot. Ha nem szeretne további terméket vásárolni, ellenőrzi a megvásárolni kívánt termék darabszámát. A „Törlés - X” ikonra kattintva törölheti a kosár tartalmát. Mennyiség véglegesítését követően automatikusan frissül a kosár tartalma.",4
"MPL Csomagautomata - A Csomagautomaták lényegében egy képernyővel ellátott kezelőfelületből és különböző méretű rekeszekből állnak, amelyek a csomagokat rejtik. A Csomagautomatáknál az átvétel gyors - a kapott kód és telefonszámunk megadásával máris hozzáférünk rendelésünkhöz. Ezen kívül napi 24 órában állnak a rendelkezésünkre. További költségek a szállítási díjon felül: csomagolási díj 292 forint",3
8.1. Tilos másik aukciós vagy hirdetési oldalra mutató linket elhelyezni a hirdetésben.,4
"2. A Finanszírozó és a Szolgáltató – ellenkező megállapodás hiányában – a finanszírozási szerződést határozatlan időtartamra kötik. Adott szolgáltatás nyújtásához szükséges feltételek hiányossága esetén, az azok pótlására az egészségügyi államigazgatási szerv által előírt, vagy a Szolgáltató által vállalt határidőre figyelemmel, határozott időre is köthető finanszírozási szerződés.",1
Utánvéttel visszaküldött csomagok átvételére nincs lehetőségünk.,4
"3.2 Hitelkártyás vásárlás esetén a kártyáját akkor terheljük meg, amikor a megrendelése általunk feladásra kerül.",4
"a) a megfelelőnek talált nyomtatványokat érvényességi feltételként ellenjegyzi és haladéktalanul eljuttatja a Kincstár központjához, illetőleg",3
"A kizárólag magánszemély Felhasználók közötti ügyletek esetén elérhető Vatera Vevővédelemmel nem biztosított Termékek esetén a vételár a Termék Vevő általi átvételét követően kerül átutalásra az Eladó részére a jelen ÁFF 2.2.2. pontjában foglaltak szerint, illetve a szállítókód lekérése hiányában, vagy a Vevő elállásakor automatikusan visszafizetésre kerül a Vevőnek Vatera Vevővédelemmel biztosított Termék esetén a Társaság mindaddig visszatartja a Termék vételárát és a szállítási díj összegét, ameddig a Vevő meg nem erősíti a Termék átvételét és hogy azt rendben találta, vagy ennek hiányában ameddig a vevővédelmi panasz benyújtására szolgáló 72 óra lenem telt, vagy vevővédelmi panasz benyújtása esetén a panaszkezelési eljárás lezárultáig. Ha a Vevő a Termékkel kapcsolatban vevővédelmi panaszt nyújt be, a Termék Vevő által kifizetett vételára a panasz kezelésének lezárultáig a Vatera letéti számláján zárolásra kerül, és csak a Felek megegyezését, vagy a panasszal kapcsolatos döntés meghozatalát követően kerül kifizetésre a választott, illetve döntés szerinti rendezésnek megfelelő összegben és az ezek alapján meghatározott személy részére. Ha a Termék visszaküldésére kerül sor, a vételár a Termék szállítási szolgáltatónak történt Vevő általi átadását követően kerül visszafizetésre a Vevő részére.",1
"Amennyiben az utas kézipoggyászként be nem vihető tárgyat vitt az autóbuszba és ez az utazás során kiderül, a kézipoggyászt a Szolgáltató kizárja a további szállításból. Ha az utas a szállításból kizárt tárgytól nem hajlandó megválni, a Szolgáltató az utast is kizárja az utazásból. Az utas felelős az ezen szabály megsértéséből adódó károkért.",3
l) A szolgáltató által kezelt személyes adatokról szóló tájékoztatás az ÁSZF 5. sz. mellékleteiben található meg.,0
"Amennyiben a Páciens a díjfizetést határnapra nem teljesíti, úgy Szolgáltató dönthet a késedelembe esett Páciens részére járóbeteg-szakellátási szolgáltatásból részben- vagy egészben történő kizárásáról, illetve a szolgáltatások nyújtását előfizetési finanszírozási konstrukcióhoz kötheti. ",3
A Szolgáltató az online rendezvényekre vonatkozó szolgáltatását közvetített szolgáltatásként nyújtja. A Szolgáltató ennek megfelelően az adott tartalmat létrehozó és az online sugárzás keretein belül közzé tevő Rendezvényszervező tartalmához biztosít online hozzáférést.,4
"Szolgáltató központi Ügyfélszolgálati irodájában, márkaképviseletein és viszonteladóinál, illetve webshopján és telefonos ügyfélszolgálatán fogadja az Igénybejelentőtől a Szolgáltatás igénybevételére vonatkozó bejelentését. A Webshop/Önkiszolgáló felület nem elérhető az Egyedi limitkezeléssel érintett és speciális szolgáltatást igénybe vevő Előfizetőknek. Az igénybejelentés időpontja az az időpont, amikor az összes szükséges adatot hiánytalanul tartalmazó igénybejelentés és az összes szükséges kapcsolódó irat a Szolgáltató valamely fenti ügyfélkapcsolati helyére megérkezik. Az igénybejelentésnek tartalmaznia kell a Szolgáltatás igénybevételére vonatkozó minden lényeges feltételt, így különösen, a Szolgáltatás igénybevételének kívánt kezdő időpontját és az egyéb lényeges feltételeket. A Szolgáltató egyes Szolgáltatásai tekintetében meghatározhatja, hogy az Igénybejelentő mely elérhetőségén tehet az adott Szolgáltatással kapcsolatban igénybejelentést, azaz ilyen esetben a Szolgáltató az adott Szolgáltatása tekintetében az igénybejelentést nem köteles valamennyi/bármely elérhetőségén befogadni.",0
II. A szabad felhasználású diákhitelre (DH1) vonatkozó szabályok,1
"2/4. Akinek 10.000,- Ft összértékben elmaradt értékelése van, azaz, az értékelésre váró tranzakció(k) leütési ára elérte a 10.000,- Ft-ot annak a felhasználói fiókjában erre vonatkozó figyelmeztetés jelenik meg, mely írásbeli értesítésnek minősül.",3
"2. A titoktartási kötelezettség – időbeli korlátozás nélkül – az OTP Bank Nyrt. minden vezető tisztségviselőjére és alkalmazottjára, valamint mindazokra vonatkozik, akik az Ügyfelekkel kapcsolatos információkhoz az OTP Bank Nyrt.-vel kapcsolatos tevékenységük során bármilyen módon jutottak hozzá.",4
"c.c) a folyósítás gyakorisága (havonta részletekben vagy tanulmányi félévenként egy összegben),",3
"5.5. Az Eladó kötelezettsége a megrendelt mennyiség leszállításával egyidejűleg a Vevő részére át kell adnia az alábbi dokumentumokat: a) a termék neve, rendeltetése, a gyártó vagy forgalmazó nevét tartalmazó dokumentum; b) a minőségmegőrzés szempontjából fontos tárolási körülmények leírása; c) az áru felhasználásánál szükséges esetleges elővigyázatossági előírások (adott esetben); d) magyar nyelvű műszaki és használati útmutató; e) jótállási jegy vagy azzal egyenértékű, jótállási jogok Vevő általi érvényesítéséhez szükséges dokumentum f) a minőségi átvételt igazoló dokumentum (adott esetben). g) építési termék esetén teljesítmény nyilatkozat és/vagy minőségi bizonyítvány",1
"2.4.4. A Bank nem felel az olyan hamis, vagy meghamisított meghatalmazás elfogadásából eredő károkért, melynek hamis vagy meghamisított voltát a rendelkezésére álló eszközökkel, körültekintő vizsgálattal sem lehetett felismerni.",3
Fix áras értékesítés esetén az ellenérték az eladó által megadott fix ár lehet.,4
"▪ Kétoldalú egyezmény hiányában, ha az adott ország aláírta, a külföldön felhasználásra kerülő közokiratok felülhitelesítésének mellőzéséről szóló hágai egyezményt, úgy a közokirathoz kérni kell a tanúsítványt (Apostille-t) is,",1
"A Vállalkozó kötelezi magát arra, hogy kizárólag olyan munkavállalókat/alvállalkozókat foglalkoztat, akik üzemegészségügyi orvosi vizsgálaton alkalmas minősítéssel rendelkeznek a végzendő munkára. ",4
"A DPD az általa felvett postai küldeményt, amíg azt a címzettnek vagy más jogosult átvevőnek nem kézbesítették az ellenkező bizonyításáig a feladó tulajdonának tekinti.   ",4
"3.2. Bankszámlajogviszony létrejötte, Bankszámlaszerződés",3
"A Szolgáltatónak az ülőhely fenntartására vonatkozó kötelezettsége az előre váltott, utazási igazolványhoz tartozó helyjegy vagy helyfoglalást is tartalmazó menetjegy esetében csak a jegy érvényességének kezdetét jelölő állomásra (megállóhelyre) vonatkozik. Az ilyen módon lefoglalt ülőhelyeket a Szolgáltató az (elővételben váltott helyjeggyel) rendelkező utas számára fenntartja. Ha elővételi helyjeggyel nem rendelkező utas a fenntartott ülőhelyet elfoglalja, azt az elővételi helyjegy felmutatójának át kell engednie. Ha az utas az előre váltott menetjegyhez tartozó helyjeggyel vagy helyfoglalást is tartalmazó menetjeggyel utazását az azokon megjelölt állomáson (megállóhelyen) nem kezdi meg, Szolgáltató úgy tekinti, mint aki az utazásáról lemondott. Ilyen esetben az előreváltott helyjegy érvényességi viszonylatán belüli közbeeső megállóhelyen felszállni kívánó utas az autóbuszjáratot csak akkor veheti igénybe, ha azon a kívánt utazása teljes viszonylatára szabad ülő- vagy állóhely még van, lefoglalt ülőhelyére vonatkozó igényét azonban elveszti.",1
"Helyhez kötött internet-hozzáférési szolgáltatások előfeltétele a megfelelő hálózati kapcsolat (kábelmodemes
hozzáférés esetén a kábeltelevíziós hálózat, réz-érpáras hálózatokon igénybe vehető szolgáltatások esetén az
ilyen hálózat) megléte illetőleg kiépítése.",3
"Szolgáltató felhívja a Megrendelő figyelmét, hogy nem minősül a Szolgáltató részéről jogról való lemondásnak, ha valamely jogát nem gyakorolja. Ha a megrendelt termék kiszállítása elháríthatatlan akadályba (pl.: közegészségügyi járvány, árvíz, földrengés, háború, országos sztrájk, terrorcselekmény, közúti baleset, külföldi állam kormányzati intézkedései, stb.) ütközik, úgy a Megrendelőt erről haladéktalanul tájékoztatja, illetőleg a megrendelés már kiegyenlített ellenértékét a Megrendelő részére visszatéríti. A Webáruház működésében felmerülő hiba vagy hiányosságból (pl.: üzemzavar, weboldal átmeneti elérhetetlensége, stb.) eredő károkért Szolgáltató a felelősségét kizárja. ",2
"Ön kizárólag akkor vonható felelősségre a termékben bekövetkezett értékcsökkenésért, ha az a termék jellegének, tulajdonságainak és működésének megállapításához szükséges használatot meghaladó használat miatt következett be.",2
"A Felhasználó tudomásul veszi, hogy az Apple AppStore, a Google Play áruházakon keresztül letöltött Mobilalkalmazás esetén az Apple AppStore, a Google Play alkalmazás-áruházak mindenkor érvényben lévő, jelenleg a fenti linkeken elérhető általános szerződési feltételeit elolvasta, megértette és az abban foglalt rendelkezéseket magára nézve kötelezőnek tekinti.",4
"Gdpr.: az Európai Parlament és a Tanács 2016. április 27-i (EU) 2016/679 rendelete a természetes személyeknek a személyes adatok kezelése tekintetében történő védelméről és az ilyen adatok szabad áramlásáról, valamint a 95/46/EK irányelv hatályon kívül helyezéséről (általános adatvédelmi rendelet)",0
"(2) A szerződéskötéshez szükséges kártyaigénylő csomag a Kincstár honlapjáról letölthető, vagy külön kérésre a Kincstári számlavezető helyen, illetve a Bank Közreműködő fiókjában beszerezhető és az alábbi formanyomtatványokat tartalmazza:",3
"Amennyiben a szerződés megkötését követően jut a DPD tudomására olyan ok vagy körülmény, ami miatt DPD köteles és/vagy jogosult a szolgáltatás teljesítését (vagy annak folytatását) megtagadni, erről a feladót értesíti és intézkedik a Küldemény visszaszállításáról az ÁSZF rendelkezéseinek megfelelően. ",4
"c. Google Pay vagy Apple Pay segítségével történő fizetés, ",4
"A Szolgáltató az Eht. 188. § 89. pontja szerinti műsorterjesztési szolgáltatásként Helyhez kötött televízió
műsorterjesztés előfizetői szolgáltatást és Helyhez kötött rádió műsorterjesztés előfizetői szolgáltatást
(vezetékes műsorterjesztési szolgáltatást) nyújt az Előfizetők részére analóg és digitális formában, amely
audiovizuális és rádió médiaszolgáltatás átvitelét valósítja meg.",2
"7.4 Az Ön áruját 30 napon belül visszaküldöttnek tekintjük, ha Ön ezen időn belül elküldi azt. Ennek a visszaküldési lehetőségnek a gyakorlásának azonban az a feltétele, hogy Ön az árut csak úgy viselte/próbálta fel, ahogyan azt egy üzletben tette volna, és hogy az árut teljes egészében, eredeti állapotában, érintetlenül és sértetlenül, valamint eredeti csomagolásában küldje vissza. A törvényes elállási jog gyakorlására nyitva álló határidő lejártáig kizárólag az erre a jogra vonatkozó törvényi rendelkezések érvényesek. Az áru visszaküldésének lehetősége nem korlátozza az Ön törvényes szavatossági jogait, amelyek továbbra is korlátlanul megilletik Önt.",2
"XI. PANASZKEZELÉS, VITÁK RENDEZÉSE",4
"A Páciens tudomásul veszi, hogy vizsgálati eredmény, Pácienssel összefüggésbe hozható egészségügyi információk telefonon történő bemondására nincs lehetőség. Kivételt képez az életet veszélyeztető eltérés, mely esetben a személyes adatfelvevőben előzetesen megadott telefonszámon, személyazonosság ellenőrzését, személybeazonosítást követően kaphat tájékoztatást, ilyen esetben a telefonon történő eléréssel a Szolgáltató maximum kétszer próbálkozik.",3
"1.4. Az ÁSZF-et, az Üzletszabályzatot és a Hirdetményeket a Bank az ügyfélforgalom lebonyolítására szolgáló helyiségeiben kifüggeszti, a Bank honlapján (www.erstebank.hu) elérhetővé teszi, továbbá a szerződéskötést megelőzően, valamint bármikor a szerződés hatálya alatt a Számlatulajdonos kérésére térítésmentesen rendelkezésre bocsátja.",3
"A fogyasztó viseli az Áru visszaküldésének közvetlen költségét.  az Eladó címére kell visszaküldeni. Amennyiben az Eladó az Árut üzlethelyiségben is értékesíti, és a fogyasztó a vállalkozás üzlethelyiségében személyesen gyakorolja az elállási jogát, jogosult ezzel egyidejűleg az árut visszaadni a vállalkozásnak. Ha a fogyasztó a teljesítés megkezdését követően felmondja az üzlethelyiségen kívül vagy távollévők között kötött - szolgáltatás nyújtásra vonatkozó - szerződést, köteles a felmondás vállalkozással való közlése időpontjáig teljesített szolgáltatással arányos díjat a vállalkozás számára megfizetni. A fogyasztó által arányosan fizetendő összeget a szerződésben megállapított ellenszolgáltatás adóval növelt teljes összege alapján kell megállapítani. Ha a fogyasztó bizonyítja, hogy az ily módon megállapított teljes összeg túlzottan magas, az arányos összeget a szerződés megszűnésének időpontjáig teljesített szolgáltatások piaci értéke alapján kell kiszámítani. Kérjük vegye figyelembe, hogy utánvéttel vagy portósan visszaküldött Árut nem áll módunkban átvenni.",2
"4.5 A bejelentés megtételére az Ügyfél, letiltásra a Bank jogosult. A Bank a bejelentést elfogadja más személytől is, ha az Ügyfél az intézkedésben gátolva van, és e körülményt a bejelentő valószínűsíteni tudja. A bejelentés alkalmával a tényleges jogosultságot a Bank nem vizsgálja, az illetéktelen bejelentésből eredő károkért a Bank nem felel.",1
"11.7. Kiadványok (könyvek, cd, album, naptár stb.) támogatása esetében a Kedvezményezett
köteles a kiadvány kettő  példányá t a Lebonyolító részére ingyenes en átad ni, melyet a
Lebonyolító szakmai igazgatósága részére szükséges megküld eni.",3
A szerződésszerű teljesítés követelményei fogyasztói szerződés esetében,4
"12.2 A Felhasználó (Díjfizető) a távhő vételezése és a felhasználói berendezés ellenőrzése, valamint a szabálytalan vételezésre utaló körülmények vizsgálata céljából köteles a BKM NONPROFIT Zrt. ellenőrzésre jogosult alkalmazottja számára lehetővé tenni a felhasználási helyre való bejutást. Köteles továbbá a Felhasználó (Díjfizető) lehetővé tenni a bejutást a távhőszolgáltatás felfüggesztése céljából a Felhasználó (Díjfizető) jelen Szerződés 13.5. b), c), f) és g) pontjaiban meghatározott szerződésszegése esetén.",4
"e) a Bank által a Szerződésben, illetve a fent megjelölt dokumentumokban ilyennek minősített egyéb dokumentumok.",4
"A Postai szolgáltatásokról szóló 2012. évi CLIX. törvény 51. § (7) bekezdésére figyelemmel, a 44. § (2) bekezdésben foglalt felhatalmazás alapján a 44. § (1) bekezdésben, a (3)-(8) bekezdésben, továbbá a 45- 51. §ban foglalt rendelkezések helyett a DPD a Polgári Törvénykönyv (2013. évi V. törvény) szerződésszegéssel okozott kárért való felelősségre vonatkozó szabályait alkalmazza.  ",0
"9. Kérjük, tekintse meg súgóoldalainkat, vagy lépjen kapcsolatba ügyfélszolgálatunkkal ezen a linken keresztül, ha bármilyen kérdése van. A Zalando és a Zalando partner áruval kapcsolatos kapcsolattartás a Zalando ügyfélszolgálatán vagy az itt megadott címeken keresztül történik.",3
"A saját nyomtatású jegyek elvesztéséből, ellopásából, hibás nyomtatásából, lemásolásából, többszörös kinyomtatásából eredő következményekért és károkért felelősség kizárólag a vásárlót terheli. Az e-ticket belépőjegyet a Vásárló köteles kinyomtatva a Rendezvényre magával hozni. Vásárló tudomásul veszi, hogy az e-ticket-en található vonalkódot a Rendezvényszervező a Rendezvény helyszínén elektronikusan ellenőrizheti, amely azt azonnal érvényteleníti. A beléptetés az első érvényesítés alapján történik. Így az az első jegy érvényes, amelyet a Rendezvényszervező beléptető-rendszere az adott vonalkóddal beléptetésre elfogadott. Minden további belépési kísérlet érvénytelen és ezért eredménytelen lesz, felmutatójától a belépés megtagadható függetlenül attól, hogy az érvénytelen jegyet felmutató személye megegyezik-e az eredetileg az e-ticket belépőjegyet vásárlóval. Az ilyen okból történő kizárás miatt Szolgáltató kártérítésre nem kötelezhető.",1
"77. A Webáruházban feltüntetett árak a szállítási költségeket, begyűjtési díjakat nem tartalmazzák, ezen költségtételekről az Alza a Webáruház erre dedikált menüpontjában és a vásárlási folyamat során a termék „Kosárba” helyezését követően a „Szállítás & Fizetés” menüpontban nyújt részletes tájékoztatást.",3
"7. A finanszírozási szerződés tárgya a Finanszírozó és a Szolgáltató által aláírt finanszírozási szerződésben meghatározott, az Egészségbiztosítási Alap terhére igénybe vehető gyógyító-megelőző ellátások (a továbbiakban: szolgáltatás) Szolgáltató általi nyújtása, illetve a szolgáltatás Finanszírozó részéről történő finanszírozása.",1
"Az az utas, aki a menetdíj, viteldíj, felár és a pótdíj megfizetését megtagadja, - a 6.3.9. pontban felsoroltak kivételével - bármely olyan vasútállomáson vagy megállóhelyen kizárható az utazásból, ahol a vonat közlekedésének időszakában szolgálat van. A vasúti társaságot abban az esetben is megilleti a már megtett útra járó menetdíj és pótdíj, ha az utast az utazásból kizárta. Ha az utas a személyszállításból a II. fejezet 2.3. pontjában felsorolt valamely rendellenes magatartás neki felróható okból történő tanúsítása miatt kerül kizárásra, akkor nem követelheti vissza a kifizetett menetdíjat vagy egyéb díjat.",2
"10. A Webáruház (a www.alza.hu és Alza Applikáció tartalma, a www.alza.hu domainje és az azon lévő aloldalainak domainjei) szerzői jogvédelem és szellemi tulajdonjogi oltalom alatt áll, azok az Alza tulajdonát képezik. Az Alza Webáruház tartalmának, ideértve az Alza árujelzőit (logók, védjegyek, grafikák, design stb.) bárminemű felhasználása csak az Alza előzetes, írásbeli hozzájárulása alapján engedélyezett.",3
"A Felhasználó szavatossági, illetve jótállási igényét telefonon (a 06/80 254 274 telefonszámon), e-mailben (ugyfelszolgalat@libri.hu), a libri.hu weboldal Ügyfélszolgálat menüjében elérhető kapcsolatfelvételi űrlapon és a Szolgáltató boltjaiban történő átvétel esetén személyesen, is bejelentheti a Szolgáltató részére. A Szolgáltató a bejelentett szavatossági, illetve jótállási igényről jegyzőkönyvet vesz fel. A nem személyesen tett igénybejelentésről felvett jegyzőkönyvet a Szolgáltató a kijavított, kicserélt termékkel együtt juttatja el a Felhasználó részére.",3
"7.2.2. A Hüperion Kft-nek a saját költségére kell biztosítania a kicserélt áru visszavételét. Ha a kijavítás vagy kicserélés olyan áru eltávolítását teszi szükségessé, amelyet az áru jellegének és céljának megfelelően - a hiba felismerhetővé válása előtt - üzembe helyeztvállek, akkor a kijavításra vagy kicserélésre vonatkozó kötelezettség magában foglalja a nem megfelelő áru eltávolítását és a csereként szállított vagy kijavított áru üzembe helyezését vagy az eltávolítás, illetve üzembe helyezés költségeinek viselését.",3
"5. Bejelentési kötelezettség, felelősség, Hitelkártya letiltása",3
"Választott kellékszavatossági jogáról egy másikra is áttérhet, az áttérés költségét azonban Ön viseli, kivéve, ha az indokolt volt, vagy arra az Eladó adott okot.",4
"10.5. A Szolgáltató a jogszabályokban meghatározott kivételekkel nem vállal felelősséget a webáruházban harmadik fél által elhelyezett hirdetések, promóciós anyagok, illetve egyéb tájékoztatások jogszabályoknak való megfelelőségéért, tartalmáért. Ezen tartalmakért azt terheli felelősség, akinek érdekében a hirdetés megjelenésre került.",4
"Az Utasleadási lapon feljegyzett adatokkal és a vasúti társaság követelésével kapcsolatos kifogást, kérelmet az Ügyfélszolgálatnál lehet benyújtani. A benyújtott kifogás, kérelem elbírálásának időtartama az utas számára irányadó határidőkbe nem számít bele.",2
2.4.2. Állandó meghatalmazás csak közokiratban adható.,2
"A vasúti társaság az előre látható forgalomkorlátozásokat, ide értve különösen az átszállást eredményező vágányzárakat, a vonatpótló, állomásközpótló autóbuszos közlekedést, a vonatelmaradást a honlapján közzé teszi, míg az érintett vasútállomásokon csak menetrendi módosításra figyelmeztető felhívást tesz közzé.",4
3.4.5. Jogszabály vagy az Ügyféllel történt megállapodás alapján sorba állított fizetési megbízást a sorba állítás időtartamának eredménytelen elteltét követően a Bank visszautasítja.,3
"• Az online fizetés közvetítő szerepét a Mediad Kft. látja el. A Szolgáltató a fizetési határidő eredménytelen leteltét követően jogosult napi kamatot számítani a Páciens ki nem fizetett tartozása után a késedelem első napjától számítva. A kamat mértéke évi 15%. A Páciens felelős a fizetési kötelezettségének nem teljesítése miatt felmerült költségekért. A Páciens a tartozás behajtásában közreműködők által felszámított költségeket, mint kárt köteles megfizetni.",1
"Az Orvosi Központ csak a Szolgáltatási Díj teljes egészében történő megfizetése esetében köteles elvégezni a Felek által külön meghatározott kezelést, vizsgálatot vagy terápiát.",4
"1.9. Felhasználó által a Weboldalakon elérhetővé tett valamennyi olyan szolgáltatás és funkció vonatkozásában, amely felhasználónévvel és jelszóval egyedileg hozzáférhető, a felhasználás joga kizárólag az Üzemeltetővel jogviszonyban álló, vagy felé bejelentett Felhasználó által használható, a Felhasználó hozzáférést más személynek nem biztosíthat.",2
"3. A jelen Fogyasztói ÁSZF tartalmának elfogadása nélkül nem lehetséges az Alzától vásárolni. Jelen Fogyasztói ÁSZF az Alza weboldalán megismerhető és pdf formátumban is letölthető. Az Alza a Fogyasztóval kötendő valamennyi magánjogi ügylet tekintetében kifejezetten kizárja a nem általa meghatározott, más általános szerződési feltételek alkalmazását.",3
14.9 A BKM NONPROFIT Zrt. a Szerződés általa történő felmondásáról a Felhasználót és az érintett Díjfizetőket írásban értesíti.,4
"34. A Finanszírozó tájékoztatja a szakmai felügyeletet ellátó szervet, ha az ellenőrzés során a szakmai előírások be nem tartását állapítja meg.",4
"66. Az Alza a szankciók alkalmazása során minden esetben dokumentálja az intézkedés indokait és körülményeit. A Fogyasztó kérésére ezeket az információkat indoklással ellátva írásban az Alza Ügyfélszolgálata a Fogyasztó rendelkezésére bocsátja. Amennyiben a Fogyasztó sérelmezi a Szankció alkalmazását vagy az Alza indokolását, úgy azt a XV. Panaszkezelés fejezet szabályai szerint kifogásolhatja.",3
"1.3. Amennyiben az ÁSZF és az adott Szolgáltatás tárgyában létrejött egyedi szerződés (a továbbiakban: Ügyfélszerződés) azonos tárgyú előírásai között bármilyen eltérés van, ez utóbbi rendelkezései lesznek irányadók.",2
"7.4 A Bank az Ügyfél bejelentése alapján központilag beállítja a Felhasználó jogosultságát, és legyártja az e- bank azonosító kártyát, amelyet az adott Felhasználó részére személyesen átad.",4
"A csere, illetve feltöltés feltételeit tartalmazó részletes szabályzat Szolgáltató boltjaiban a pultnál elérhető. Ha a szabályzat és jelen ÁSZF rendelkezései eltérnek, a hatályos szabályzat rendelkezései alkalmazandóak. Szolgáltató a csere/feltöltés szabályait jogosult egyoldalúan módosítani, vagy annak lehetőségét megszüntetni.",3
"A szerződés létrejötte: Az utas és a vasúti társaság közötti személyszállítási szerződés a menetjegy megvásárlásával jön létre, és attól az időponttól hatályos, amikor az utas utazási céllal a járműre felszáll, a vasútállomás vagy a megállóhely zárt peronként megjelölt területére belép. Ha az utas jogszabály vagy jelen Üzletszabályzat rendelkezése alapján menetjegy váltása nélkül jogosult utazását megkezdeni, a személyszállítási szerződés akkor jön létre, amikor az ilyen utas utazási céllal a járműre felszáll vagy a vasútállomás vagy megállóhely zárt peronként megjelölt területére belép.",1
"6.10.  Felhasználó akkor tartja be a határidőt, ha a 14 napos időszak letelte előtt visszaküldi az áru(ka)t. A visszaküldés határidőben teljesítettnek minősül, ha a Felhasználó az árut a határidő lejárta előtt (legkésőbb annak utolsó napján) igazolható módon elküldi.",3
4.2. Hirdetés feladása: Az Egyedi hirdetési szerződéssel nem rendelkező Felhasználó a Weboldalak bármelyikén történő regisztrációval jogosulttá válik hirdetés feladására a www.hasznaltauto.hu weboldalon az alábbiak szerint:,2
"2.4.1. A Számlatulajdonos Bankszámlája felett Meghatalmazott útján is rendelkezhet. A Számlatulajdonos, illetve a Számlatulajdonos cégjegyzésre felhatalmazott első számú vezetője jogosult legalább teljes bizonyító erejű okiratba foglalt nyilatkozattal eseti Meghatalmazottat állítani. Amennyiben a megbízás tárgya – lakossági Bankszámlára szóló eseti megbízás esetén – a vonatkozó Hirdetményben közzétett forintösszeget eléri vagy meghaladja, az erre vonatkozó meghatalmazást a Bank csak közokirati formában fogadja el.",1
"1.18 Az Üzemeltető fenntartja a jogot, hogy a Felhasználói Fiókot bármikor, előzetes értesítés nélkül is felfüggessze, korlátozza, Felhasználói Tartalmat eltávolítson vagy a Felhasználót egy bizonyos tevékenység abbahagyására kötelezze a Szolgáltatásban.",4
"9. A BKK Zrt. kizárja felelősségét a jogosulatlan hozzáférésből, nem rendeltetésszerű használatból, hardverhibából vagy nem megfelelő üzemeltetési környezetből (ideértve az áramkimaradást is) eredő következményekért, meghibásodásokért.",4
"4. Az OTP Bank Nyrt. az Üzletszabályzatban foglalt jogait és kötelezettségeit mindenkor a hatályos jogszabályok eltérést nem engedő rendelkezéseinek keretei között gyakorolja és teljesíti, az Üzletszabályzat bármely rendelkezése ennek megfelelően értelmezendő.",1
"9.3 Az elszámolás alapját képező mérők leolvasása a BKM NONPROFIT Zrt. kötelezettsége. A BKM NONPROFIT Zrt. biztosítja, hogy a Felhasználó vagy annak képviselője a hőmennyiségmérők időszakonkénti leolvasását ellenőrizhesse.",4
"3.4 A Felhasználó arra vállal kötelezettséget, hogy a távhőenergiát a Szerződésben foglaltak szerint vételezi és annak ellenértékét a Szerződésben meghatározott ütemezés szerint rendszeresen megfizeti.",4
"A Vállalkozó köteles a mindenkor hatályos, vonatkozó jogszabályban foglaltak szerint építési naplót nyitni és folyamatosan vezetni, amely a szerződéses teljesítés teljes és hiteles dokumentumának tekintendő. A Vállalkozó köteles az építési napló napi jelentésében a kivitelezésben résztvevőket név szerint is feltüntetni. A Vállalkozó köteles lehetővé tenni azt, hogy a Megrendelő az építési naplóba betekintsen, és abba bejegyzéseket tegyen. ",4
"Az általános közszolgáltatási szerződés (a továbbiakban: Szerződés) általános szerződési feltételei a távhőszolgáltatásról szóló 2005. évi XVIII. törvény (a továbbiakban: Tszt.), az annak végrehajtásáról szóló 157/2005. (VIII. 15.) Korm. rendelet (a továbbiakban: Rendelet) és az annak 3. számú mellékleteként kiadott Távhőszolgáltatási Közüzemi Szabályzat (a továbbiakban: TKSZ), a Budapest főváros területén végzett távhőszolgáltatásról szóló 66/2012. (IX. 28.) Főv. Kgy. rendelet (a továbbiakban: Önk. Rend.) fogalom-meghatározásain és rendelkezésein alapulnak.",1
"4.5 Ha Ön vásárlása során promóciós utalványt használt fel, azonban az Ön elállása folytán a megrendelésének összértéke kevesebb vagy egyenlő a promóciós utalvány értékével, fenntartjuk a jogunkat arra, hogy Ön által megtartott áru vonatkozásában az adott áru eredeti árát felszámítsuk Önnek.",2
"b) az elektronikus fizetési eszköz használatához szükséges személyazonosító, illetve egyéb kód, vagy más hasonló azonosító adata jogosulatlanul harmadik személy tudomására jutott,",4
"Vállalkozó a Szerződés aláírásával elismeri, hogy megismerte a jelen Feltételek 11.10 pontjában foglalt szabályzatok betartandó rendelkezéseit, és azokat magára, illetve közreműködőire kötelezőnek ismeri el.  Vállalkozó a Szerződés aláírásával elismeri, hogy a Megrendelő a Szerződés létrejöttét megelőzően a Vállalkozó részére megismerhetővé tette a jelen pontban foglalt szabályzatok betartani köteles érdemi tartalmát, kivonatát. ",3
"A vonatok késéséről, valamint a késés miatt a csatlakozás elmulasztásáról a vasúti társaság – ha lehetséges – hangosbemondón és – ha lehetséges – állomási vizuális kijelzőn, illetve a jelen lévő munkavállaló útján azonnal értesíti, tájékoztatja az utasokat. A forgalmi akadályról az utasokat az érintett vasútállomásokon a vasúti társaság tájékoztatni köteles. Az utas kérésére a késésről, valamint az akadály tényéről és időtartamáról a vasúti társaságigazolást ad.",3
"Az online időpontfoglalások esetén bevezetésre került a rendelkezésre állási díj, amely szándékmegerősítésként szolgál az intézmény és orvosok irányába. A rendelkezésre állási díj összegét a Szolgáltató honlapján (www.sportorvosikozpont.hu) megtalálható mindenkori árlista tartalmazza. A rendelkezésre állási díjat az online foglalás során a rendszer által jelzett keretidőn belül szükséges megfizetni az időpont véglegesítéséhez. A sikeres fizetés visszaigazolásaként előlegszámla kerül kiállításra, amely a végleges időpontfoglalással kapcsolatos információkkal együtt emailben kerül megküldésre. A rendelkezésre állási díj a vizitdíj összegéből levonásra kerül.",2
"Az Előfizető a Szolgálatás igénybevétele során kizárólag a hatályos magyar szabványoknak és szabályozásoknak
megfelelő Eszközt használhat. Az Előfizető az Előfizetői Hozzáférési Ponthoz kizárólag megfelelőség-tanúsítással
és megfelelő interfésszel rendelkező szabványos Eszközt csatlakoztathat.",1
"3.1.1. A Számlatulajdonos kötelezi magát arra, hogy pénzforgalmát a mindenkori hatályos Pénzforgalmi jogszabályoknak, a jelen ÁSZF, Üzletszabályzat rendelkezéseinek megfelelően bonyolítja le, és a Bank által nyújtott szolgáltatások bankköltségeit megfizeti és a Fizetési megbízások teljesítéséhez szükséges pénzügyi Fedezetet a Bankszámlán rendelkezésre bocsátja.",1
"Ezenkívül előfordul, hogy a csomag olyan mértékű sérülést szenved, hogy a belső tartalomhoz való hozzáférés veszélye fennáll, ezért DPD a csomagot biztonsági okokból felbontja, a tartalmát megállapítja majd megfelelően visszazárja. A DPD minden esetben köteles a felbontást és a tartalom átvizsgálást jegyzőkönyvben rögzíteni. Amennyiben a DPD csak a sérült csomagolást javítja ki és/vagy erősíti meg, de nem történik tartalom megállapítás, akkor nem készül jegyzőkönyv. A DPD mind a felbontás utáni visszazárás, mind pedig a csomagolás megerősítése esetén erre a célra rendszeresített, DPD logóval ellátott ragasztószalagot használ a csomagok lezárására. ",3
"a) Az Eszmr-ben meghatározott, továbbá a Szolgáltató által önként vállalt egyedi szolgáltatásminőségi követelményeinek célértékei, internet-hozzáférés szolgáltatás esetén a késleltetés, csomagvesztés, és késleltetésingadozás célértékeire vonatkozó tájékoztatás, az új Hálózati végpont létesítésének és a szolgáltatás megkezdésének határideje, a meghibásodási valószínűség és a hívásjelzési késedelmekre vonatkozó követelmények, illetve a forgalomszabályozási intézkedésekkel összefüggő és az esetleges mennyiségi korlátozás, a sebesség és más szolgáltatásminőségi paraméterek internet-hozzáférés szolgáltatásokra gyakorolt hatásáról szóló tájékoztatás az ÁSZF 2/a. - 2/d. sz. mellékleteiben található meg.",0
"A Szolgáltató bármikor módosíthatja a webáruház felépítését, elrendezését, értesítési és bárminemű kötelezettség nélkül arra nézve, hogy megindokolja a döntés helyességét, és Szolgáltató nem vonható felelősségre, ha így jár el. ",4
"11.8. A Kedvezményezett a megvalósítási időszakban – legfeljebb 5 munkanapos határidővel –
bármikor kötelezhető a program előrehaladásával kapcsolatos adatszolgáltatás
benyújtására a Lebonyolító felé.",3
"A szerződésre a Német Szövetségi Köztársaság jogszabályai az irányadók, azzal azonban, hogy az Egyesült Nemzetek Szövetségének Egyezménye az áruk nemzetközi adásvételi szerződéseiről (Bécsi Vételi Egyezmény) és a kollíziós szabályok alkalmazása kizárt. Ez nem vonatkozik a fogyasztó állandó lakhelye szerinti uniós tagállam kötelezően alkalmazandó fogyasztóvédelmi jogszabályaira. A joghatóság helye Hamburg (Németország), azzal, hogy a fogyasztó jogosult az állandó lakhelye szerinti uniós tagállamban a szerződéssel kapcsolatos bármilyen követelést benyújtani.",2
"5.1. A Weboldalon szereplő Termékek árai forintban értendők és tartalmazzák az ÁFA-t, valamint a környezetvédelmi termékdíj-köteles termékek esetén a környezetvédelmi termékdíjat.",4
"2.2.12.11. A Bank az Elektronikus szolgáltatásokról és az adott bankszámlacsomagra vonatkozó Hirdetményben teszi közzé a másodlagos számlaazonosító kezelésének részletszabályait (a szolgáltatás elérhetőségét, a rögzítés, törlés, éves adategyeztetés módját, költségét, stb.).",3
"Az Ügyfél – választása szerint – kérhet kijavítást vagy kicserélést, kivéve, ha az ezek közül az Ügyfél által választott igény teljesítése lehetetlen vagy a Szolgáltató számára más igénye teljesítéséhez képest aránytalan többletköltséggel járna. Ha a kijavítást vagy a kicserélést az Ügyfél nem kérte, illetve nem kérhette, úgy igényelheti az ellenszolgáltatás arányos leszállítását vagy a hibát a Szolgáltató költségére az Ügyfél is kijavíthatja, illetve mással kijavíttathatja vagy – végső esetben – a szerződéstől is elállhat. Jelentéktelen hiba miatt elállásnak nincs helye.",1
"PIN kód (Personal Identification Number): Az a szigorú biztonsági előírások mellett készített, újra elő nem állítható, adott személyre vonatkozó titkos személyi azonosító kód, amelyet a Bank az Ügyfél/Felhasználó részére eljuttat, és amely lehetővé teszi az azonosító kártya használatával a szolgáltatás igénybevételét.",4
"104. A Fogyasztó minden Alzánál vásárolt új termék meghibásodása esetén a termék átvételétől számított két évig kellék szavatossági jogot érvényesíthet az Alzával, mint eladóval szemben. Amennyiben a Fogyasztó ingó dolognak minősülő termék (tehát nem szolgáltatást, vagy digitális tartalom) esetén érvényesít szavatossági igényt a termék átvételétől számított egy éven belül az Alzának kell bizonyítania, hogy a hiba a teljesítést követően (vagyis azután, hogy az Alza a terméket a Fogyasztónak átadta) keletkezett. A második évben ugyanakkor a Fogyasztónak kell bizonyítania, hogy a termék már a teljesítéskor, vagyis az átadás időpontjában is hibás volt.",0
"A Megrendelő jogosult minden külön eljárás nélkül a Vállalkozó nem szerződésszerű teljesítésére visszavezethető bárminemű kötbér, költség egyéb kár megtérítésére a jóteljesítési biztosítékból a felmerült összeget igénybe venni. ",3
"A DPD kizárólag az Időgarantált szolgáltatásokat és a második kézbesítési kísérlet lehetőségét (pl. karácsony előtti vagy egyéb operációs szempontból csúcsidőszaknak minősülő esetben) jogosult felfüggeszteni, erről a honlapján köteles előzetes tájékoztatást adni.  ",3
"2.1.8. A nem cégbírósági, hanem egyéb nyilvántartásba vételre kötelezett jogi személy részére a Bank csak a nyilvántartásba vételt dokumentáló, 30 napnál nem régebbi okirat bemutatása, az adószám és a statisztikai számjel rendelkezésre állása után nyit Bankszámlát. Amennyiben a Bankszámla megnyitására valamilyen indokból előbb kerül sor, úgy a Bankszámlán a Bank kizárólag a nyilvántartásba vétel megtörténtének igazolását követően bonyolít pénzforgalmat. A Bank a pénzforgalmi számlát azonnali hatállyal megszünteti, ha a Bankszámla megnyitását követő kilencven napon belül a pénzforgalmi Bankszámla nyitására kötelezett szervezet 30 napnál nem régebbi okirattal nem igazolja, hogy a nyilvántartásban szerepel.",2
"A Vatera kizárja a felelősségét az alábbi ügykörökben, amelyek vonatkozásában az Eladó vagy a postai szolgáltatásokról szóló 2012. évi CLIX. törvényben (a továbbiakban: Postatv.) meghatározott esetben a Címzett, illetve más harmadik személy közvetlenül a szállítási szolgáltató felé fordulhat igényével: - A küldemény elvesztése, megsemmisülése vagy sérülése esetén. - A szállítási szolgáltató az átvett csomagért a Postatv. irányadó rendelkezései szerint felel.",4
"A jegyek és bérletek vásárlására és a szolgáltatás igénybevételére megkötött szerződés nem minősül írásbeli szerződésnek, iktatásra nem kerül, így utólag nem hozzáférhető. A szerződés létrejöttét az elektronikusan elmentett vásárlási adatok igazolják, amelyeket a MÁO a számvitelre és az adózás rendjére vonatkozó jogszabályokban meghatározott ideig őriz. A felek között létrejövő szerződés nyelve a magyar.",0
"14.11 Ha a felhasználási helyen valamely épületrész távhőellátását kívánják megszüntetni, a Szerződés módosítására van szükség.",4
"3/1. A Vatera által működtetett online felületen tranzakció indítására és Termék feltöltésére a Felhasználó kizárólag akkor jogosult, ha a biztonsági regisztrációt követően teljes jogú felhasználói státusszal rendelkezik. Aukciós, illetve fix áras értékesítés esetén a hirdetés a Vaterán legfeljebb 21 (huszonegy) napra kerül megjelenítésre, amelynek lejárta esetén lehetősége van a Termék ismételt feltöltésére.",3
"A rendelés áttekintése - A fenti szövegdobozok kitöltését követően Ön a „Folytatás a következő lépéssel” gombra kattintva folytathatja a megrendelési folyamatot, illetve a „Mégsem” gombra kattintva törölheti/javíthatja az eddig bevitt adatokat, és visszaléphet a Kosár tartalmához. A „Folytatás a következő lépéssel” gombra kattintás esetén Ön a „Rendelés áttekintése” oldalra érkezik. Itt láthatja összegezve az Ön által korábban megadott adatokat, így a Kosár tartalmát, a felhasználói, számlázási és szállítási adatokat és az Ön által fizetendő összeget (ezeken az adatokon itt már nem változtathat, csak ha a „Vissza” gombra kattint).",3
A rendelés adatainak feldolgozása a „Megrendelés véglegesítése” gombra kattintással kezdődik meg.,4
"106. Kötelező jótállásként az Alza egyes tartós fogyasztási cikknek minősülő termékekre vonatkozóan a 151/2003. (IX. 22.) Korm. rendelet alapján és abban meghatározott feltételek szerint jótállásra köteles. Ez azt jelenti, hogy a kötelező jótállás időtartama alatt a jótállással érintett fogyasztási cikkek esetén a Fogyasztónak a hiba közlésén túl csak azt kell bizonyítania, hogy a terméket az Alzától vásárolta. Az Alza csak akkor mentesül a jótállási kötelezettség alól, ha bizonyítani tudja, hogy a hiba oka azután keletkezett, hogy a terméket az Alza a Fogyasztó részére átadta.",2
"2. Ha az Ügyfél a megbízásnak meghatározott időpontban való teljesítését igényli vagy az általános gyakorlattól eltérő teljesítést kíván, a megbízáson erre az OTP Bank Nyrt. figyelmét fel kell hívnia. A megbízásokat az Ügyfél olyan időpontban tartozik az OTP Bank Nyrt.-nek átadni, hogy a teljesítéshez szükséges idő az OTP Bank Nyrt. rendelkezésére álljon.",1
"a. kellékszavatossági igényt érvényesíthet az Alzával, mint eladóval szemben; ",1
"A Páciens tudomásul veszi, és kifejezetten hozzájárul ahhoz, hogy a Szolgáltató az általa nyújtott szolgáltatások teljesítéséhez Szerződött Partnereket vegyen igénybe, akiknek szolgáltatásaiért a Szolgáltató a Pácienssel szemben úgy felel, mintha azt maga látta volna el. Egyebekben figyelemmel a Szerződött Partnerek igénybevételére a Szolgáltató kijelenti, hogy szolgáltatásai közvetített egészégügyi szolgáltatásokat is tartalmaznak, melyek esetében a Szolgáltató az egészségügyi szolgáltatás nyújtásának megszervezését vállalja saját szervezeti egysége keretében, hozzáadott szolgáltatási tartalommal.",3
"Az Előfizetői Szerződés jelenlévők között üzlethelyiségben a Szolgáltató által fenntartott
Ügyfélszolgálatokon, márkaképviseleteken és viszonteladói hálózatában és a Szolgáltató
Üzlethelyiségeiben köthető meg, azzal, hogy a Szolgáltató fenntartja a jogot más értékesítési csatornák
igénybevételére is. Ebben az esetben az Előfizetői Szerződés az Előfizetői Szerződésben foglalt
feltételek Előfizető általi ráutaló magatartással történő elfogadásával jön létre. Kétség esetén az
Előfizetői Szerződés létrejöttének időpontja a Szolgáltató ajánlatát elfogadó Előfizető által tanúsított, a
jelen ÁSZF 3.1.3. pontjában ismertetett Ráutaló magatartások közül az első Ráutaló magatartás
megtételének időpontja.",1
"4.4. Amennyiben akciós ár kerül bevezetésre, Szolgáltató teljes körűen tájékoztatja Felhasználókat az akcióról és annak pontos időtartamáról.",4
" Amennyiben a Szolgáltató a jogszabályban előírt bejelentési kötelezettségének (ideértve különösen a finanszírozott feladatkört érintő személyi és tárgyi változásokat, azt a változást, hogy a Szolgáltató, vagy közreműködője már nem minősül átlátható szervezetnek, a Szolgáltatóra vonatkozó csőd, végelszámolás, vagy felszámolási eljárás megindulását, valamint a köztartozásokban bekövetkezett változásokat) nem tesz eleget, a Finanszírozó jogosult a finanszírozási szerződést azonnali hatállyal felmondani.",3
"(10) A Bank jogosult a jelen ÁSZF-ben foglalt (díjat, jutalékot, egyéb költséget nem érintő) szerződési feltételeit a 7. pontban meghatározott feltételek, illetve körülmények alapján, továbbá az alábbi feltételek, illetve körülmények esetén az Szerződő félre kedvezőtlenül egyoldalúan módosítani:",2
"c. a fogyasztási cikk kijavítás ára a kijavítási igény Alza részére történő bejelentésétől számított harmincadik napig nem kerül sor. Az Alza törekszik arra, hogy a kijavítást a bejelentést követő 15 napon belül elvégezze, ugyanakkor amennyiben a kijavításra 30 napon belül nem kerül sor, úgy az Alza a hibás terméket 8 napon belül kicseréli.",3
"1.4. Amennyiben a Szolgáltatással kapcsolatos valamely kérdést az adott Ügyfélszerződés, az ÁSZF vagy a Hirdetmény nem szabályoz, a Bank mindenkor hatályos Üzletszabályzata, valamint a Magyarország jogszabályainak – elsősorban a Hpt., a Pft. és az MNB rendelet – vonatkozó rendelkezései irányadók. Amennyiben a Bank valamely, az ÁSZF hatálya alá eső Szolgáltatás nyújtása során a Magyar Posta Zrt. szolgáltatását veszi igénybe, vagy közvetíti, e vonatkozásban a Magyar Posta Zrt. megfelelő szerződési feltételei (üzletszabályzata, egyéb szabályzatai) is irányadónak tekintendők.",1
"e) a Hitelfevevő lakóhelye,",4
"9.2 A Libri Könyvkereskedelmi Kft. fenntartja magának a jogot, hogy egyedi, különleges megjelenéseknél egyedi gyártási határidőt állapítson meg és ezzel kapcsolatban egyedi árképzést alkalmazzon. A Libri Könyvkereskedelmi Kft. a Megbízóval történt egyeztetést követően speciális hirdetések esetén alvállalkozói díjat (fejlesztési, tartalom-előállítási, gyártási díj, stb.) számlázhat ki a Megbízó felé, amely a hirdetési díjon felül, nettó értékben, az ÁFA mértékével növelten értendő. A Felek ebben az esetben vagy a hirdetési szerződésben, vagy külön szerződésben rendelkeznek a megállapodás feltételeiről.",2
"8. A BKK Zrt. jogosult az Alkalmazást újabb funkciókkal vagy lehetőségekkel bővíteni, és az Alkalmazás működését felfüggeszteni vagy azt teljesen megszüntetni.",4
1.4. Az általános szerződési feltételek alkalmazása,4
"7.5 Ön nem használhatja fel kereskedelmi célokra a Szolgáltatásokban rendelkezésre bocsátott információkat, és nem használhatja a Szolgáltatásokat más vállalkozás javára, kivéve, ha ezt előzetesen kifejezetten engedélyeztük. Ön nem keresheti meg a felhasználókat, nem hirdethet számukra, és nem léphet kapcsolatba velük semmilyen formában munkavállalás, szerződéskötés vagy bármilyen más, a Temun keresztül nyújtott Szolgáltatásokhoz nem kapcsolódó céllal. Ha Ön megsérti ezt a rendelkezést, fenntartjuk a jogot, hogy saját belátásunk szerint megtagadjuk a szolgáltatást, fiókokat szüntessünk meg és/vagy vásárlási tranzakciókat töröljünk.",2
"Az Eladó köteles gondoskodni a Termék megfelelő belső és külső csomagolásáról, lezárásáról oly módon, hogy a csomagot, illetve annak tartalmát a csomagolás - annak jellegzetességeire is figyelemmel - a fuvarozás és a gépi rakodás során is megóvja a kinyílástól és a sérüléstől, illetve, hogy az megfeleljen a szállítási szolgáltatók általános szerződési feltételeiben foglaltaknak.",4
"10.7.  A Szerződő felek megállapodnak abban, hogy a vitás kérdéseket békés úton
rendezik. Szerződő felek az esetlegesen felmerülő jogvitás kérdések tekintetében pertárgy értéktől függően alávetik magukat a Fővárosi Törvényszék  kizárólagos
illetékességének. Felek kikötik, hogy mindennemű vita esetén a közösen
kiválasztott minőségvizsgáló intézet, szakértő szakvéleményét elfogadják és a
szakvéleményben foglaltak szerint járnak el.",4
8.3. A Szolgáltató a Fogyasztó nála bejelentett szavatossági vagy jótállási igényéről jegyzőkönyvet köteles felvenni.,3
"Az Előfizetői Szerződés fennállása alatt, vagy annak megszűnését követő 1 éves elévülési időn belül, az Előfizető
– az Üzleti Előfizető kivételével – évente egyszer ingyenesen kérheti az Előfizetői Szerződés általa megjelölt
időpontjában hatályos tartalmáról szóló dokumentum átadását. E dokumentumot a Szolgáltató a kérelem
beérkezésétől számított 8 napon belül az Előfizető kifejezett rendelkezése hiányában, mint a Felek megegyezése
szerinti tartós adathordozón, elektronikus levélben küldi meg, Előfizető ettől eltérő rendelkezése esetén pedig
papíron, nyomtatott formában köteles az Előfizető részére igazolható módon átadni vagy megküldeni. A jelen
pontban meghatározott dokumentum évente többszöri igénylésének díját az ÁSZF 2. számú melléklete
tartalmazza.",3
"7.10. Mivel az internet nyitott és nem tekinthető biztonságos hálózatnak, ezért Felhasználó tudomásul veszi, hogy az azon továbbított adatok megsemmisülése, késedelmes megérkezése vagy bármely más egyéb hiba folytán keletkező károk tekintetében az Üzemeltető kártérítési felelősségét kizárja.",4
"Amennyiben a hajóbérlet a meghatározott hajótípusra a charter cég hibájából nem valósulna meg, de az ugyanolyan, vagy magasabb méretű, ill. kategóriájú hajót biztosít, megbízó köteles azt elfogadni.",3
"6.2.8. Amennyiben Felhasználó hirdető a módosított hirdetési csomagok és díjak mellett nem kívánja tovább igénybe venni Üzemeltető szolgáltatását, akkor a módosítás tárgyában megküldött értesítés kézhezvételét követő 15 napon belül – értesítés elmaradása esetén pedig a tudomásszerzéstől számított 15 napon belül – azonnali hatályú felmondásra jogosult.",3
"Beérkezési határidő: az a nap, amikor a számla ellenértékét a Szolgáltató számláján jóváírják (a pénzforgalom lebonyolításáról szóló 35/2017. (XII.14) MNB rendelet 12. § (1) bekezdése értelmében a fizetési megbízás azon a napon teljesül, amikor a pénzösszeget a kedvezményezett fizetési számláján jóváírják.)",3
"Békéltető testületi eljárás - Amennyiben az Ön fogyasztói panaszát elutasítjuk, úgy Ön jogosult az Ön lakóhelye, tartózkodási helye vagy székhelye szerinti illetékes, vagy az Ön által a kérelemben megjelölt  fordulni. A békéltető testület eljárása megindításának feltétele, hogy a fogyasztó az érintett vállalkozással közvetlenül megkísérelje a vitás ügy rendezését.",2
"Hitelesített Telekom fiók: a Szolgáltató lehetőséget biztosít az Előfizető számára, hogy a személyes adatainak ellenőrzését magában foglaló beazonosítást követően megadja, hogy mely belépési azonosítóval rendelkező Telekom Fiókot használja kizárólagos jelleggel. Az adott Telekom fiók kizárólagos használatát Előfizető a Telekom fiók valamely belépési azonosítójára a Szolgáltató által küldött egyszer használatos jelszó megadásával tudja igazolni Szolgáltató felé. A beazonosítás személyes ügyintézéssel, illetve online Digitális Állampolgár (DÁP) mobilalkalmazás igénybevételével lehetséges.",4
"2.4.  Szolgáltató fenntart magának minden jogot a webshop weboldal, annak bármely részlete és az azon megjelenő tartalmak, valamint a weboldal terjesztésének tekintetében. Tilos a webshopon megjelenő tartalmak vagy azok bármely részletének letöltése, elektronikus tárolása, feldolgozása és értékesítése a Szolgáltató írásos hozzájárulása nélkül.",4
"Nyilvánvalóan hibás árnak minősül a fentieken kívül az az ár, melynek hibás voltát a fogyasztó az adott helyzetben általában elvárható figyelmességgel és körültekintéssel maga is felismerhetett, figyelembe véve a tisztességtelen kereskedelmi gyakorlat tilalmáról szóló 2008. évi XLVII. törvény 4. § (1) bekezdésében foglalt fogyasztói magatartást.",3
"A vasúti társaság a panaszok, észrevételek intézése során az érintettek személyes adatának kezelését a hatályos törvényi rendelkezésekben – különösen az Európai Unió 2016/679. számú általános adatvédelmi rendeletében, az információs önrendelkezési jogról és az információszabadságról szóló 2011. évi CXII. törvényben és a fogyasztóvédelemről szóló 1997. évi CLV. törvényben – és a személyes adatok védelmére vonatkozó belső szabályzataiban foglaltaknak megfelelően végzi.",1
"A Szolgáltató jelen ÁSZF-ben foglalt Szolgáltatásai tekintetében olyan hálózatkezelési rendszert alkalmaz, vagy
alkalmazhat, amely a szűkös kapacitású erőforrások – a Szolgáltató által a Helyhez kötött szolgáltatás nyújtása
céljából igénybe vett elektronikus hírközlési hálózat biztonságának fenntartása és az Előfizetők közössége
érdekeinek elsődlegességén alapuló – hatékony kihasználását teszi lehetővé.",3
"A fogyasztó kellékszavatossági, termékszavatossági vagy jótállási igényét az Eladó nem az Fgytv. fogyasztói panasz kezelésére vonatkozó szabályai, hanem külön jogszabályok szerint köteles intézni.",3
"11.21.  Ha a Megrendelő munkabiztonsági
szakembere munkabiztonsági, tűzvédelmi, illetőleg környezetvédelmi
mulasztásokat, hiányosságokat észlel a Vállalkozó tevékenységi körén belül, az
alábbi intézkedésekre jogosultak:
a) A fennálló veszélyforrások azonnali, illetve megadott határidőn belüli
megszüntetésére utasíthatja a Vállalkozó kijelölt munkahelyi vezetőjét.
Amennyiben a Vállalkozó a megadott határidőn belül a hiányosságokat nem
szünteti meg, akkor a fennálló hiányosság  súlyosságától függően a Megrendelő
jogosult munkavédelmi bírság kiszabására, illetve a Vállalkozó munkaterületről
való kitiltására.
b) Amennyiben a munkavégzés során súlyos és közvetlen veszélyt észlel, jogosult
a végzett tevékenység azonnali felfüggesztésére és az elkövetés súlyosságától
függően a következő eljárások alkalmazására: figyelmeztetés, munkavédelmi
bírság kiszabása, azonnali kitiltás a munkaterületről.",3
"Amennyiben a könyvelt postai küldemény kézbesítésére kézbesítést lehetővé tevő automatizált eszközből történő átvétellel kerül sor, a címzett vagy az egyéb jogosult átvevő átvételi jogosultságát az átvevő által az átvétellel egyidejűleg megadott azonosító kóddal köteles igazolni. Ennek megfelelően igazolt kézbesítésnek minősül a Címzett rendelkezései alapján a Küldemény DPD Csomagautomatából történő átvétele a Címzett részére egyedileg generált kód megadásával. ",1
"A Páciens a szolgáltatás igénybevételéhez köteles a Szolgáltató rendelkezésére bocsátania, az egyedi szolgáltatási szerződésben feltüntetni legalább az alábbi adatokat: családi és utónév, születési név, születési hely és idő, anyja neve, TAJ száma, lakcím, telefonszám, e-mail cím. A szolgáltatási szerződés megkötéséhez, valamint a Páciens személyazonosságának megállapítása céljából a Páciens hozzájárulását adja ahhoz, hogy azonosítása érdekében Szolgáltató személyazonosító igazolványát (személyi igazolvány, útlevél vagy jogosítvány) és lakcímkártyáját elkérje, szükség esetén azokról másolatot készítsen.",3
"27. A „Szállítás & Fizetés” elnevezésű felületen, (ahová a Kosár oldalon a „Folytatás” gombra kattintva juthat a Fogyasztó) a Fogyasztó kiválaszthatja az Alza által felkínált szállítási módok közül a számára leginkább megfelelőt. Ezen a felületen a Fogyasztó tájékoztatást kap a kiválasztani tervezett szállítási módhoz tartozó várható szállítási határidőről és a szállítás díjáról is.",4
Idegen nyelvű okiratok esetén azok hiteles - az Országos Fordító- és Fordításhitelesítő Iroda (OFFI) által készített - fordítása is szükséges.,2
"9.5. A felek közötti jogvita rendezéséhez az online vitarendezési platform is felhasználható, mely az alábbi linken érhető el: https://ec.europa.eu/consumers/odr/.",3
"▪ Amennyiben az adott országgal Magyarország kétoldalú polgári jogsegély egyezményt kötött, úgy az adott országban kiállított közokirat további hitelesítés nélkül elfogadható,",2
"A felhasználói fiók a Vatera felületen a Belépés gombra kattintva, a bejelentkezési adatok megadásával érhető el. A Felhasználó felhasználói fiókjába belépve a Személyes menü kiválasztásával adhatja meg, illetve szerkesztheti személyes és kiegészítő adatait, jelszavát, illetve ezen keresztül érheti el az egyéb fiókbeállításait.",4
"A Szerződés teljesítése során a felek kifejezetten kizárják a Vállalkozó általános szerződési feltételeinek, vagy annak egyes pontjainak alkalmazását. ",1
"A műholdas műsorterjesztés előfizetői szolgáltatásra vonatkozó részletes leírást, a rá vonatkozó további
információkat, így különösen a szolgáltatás díjcsomagjaiba tartozó médiaszolgáltatások, és a kiegészítő
médiaszolgáltatások felsorolását, valamint a szolgáltatás igénybevételének korlátait, az igénybevételt befolyásoló
egyéb tényezőket a jelen ÁSZF 1. számú melléklete tartalmazza.",3
"7.7 Felhívjuk figyelmét, hogy a 30 napos visszatérítési jog nem vonatkozik a szén-dioxid kibocsátás ellensúlyozására vonatkozó hozzájárulásra, ha Ön a szén-dioxid-kibocsátásának ellensúlyozására vonatkozó lehetőséget választotta a megrendeléséhez. Az Ön törvényes elállási joga változatlanul fennmarad.",0
"4.1. A Hitelkártya újragyártását lehet kérni, amennyiben:",3
6. A teljesítés határideje,4
"Értékegyeztetéssel történő csere során a visszacserélni kívánt áruért kifizetett összeget Szolgáltató beszámítja a cserébe kiválasztott termék árába. Ha a kiválasztott új áru drágább, a különbözet Szolgáltató boltjaiban elfogadott fizetési módok és eszközök bármelyikével kiegyenlíthető. Ha a visszacserélni kívánt áru a drágább, akkor a fennmaradó összeget Szolgáltató új Libri ajándékkártyára tölti fel, melyről az összeg a feltöltéstől számított egy éven belül használható fel.",3
"A Küldemény felvétele előzetes (a feladást megelőző nap 16.00-ig átadott) megrendelést követően a DPD futárjai közreműködésével Regular Pickup esetén az Ügyfél székhelyén vagy telephelyén előre meghatározott napon és idősávban, illetve Collection Request esetén az Ügyfél által megjelölt helyen történik munkanapokon 8-17 óra között.  A DPD egyoldalú döntése alapján kerül meghatározásra, hogy pontosan mely időpontban történik meg az áru felvétele az adott napon. A DPD természetesen minden esetben törekszik az ügyféligények figyelembevételére.  ",4
"Megbízó a kauciót a hajóátvétel helyszínén helyezi letétbe készpénzzel vagy hitelkártyával. Megbízó a kaucióról kapott átvételi elismervényt megőrzi, a kauciót ennek bemutatásával kapja vissza. A hajóban okozott károk, felszerelés elvesztése, stb. esetén azok értéke, a javítás költségei, a szállítás költségei és az esetleges kiesett charternapok költsége a kaucióból kerül levonásra.",3
23. A Webáruházban történő vásárlás menetéről szóló egyszerűbb útmutató (Hogyan vásárolj az Alza.hu-n?) itt olvasható.,4
• számla sorszámát,4
"Csomagajánlatban történő vásárlás esetén lehetőség van egy Eladótól egy Tranzakció során több, külön hirdetésben megjelenített fix áras Termék megvásárlására, valamint egy Eladótól egy Tranzakció során azonos hirdetésben megjelenített több fix áras Termék megvásárlására, a Termékek kosárba helyezését követően, a Csomagajánlatot kérek gombra kattintással. A Csomagajánlatra vonatkozó igény Vevő általi elküldésével vételi ajánlat keletkezik, amely ajánlatot az Eladó a Vatera fiókjában a Csomagajánlat menüpontban tud elutasítani vagy elfogadni. Az ajánlat elfogadására 30 nap áll rendelkezésre, az ajánlat elfogadása esetén az Eladó a csomagra vonatkozóan köteles megadni a Vatera Szállításhoz szükséges méret és súly adatokat. A szállítási adatok megadása alapján a Szolgáltató megjeleníti az Eladó részére azokat a Vatera Szállítási módokat, amelyek elérhetőek az Csomagajánlat tárgyát képező csomagra, amelyből az Eladó által kiválasztott Vatera Szállítási módok kerülnek kiajánlásra a Vevő részére. ",2
"Felhasználó: az a természetes személy, jogi személy, vagy szervezet, aki vagy amely a Szolgáltató által nyújtott szolgáltatások valamelyikét igénybe veszi a Webáruházban, így különösen terméket vesz, rendel, kap, használ, igénybe vesz, vagy a termékkel kapcsolatos kereskedelmi kommunikáció, ajánlat címzettje (továbbiakban: „Felhasználó”).",3
• páciens nevét,4
Termékszavatossági igényét kizárólag az ingó dolog gyártójával vagy forgalmazójával szemben gyakorolhatja. A termék hibáját termékszavatossági igény érvényesítése esetén Önnek kell bizonyítania.,3
"7.5 A váratlan meghibásodásról, a meghibásodás okáról és a hiba kijavításának kezdetéről a Felhasználó és a BKM NONPROFIT Zrt. egymást nyolc (8) órán belül köteles tájékoztatni és a hibát a műszakilag lehetséges legrövidebb időn belül megszüntetni.",4
"Szolgáltató készpénzes, bankkártyás vagy átutalásos fizetési lehetőséget biztosít. Az ellátásra jelentkező Páciens az ellátási folyamatot magára nézve kötelezőnek ismeri el. A vizsgálatot, beavatkozást követően a helyszínen van lehetőség a szolgáltatás ellenértékét kifizetni a kapott számla ellenében készpénzben.",4
18,4
"9.6 A Felhasználó kérésére a BKM NONPROFIT Zrt. az elszámolás céljára szolgáló mérő és annak beépítése megfelelőségét mérésügyi felülvizsgálatra feljogosított szervvel köteles megvizsgáltatni. Ha a vizsgálat eredménye szerint a beépítés vagy a mérő nem felelt meg az előírásoknak, a vizsgálat és a mérőcsere minden költsége a BKM NONPROFIT Zrt.-t terheli, ellenkező esetben a BKM NONPROFIT Zrt. jogosult a vizsgálat költségét a Felhasználóra áthárítani.",3
Milyen bizonyítási szabály érvényesül termékszavatossági igény érvényesítése esetén?,4
"c.h) képesítési követelmények szerinti képzési idő (félévek száma),",3
3.2. A megbízások teljesítése,4
"Fizetés Google Pay-el: A fizetés közvetlenül a Google-fiókon keresztül történik. A megrendelés leadásakor átirányítjuk a Google-hez, hogy engedélyezze a megrendelés értékének kifizetését. Amint értesülünk az engedélyezésről, a szállítás megkezdődik - az egyes termékeknél feltüntetett szállítási időtől függően. A Google Pay-nél letétbe helyezett fizetési módtól függően az engedélyezést vagy a szállítást követően azonnal megterheljük a ténylegesen számlázott összeggel, minden kedvezményt, kupont stb. levonva.",3
"1.1.1. A Weboldalon történő Megrendeléshez a Felhasználónak/Ügyfélnek a Weboldalon Saját fiókot kell létrehoznia neve, e-mail címe és jelszó megadásával.",4
"A jelen ÁSZF hatálya alá tartozó szolgáltatásokra és díjcsomagokra – kivéve a 3/d mellékletekben meghatározott szolgláltatásokat és díjcsomagokat, az ebben a mellékletben meghatározott feltételekkel - kizárólag egyéni előfizetők köthetnek előfizetői szerződést. Egyéni előfizető az a természetes személy előfizető, aki úgy nyilatkozott, hogy gazdasági tevékenységi körén kívül veszi igénybe az előfizetői szolgáltatást.",4
"3/2. A terméklapon meg kell jeleníteni a feltöltött Termék, vagy szolgáltatás pontos, a valósággal megegyező paramétereit és tulajdonságait.",4
11.4 A Díjfizető személyének változását a régi és az új Díjfizető a változástól számított tizenöt (15) napon belül köteles a BKM NONPROFIT Zrt-nek írásban bejelenteni és ezzel egyidejűleg erről a Felhasználó képviselőjét is értesíteni. A Díjfizetők személyében bekövetkező változások nem érintik a Felhasználó és a BKM NONPROFIT Zrt. között létrejött Szerződés érvényességét. A Díjfizető a változás időpontjától jogosult a Szerződésben foglaltak szerint a szolgáltatás igénybevételére és ugyanezen időponttól köteles a távhőszolgáltás díjainak megfizetésére.,2
"A Szolgáltató a szolgáltatás nyújtásához szükséges engedélyekkel, valamint a vonatkozó  egészségügyi tárgyú jogszabályokban meghatározott személyi és tárgyi feltételekkel rendelkezik. A Szolgáltató a szolgáltatást az ellátásban résztvevőktől elvárható gondossággal, valamint a szakmai és etikai szabályok, illetve irányelvek, valamint a hatályos jogszabályok betartásával nyújtja.",2
"• Regisztráció: a Felhasználó az Alkalmazáson keresztül önkiszolgáló módon a jelen ÁSZF szerinti adatainak megadásával regisztrálja magát az Alkalmazásban, amely az Alkalmazáson keresztül nyújtott, egyes Szolgáltatások igénybevételének a feltétele.",2
"8.3.2. Amennyiben Vállalkozó  a meghibásodás Megrendelő  részéről történő
írásos bejelentésével  (ami lehet email, postai levél, telekommunikáció )
egyidejűleg kitűzött helyszíni bejáráson nem jelenik meg, vagy a helyszíni
bejáráson megjelenik, de a javítási munkákat nem kezdi meg 5 munkanapon,
illetve a Megrendelővel  történő külön megállapodás szerinti határidőn belül,
vagy a javítási munkát megkezdi, de azt felfüggeszti, vagy nem megfelelő
minőségben végzi el, úgy Megrendelő  a Vállalkozó  írásban történő
értes ítését követően a meghibásodás más vállalkozóval történő kijavítására
intézkedhet a visszatartott garanciális összeg ill. bankgarancia terhére.",3
"81. Az Alza főszabály szerint nem köt folyamatos teljesítésű szerződéseket. Amennyiben az Alza folyamatos teljesítésű szerződést kötne, úgy a Fogyasztó megfelelő információt kap a szerződés legrövidebb időtartamáról és az adott számlázási időszakban (ami állandó ár esetén mindig egy hónapos időszak) elszámolásra kerülő árról (vagy az ár meghatározásának módszeréről) a szerződés megkötése előtt. Ilyen szolgáltatásnak minősül például az Alza Plus szolgáltatás, melynek lényeges feltételeiről az https://www.alza.hu/alzaplus oldalon tájékoztatjuk Fogyasztóinkat.",1
"3.3.4.2. Rendes felmondás esetén a felmondási idő mindkét fél számára 30 nap, mivel a Számlatulajdonosa Pft. alapján nem minősül mikrovállalkozásnak.",3
Eljárás hibás ár esetén - Nyilvánvalóan hibásan feltüntetett árnak minősül:,4
"1.7. A „Posta banki szolgáltatások” elnevezés alatt korábbiakban értékesített Posta betétekre Hűség Betétek elnevezés mellett, a Számlavezetési Keretszerződésekre (Postai Folyószámla / Postai Elektronikus Számlacsomag / Postai Nyugdíjszámla szerződés keretében nyújtott számlavezetési szolgáltatásokra) Erste Hűség elnevezésmellett 2014. április 2-tól a jelen Erste Lakossági Banki Szolgáltatások ÁSZF vonatkozik.",4
"1.9 A Felhasználó lemond szerzői jogainak vagyoni részéről a Felhasználói Tartalommal kapcsolatban, tehát anyagi igényt nem támaszt az Üzemeltető felé, valamint az Üzemeltetőnek korlátlan (terjesztés, többszörözés, közvetítés, átdolgozás, nyilvános előadás) felhasználási jogot ad.",1
"Felhasználó a Megrendelés (III.1.b.) és az Adatbeviteli hibáknak a szerződéses nyilatkozat elküldését megelőzően történő azonosításához és kijavításához biztosított eszközökkel kapcsolatos tájékoztatás (III.1.d.) pontban foglaltak szerint tudja megadni, ellenőrizni, pontosítani és módosítani rendelése adatait, így a számla kötelező elemét képező adószámát is.",1
"2.2.12.8. A Bank a regisztráció időpontjától számítva évente egyeztet a Számlatulajdonossal vagy az általa az egyeztetés lefolytatására felhatalmazott Rendelkezővel a fizetési számlához rendelt másodlagos számlaazonosítók érvényességéről akként, hogy a másodlagos számlaazonosító hozzárendelésére vonatkozó korábbi bejelentés megerősítését a bejelentés átvétele napjának számánál fogva megfelelő napig beszerzi. A Bank az évenkénti egyeztetésre előírt határidő lejártát legalább 30 nappal megelőzően értesíti a Számlatulajdonost adategyeztetésről, valamint az adategyeztetés elmaradásának a következményéről.",2
"3.2 Ön felelős minden olyan tevékenységért, amely az Ön Fiókjához kapcsolható. Ennélfogva meg kell védenie Fiókja és jelszava biztonságát, és nem szabad azokat harmadik féllel megosztania. Haladéktalanul értesítenie kell bennünket, ha a Fiókját jogosulatlanul használják vagy biztonsági visszaélés történt a Fiókjával.",4
"1.23 A Felhasználó kijelenti, hogy a Szolgáltatást a jelen ÁSZF rendelkezéseinek megfelelően veszi igénybe, a Szolgáltatás igénybevétele során megadott adatai a valóságnak megfelelnek. Az Üzemeltető kizárja felelősségét a Szolgáltatás igénybevétele során megadott téves, hibás vagy hamis adatok vagy e-mail cím megadásából eredő kárért.",3
"58. Az Alza bemutatótermeiben kötött szerződés ráutaló magatartással jön létre, a vételárnak a Fogyasztó által az Alza részére történő megfizetésével.",3
a.e) a Hitelfevevő lakóhelye,4
"9.3. Amennyiben a Szolgáltató a Szabályzat alapján megillető jogát nem gyakorolja, a joggyakorlás elmulasztása nem tekinthető az adott jogról való lemondásnak. Bármilyen jogról történő lemondás csak az erre vonatkozó kifejezett írásbeli nyilatkozat esetén érvényes. Az, hogy a Szolgáltató egy alkalommal nem ragaszkodik szigorúan a Szabályzat valamely lényegi feltételéhez, vagy kikötéséhez, nem jelenti azt, hogy lemond arról, hogy a későbbiekben ragaszkodjon az adott feltétel vagy kikötés szigorú betartásához.",1
"8.4. A Megrendelő  jogosult a felmerült jóteljesítési garancia összegét meghaladó
kárát a Vállalkozóval  szemben érvényesíteni.",3
"2.3. Felhasználó, amennyiben belép a Szolgáltató által üzemeltetett weboldalra, vagy annak tartalmát bármilyen módon olvassa – akkor is, ha nem regisztrált felhasználója a weboldalnak, a Szabályzatban foglaltakat magára nézve kötelezőnek ismeri el. Amennyiben a Felhasználó nem fogadja el a feltételeket, nem jogosult a weboldal tartalmának megtekintésére.",2
"2.3 Az Adminisztrátorok a Felhasználói Tartalmat részben vagy egészében eltávolíthatják, módosíthatják.",1
"11.6 A Felhasználó jogosult a 6.2 pontban meghatározott hőteljesítmény igényét a Távhőszolgáltatóhoz az év szeptember 30. napjáig beérkező, cégszerűen aláírt nyilatkozattal a következő naptári évre szóló hatállyal megváltoztatni. Amennyiben ezen határidőig a Felhasználó erre vonatkozó nyilatkozatot nem tesz, a következő naptári évre a lekötött hőmenyiség változatlan.",4
"2.2.1. A Számlatulajdonos Bankszámlája felett – jogszabályban foglalt esetek kivételével – szabadon jogosult rendelkezni; a Kiskorú Számlatulajdonos a Bankszámlája felett önállóan rendelkezni a bankkártyájával végzett tranzakciók révén a bankkártyához beállított limitek erejéig, valamint a Gránit Family és NetBank szolgáltatáson keresztül a mindenkor hatályos vonatkozó Hirdetményben meghatározott tranzakciók vonatkozásában jogosult. Kiskorú Számlatulajdonos esetén annak Törvényes képviselője a Pénzforgalmi Keretszerződés aláírásával járul hozzá a Kiskorú Számlatulajdonos Bankszámlája felett a Törvényes képviselő – a jogszabályban foglalt esetek kivételével – szabadon, a számla egyenlegének erejéig rendelkezhet. A két néven vezetett Bankszámla esetén a Számlatulajdonosok önállóan jogosultak a Bankszámla feletti rendelkezésre. Jogi személy a Pénzforgalmi számla feletti rendelkezéséhez a nyilvántartásba bejegyzett, illetőleg bejegyzésre bejelentett teljes vagy rövidített nevének (cégnevének) betű szerinti használata, valamint a Számlatulajdonos által a Bankszámla feletti rendelkezésre bejelentett személy vagy személyek aláírása szükséges. Az adózás rendjéről szóló 2003. évi XCII. törvény szerinti egyéb szervezet a létesítő okiratában, ennek hiányában a Pénzforgalmi Keretszerződésben meghatározott módon rendelkezhet Bankszámlája felett.",2
d) a Számlatulajdonos jogutód nélküli megszűnésével.,4
"A vállalkozás a fogyasztónak visszajáró összeget a fogyasztó által igénybe vett fizetési móddal megegyező módon téríti vissza. A fogyasztó kifejezett beleegyezése alapján az Eladó a visszatérítésre más fizetési módot is alkalmazhat, de a fogyasztót ebből adódóan semmilyen többletdíj nem terhelheti.",3
"A vasúti társaság által közlekedtetett vonatokra a vasúti társaság által üzemeltetett állomási és megállóhelyi pénztárakban (továbbiakban: pénztár), menetjegyirodákban, valamint szerződéses partnereknél, utazási irodákban, automatáknál vagy elektronikus csatornán (interneten keresztül) lehet menetjegyet- és/vagy felárat vásárolni. A vasúti társaság a vasútállomáson és megállóhelyen hirdetmény útján a jegykiadás helyét a vasútállomástól, megállóhelytől távolabb is meghatározhatja. A menetjegy vásárlási lehetőségekről a vasúti társaság a honlapján is tájékoztatást nyújt. A vasúti társaság által a közszolgáltatási menetrendben meghirdetett vonatokra a vasúti társaság a pénztárban, jegykiadó automatákból, illetve a vonat fedélzetén köteles menetjegyet értékesíteni. Elektronikus csatornán és jegykiadó automatán díjmentes menetjegy önállóan nem vásárolható.",1
47.3. (hatályon kívül helyezve),4
"7.2 Tiszteletben tartjuk mások szellemi tulajdonjogait, valamint fenntartjuk a jogot az olyan Tartalom törlésére vagy letiltására, amely állítólagosan sérti más személyek szellemi tulajdonjogait, továbbá az állítólagos jogsértők fiókjainak megszüntetésére. A potenciálisan jogsértő tartalmak bejelentésének módját lásd a Szellemi tulajdonjogra vonatkozó szabályzatunkban.",4
"A Vállalkozó felelősségi, helytállási kötelezettsége a Ptk. általános szabályai szerint áll fenn. ",4
A Szolgáltató csak a neki felróható szándékos vagy súlyosan gondatlan hibákkal okozott károkért felel. A felelősség mértéke nem haladhatja meg a vásárlási tranzakció értékét.,2
"3.1.3 A Megbízónak a megrendelésben nyilatkoznia kell a fizetés módjáról is, elfogadva az alábbi IX. pontban rögzített szabályokat.",4
"2. Jelen Fogyasztói ÁSZF csak a fogyasztónak minősülő vásárlókra vonatkozik. Fogyasztónak minősül a szakmája, önálló foglalkozása vagy üzleti tevékenysége körén kívül eljáró természetes személy. A jelen Fogyasztói ÁSZF IX. Hibás teljesítés fejezete tekintetében – kivéve a IX.2.1 Jogszabályon alapuló, kötelező jótállás alcím rendelkezéseit – Fogyasztó alatt a szakmája, önálló foglalkozása vagy üzleti tevékenysége körén kívül eljáró a kis- és középvállalkozásokról, fejlődésük támogatásáról szóló 2004. évi XXXIV. törvény szerinti mikro- kis- és középvállalkozásokat is érteni kell. Egyebekben a fogyasztónak nem minősülő vásárlókra külön általános szerződési feltételek (a továbbiakban: „Vállalkozói ÁSZF”) vonatkoznak, melyek itt érhetőek el.",1
"A DPD felelős azért a kárért, amely a Küldemény felvételétől annak kézbesítéséig vagy a feladó részére történt visszakézbesítéséig terjedő időben a Küldemény megsemmisüléséből, teljes vagy részleges elvesztéséből vagy megsérüléséből keletkezett.  ",1
"5.8. A fizetendő végösszeg a megrendelés összesítése és visszaigazoló levél alapján minden költséget tartalmaz. Az elektronikus számlát és elektronikus jótállási jegyet (amennyiben a hatályos jogszabályok alapján szükséges) a rendeléskor megadott email címre megküldtük a felhasználó részére. Sérülés esetén a csomagot a Felhasználó nem köteles a futártól átvenni. A csomagok kézbesítése munkanapokon történik 8-17 óra közötti időszakban. Amennyiben a csomag a Felhasználó önhibája miatt a Szolgáltatóhoz „cím nem azonosítható”, „címzett ismeretlen”, „elköltözött”, „kézbesítés akadályozott”, „nem kereste”,„bejelentve meghalt”, „bejelentve megszűnt”, „átvételt megtagadta” kézbesítési jelzővel érkezik vissza, úgy a Felhasználó szerződésszegést követ el, mely esetben köteles Szolgáltató részére megtéríteni az ezzel kapcsolatosan Szolgáltatónál keletkezett 6.350.- Ft összegű kárt. A Szolgáltató a kárigényét a Felhasználó felé a Felhasználó által megadott e-mail címre megküldött díjbekérő alapján érvényesíti, melyben foglalt fizetési határidőt követően a követelése érvényesítésével, behajtásával harmadik személyt bíz meg, melynek költsége további 6.350.- Ft. A követelés érvényesítésével, behajtásával kapcsolatos költség a Felhasználót terheli. Amennyiben Felhasználó a Szolgáltatónak szerződésszegéssel okozott kárát a díjbekérő és az azt követő további felszólításokra sem téríti meg, úgy a Szolgáltató követelését a Felhasználóval szemben peres vagy nemperes eljárásban, majd ezt követő végrehajtási eljárásban érvényesíti, melynek jogszabályban foglalt további költségei a Felhasználóra áthárulnak. Önhibának számít az, ha a Felhasználó értesítés ellenére nem veszi fel a postán a csomagot, vagy ha a lakcíme a nyilvántartásokban nem valós.",0
"13.1. Az Okirat céljára és társadalmi hasznosságára tekintettel a Felek fokozott gondossággal
kötelesek eljárni a teljesítés során. Erre tekintettel a Felek kötelesek egymás teljesítését
elősegítve szorosan együttműködni, és egymás méltányos érdekeit figyelembe venni .",4
"Ha az elállásra a 13. b. Elállás gyakorolhatósága a Libri boltjaiban alpontban részletezettek szerint nem kerülhet sor; saját költségén küldje vissza a terméke(ke)t postai úton vagy futárszolgálattal a Szolgáltató raktárába (1116 Budapest, Kondorosi út 3., „LIBRI ÜGYFÉLSZOLGÁLAT” megjelöléssel,), az alábbi esetekben: antikvár könyveket tartalmazó rendelés egy részétől való elállás, nem a Libri bolthálózatához tartozó átvételi ponton, pl. PostaPonton vagy Pick Pack Ponton átvett rendelés, bármely futárszolgálat által házhoz szállítással kért rendelés egy részétől vagy egészétől történő elállás esetén. Ezt követően haladéktalanul, de legkésőbb a termék(ek) visszaérkezésétől számított 14 napon belül visszatérítjük az ellenszolgáltatásként megfizetett teljes összeget, ideértve a teljesítéssel összefüggésben felmerült költségeket is a jelen ÁSZF-ben foglalt feltételek és a vonatkozó jogszabályok szerint.",1
"Applikáció:  a regisztrált Felhasználók részére a törzsvásárlói kártya adatai megadásával hozzáférhető alkalmazás, mely a törzsvásárlók számára biztosított egyedi kedvezmények mellett a kiemelt ajánlatokra hívja fel a Felhasználó figyelmét, és lehetővé teszi a regisztrált felhasználó profil adatainak módosítását. Az Applikációra az ÁSZF valamennyi vonatkozó rendelkezése alkalmazandó, így (különösen, de nem kizárólag) az ÁSZF III. 1. d. Adatbeviteli hibáknak a szerződéses nyilatkozat elküldését megelőzően történő azonosításához és kijavításához biztosított eszközökkel kapcsolatos tájékoztatás első bekezdése, 9. Árfeltüntetés, 15. Termékszavatosság , 17. Téves ár, 18. Kuponos kedvezmények és a IV. (Egyéb rendelkezések).",2
"3.2.3.1. A Számlatulajdonos a Banknál Erste Lakossági TeleBank szolgáltatást erre rendszeresített nyomtatványon illetve Telebankon keresztül igényelhet, amely igényléssel a TeleBank szolgáltatás kapcsán a Bank és a Számlatulajdonos között TeleBank szolgáltatási szerződés jön létre. A TeleBank szolgáltatás igénylésének feltétele, hogy a Számlatulajdonos a Banknál lakossági bankszámlával rendelkezzen.",2
"Az érvényes jeggyel rendelkező Látogató jogosult az adott előadás játszóhelyén tartózkodni, a kiszolgáló létesítményeket, berendezéseket használni, az előadáshoz kapcsolódó szolgáltatásokat igénybe venni. A MÁO egyes szolgáltatások igénybevételét jogosult díjazáshoz kötni.",2
"6.1. Eladó szavatol azért, hogy a leszállított Termék hiba és hiánymentes, valamint megfelel a vonatkozó szabványnak, munkavédelmi, tűzvédelmi, egészségügyi és környezetvédelmi előírásoknak. Eladó a Termék minőségét minőségi tanúsítvánnyal, műbizonylattal igazolja.",1
"b. amennyiben a megvásárolt termékre kötelező, jogszabályi jótállás vonatkozik (a továbbiakban: „kötelező jótállás”), jótállási igényt érvényesíthet az Alzával, mint jótállásra kötelezettel szemben; ",3
"2.1.5. Ha a gazdálkodó szervezet / egyéb szervezet alapításához – a cégbírósági bejegyzést / bírósági nyilvántartásba vételt megelőzően - jogszabály törzstőke, alaptőke / alapítói vagyon elhelyezését nem írja elő, a Bank a Számlatulajdonos kérésére a cégbejegyzési kérelem benyújtásakor a cégbíróságon kapott tanúsítvány csatolása után, illetve a Bank által kért dokumentumok megléte esetében pénzforgalmi Bankszámlát, illetőleg vállalkozói devizaszámlát a Számlatulajdonos számára megnyitja.",2
"A Bank a Bankszámlát azt követően nyitja meg, hogy leellenőrizte a Számlatulajdonos jogállását, létrejöttét és nyilvántartásba vételét. Amennyiben a Bank szükségesnek ítéli a Számlatulajdonos köteles a Bankszámla nyitásához szükséges ellenőrzés alapjául szolgáló dokumentációt eredeti vagy hiteles másolatban a Bank rendelkezésére bocsátani. Amennyiben arra szükség van, a Számlatulajdonos cégjegyzésre, illetve számla feletti rendelkezésre jogosult képviselőjének személyét, annak adatait, képviseleti jogát, aláírás mintáját a Bank részére írásban küldi meg / jelenti be, és SWIFT üzeneten keresztül igazolja.",3
"Jelen dokumentum nem kerül iktatásra, kizárólag elektronikus formában kerül megkötésre, nem minősül írásbeli szerződésnek, magyar nyelven íródik, magatartási kódexre nem utal. A webshop működésével, megrendelési, és szállítási folyamatával kapcsolatosan felmerülő kérdések esetén a megadott elérhetőségeinken rendelkezésére állunk.",2
"4.3. A Hitelkártya birtokos köteles gondoskodni arról, hogy a nála lévő érvénytelen (pl. lejárt, megszűnt) Hitelkártya ne kerülhessen harmadik személy birtokába, azt köteles megsemmisíteni (a mágnescsík és a chip fizikai érvénytelenítésével), a Hitelkártyát további tranzakciók végzésére használhatatlanná tenni, valamint a Hitelkártyán szereplő adatokat felismerhetetlenné tenni. E kötelesség elmulasztásából eredő esetleges károkért a Bank nem vállal felelősséget. Ha a Hitelkártya birtokos vagy más személy lejárt Hitelkártyával kárt okoz a Banknak, a Hitelkártyához kapcsolódó Hitelszámla Számlatulajdonosa köteles azt megtéríteni.",2
"A fentiek bármelyikének megsértése – a rendelkezésünkre álló egyéb jogorvoslati lehetőségek mellett – az alábbi intézkedések alapjául szolgálhat: (1) bármely Felhasználói beküldés eltávolítása, korlátozása vagy közzétételének megtagadása; (2) az Ön termékvásárlásainak törlése vagy korlátozása; (3) a Tőlünk járó Jutalmak vagy kifizetések törlése vagy korlátozása; és/vagy (4) a Szolgáltatásokhoz való hozzáférés vagy azok használatának felfüggesztése, megszüntetése vagy egyéb korlátozása.",3
"9. 1. A  létesítményeket, a gépeket, berendezéseket (beleértve a
kéziszerszámokat) akár gépi hajtásúak, akár nem
a) megfelelően kell megtervezni és kivitelezni, különös tekintettel az
ergonómiai követelmények megvalósulására;
b) jó üzemállapotban kell tartani, és megfelelően kell karbantartani;
c) kizárólag ahhoz a munkához szabad alkalmazni, amire tervezték;
d) csak olyan munkavállalók üzemeltethetik, akik erre megfelelő képzést
kaptak.",3
"A Szolgáltató az időmérésen alapuló szolgáltatás mérését másodperc alapon, díjának számítását és számlázását az Előfizetői Szerződésben és az ÁSZF 2. számú mellékletében kialakított számlázási egység alapján végzi. A Szolgáltató hálózati kapcsolástechnikai rendszerét úgy köteles kialakítani, hogy a díjazott időtartam, azaz időmérésen alapuló szolgáltatás esetén a kapcsolat létrejötte és bontása közötti időtartam, a végpontok közötti beszéd- vagy adatkapcsolat fennállásának tényleges idejét a) Helyhez kötött telefonszolgáltatás vagy hangszolgáltatás és Mobil telefonszolgáltatás vagy hangszolgáltatás esetén hívó oldali bontásnál 2 másodperccel, hívott oldali bontásnál 90 másodperccel, b) Helyhez kötött és Mobil internet-hozzáférési szolgáltatás esetén 1 másodperccel, haladja meg. Adatmennyiségen alapuló szolgáltatás díjának számítását és számlázását az ÁSZF 2. számú mellékletében kialakított számlázási egység alapján végzi.",3
"A termék akkor minősül hibásnak, ha az nem felel meg a forgalomba hozatalakor hatályos minőségi követelményeknek vagy pedig, ha nem rendelkezik a gyártó által adott leírásban szereplő tulajdonságokkal. A termékleírásban feltüntetett hibákra a szavatosság nem vonatkozik.",2
3.1. A Felek a számla kibocsátását megelőzően a szerződéses akaratukat írásban pontosíthatják.,4
2.2. Bankszámla feletti rendelkezés,4
"Az írásbeli panaszt az Eladó - ha az  közvetlenül alkalmazandó jogi aktusa eltérően nem rendelkezik - a beérkezését követően harminc napon belül köteles írásban érdemben igazolható módon megválaszolni és intézkedni annak közlése iránt. A panaszt elutasító álláspontját az Eladó indokolni köteles. A panasz elutasítása esetén az Eladó köteles a fogyasztót írásban tájékoztatni arról, hogy panaszával – annak jellege szerint – mely hatóság vagy békéltető testület eljárását kezdeményezheti. A tájékoztatásnak tartalmaznia kell továbbá az illetékes hatóság, illetve a fogyasztó lakóhelye, tartózkodási helye vagy székhelye szerinti békéltető testület székhelyét, telefonos és internetes elérhetőségét, valamint levelezési címét, valamint hogy az Eladó tett-e általános alávetési nyilatkozatot.",3
"A Szerződéskötés során, a szerződéses jogviszonyra vonatkozóan a felek kifejezetten kizárják a köztük korábban hatályban volt, vagy jelenleg is hatályos egyéb szerződéses jogviszonyok valamennyi szerződéses szabályozását, továbbá az azokhoz kapcsolódó valamennyi szerződéses gyakorlatot és feltételt. ",3
Az érdekmúlás érdemi bizonyítása a Felhasználó kötelessége. Jelentéktelen hiba miatt elállásnak nincs helye.,0
"1.2. Az ÁSZF rendelkezései szerződési feltételnek minősülnek,  amelyeket a Kedvezményezett a
támogatás igénybevételére vonatkozó Támogatói Okirattal  (továbbiakban: Okirat) fogad el.",1
"A Szerződés, Megrendelés és Egyedi szerződés Megrendelő által aláírtnak minősül, ha azon Megrendelő minősített vagy minősített tanúsítványon alapuló fokozott biztonságú elektronikus aláírást vagy bélyegzőt helyezett el vagy ha a keretszerződésben meghatározott módon az ott rögzített feltételek teljesülnek. ",1
"93. Amennyiben a Fogyasztó a termék átvételével késedelembe esik, azt a megjelölt határidőben nem veszi át, úgy az Alza erről a Fogyasztót értesíti, és az átvételre egy alkalommal póthatáridőt tűz. Amennyiben a póthatáridő alatt sem veszi át a Fogyasztó a terméket, akkor az Alza a szerződéstől jogosult elállni (a megrendelést az Alza jogosult törölni) és a terméket / szolgáltatást ezt követően más vásárlónak értékesíteni. Ezen rendelkezések alkalmazandók fizetési késedelem esetén is, amennyiben a termék még nem került átvételre és kifizetésre. A Fogyasztó továbbá tudomásul veszi, hogy a termék átvételének póthatáridőben való elmulasztása esetén az Alza jogosult arra is, hogy az indokolatlan szállítási költséggel kapcsolatosan felmerült kárát a Fogyasztóval szemben érvényesít se (pl. az elálláskor visszatérítendő összegbe beszámíthatja).",3
"12.6 A Zalando ajándékkártyák visszamenőlegesen nem használható fel, csak a megrendelése előtt.",3
e) az Üzleti előfizető/Igénylő cégjegyzékszáma vagy más nyilvántartási száma;,2
"119. Az Alza a szerződés teljesítéséért bizonyos új tartós fogyasztási cikknek minősülő termékekre vonatkozóan a 151/2003. (IX. 22.) Korm. rendelet alapján és abban meghatározott feltételek szerint jótállásra köteles. Ez azt jelenti, hogy a jótállás időtartama alatt a jótállással érintett fogyasztási cikkek esetén a Fogyasztónak a hiba közlésén túl csak azt kell bizonyítania, hogy a terméket az Alzától vásárolta. Az Alza csak akkor mentesül a jótállási kötelezettség alól, ha bizonyítani tudja, hogy a hiba oka azután keletkezett, hogy a terméket az Alza a Fogyasztó részére átadta.",3
d) a szabad mozgás és tartózkodás jogával rendelkező személyek beutazásáról és tartózkodásáról szóló 2007. évi I. törvény (a továbbiakban: Szmtv.),3
Termékszavatosság - Milyen esetben élhet Ön a termékszavatossági jogával?,4
"6.1.3. A díjakat a Felhasználó a Voxinfo Informatikai Fejlesztő és Szolgáltató Kft. (székhelye: 1037 Budapest, Királylaki út 132.) által nyújtott fizetési szolgáltatások segítségével a SimplePay (OTP Mobil Kft.) által biztosított fizetési felületen egyenlítheti ki. A bankkártyával történő fizetés során felmerülő esetleges hibákért, és esetleges téves fizetési adatok megadásáért a Társaság nem vállal felelősséget. A vásárlást megerősítő automatikus visszaigazoló e-mailt a Társaság a Felhasználó által megadott e-mail címre küldi meg. A szolgáltatásról bővebben a https://fizetes.voxpay.hu/aszf/ linken tájékozódhat. A Voxinfo Informatikai Fejlesztő és Szolgáltató Kft. által a https://fizetes.voxpay.hu/rolunk/ oldalon közzétett elérhetőségei jelenleg a következők: (a) cím: 1034 Budapest, Bécsi út 100.; (b) Telefon: (06-1) 225-7603; (c) E-mail: info@voxinfo.hu.",3
"A Mobil internet-hozzáférés szolgáltatás olyan, mobil rádiótelefon-hálózaton megvalósított internet-hozzáférési
szolgáltatás, ahol a szolgáltatás a nagy térben, mozgás közben történő folyamatos igénybevételt biztosítja a
szolgáltatási területen belül.
A Mobil internet-hozzáférés szolgáltatás a Szolgáltató mobil hálózata által lefedett területen érhető el. A lefedettség
adatok a www.one.hu/lefedettsegi-terkep oldalon érhetőek el. A Mobil internet-hozzáférés szolgáltatásra vonatkozó
részletes leírást, és a további információkat, valamint a szolgáltatás igénybevételének időbeli, földrajzi, személyi,
tárgyi és egyéb korlátait az ÁSZF 1. számú melléklete tartalmazza.",4
"2.2.12.5. Mobiltelefonszám vagy e-mail cím regisztrációja esetén a mobiltelefonszámra vagy az email címre küldött egyedi azonosító szám haladéktalan megadása szükséges a sikeres regisztrációhoz. Amennyiben a másodlagos számlaazonosító regisztrációja során nem normáldíjas mobiltelefonszám került megadásra, a Bank fenntartja magának a jogot az ebből eredő költségek Számlatulajdonos felé történő tovább terhelésére.",3
"Ha az Eladó digitális tartalmat szolgáltat vagy erre kötelezettséget vállal, a fogyasztó pedig kizárólag személyes adatokat szolgáltat, vagy ilyen adatok szolgáltatását vállalja az Eladó részére, a fogyasztó jelentéktelen hiba fennállása esetén is jogosult a szerződést megszüntetni, azonban az ellenszolgáltatás arányos leszállítását nem igényelheti.",4
"1.3.1. A Megrendelés leadása a Vásárló részéről ajánlattételnek minősül, amelynek az Eladóhoz történő megérkezésekor ajánlati kötöttséget eredményez a Vásárló oldalán. A Megrendelés leadása nem eredményezi az Eladó és Vásárló közötti szerződés létrejöttét. A Megrendelés leadása után a Vásárlóhoz e-mail, és SMS vagy Viber üzenet útján érkezett automatikus rendszerüzenet a Megrendelés rögzítéséről, illetve az ajánlat Eladóhoz történő beérkezéséről szól, így tájékoztató jellegű, és nem jelenti a Megrendelés Eladó általi visszaigazolását (első rendszerüzenet).",1
"4.5. A támogatással megvásárolt eszközöket Kedvezményezett a pénzügyi elszámolás és a
szakmai beszámoló benyújtásától számított 5 éven belül kizárólag a Lebonyolító előzetes
jóváhagyásával idegenítheti el, adhatja bérbe vagy terhelheti meg.",3
"2.1.4. Ha a gazdálkodó szervezet / egyéb szervezet alapításához – a cégbírósági bejegyzést / bírósági nyilvántartásba vételt megelőzően - jogszabály törzstőke, alaptőke / alapítói vagyon elhelyezését írja elő, a Bank pénzforgalmi bankszámlát nyit forintban és/vagy devizában. Az így megnyitott pénzforgalmi bankszámlán kizárólag az alapítói vagyon összege helyezhető el, a számla felett a Gránit Bank Nyrt. Pénzforgalmi Szolgáltatások Általános Szerződési Feltételei Számlatulajdonos vagy annak képviselője a szervezet nyilvántartásba vételéig nem rendelkezhet. A Bank a bankszámla megnyitásáról és a befizetett összegről a cégbírósági eljáráshoz szükséges Bankigazolást – a mindenkori hatályos díjhirdetmény szerinti díjfizetés ellenében - kiadja. Ha a számlanyitást követő 30 napon belül a cégbírósági bejegyzés tényét, vagy azt a tényt, hogy bejegyzési kérelmének a cégbíróság általi elutasítása esetén az elutasítás ellen jogorvoslattal élt, a Számlatulajdonos nem igazolta, úgy az súlyos szerződésszegésnek minősül és a Bank jogosult a bankszámlát azonnali hatállyal megszüntetni.",0
"Amennyiben az utas útipoggyászként nem szállítható tárgyat adott fel és ez az utazás során kiderül, az útipoggyászt a Szolgáltató kizárja a további szállításból. Ha az utas a szállításból kizárt tárgytól nem hajlandó megválni, a Szolgáltató az utast is kizárja az utazásból.",3
"A Pest Megyei Békéltető Testület címe: 1119 Budapest, Etele út 59-61. II. em. 240. Telefonszáma: +36-1-269-0703. Levelezési címe: Pest Megyei Békéltető Testület 1364 Budapest, Pf.: 81. Weboldala a panaszrendezes.hu internetes címen érhető el.",4
"2.1.7. Ha a cégbejegyzési eljárást kezdeményező gazdálkodó szervezet jogelőd nélkül jön létre, a Számlatulajdonos cégnevében az ún. előtársasági működés során a Bank ""bejegyzés alatt (b.a.)"" toldatot feltünteti. A Számlatulajdonos a cégbírósági bejegyzésről szóló jogerős végzést köteles a Banknak haladéktalanul bemutatni. Ennek megtörténte után kerül törlésre a Bankszámla elnevezéséből a „bejegyzés alatt” toldat. Ha a számlanyitást követő 30 napon belül a cégbírósági bejegyzés tényét, vagy azt a tényt, hogy bejegyzési kérelmének a cégbíróság általi elutasítása esetén az elutasítás ellen jogorvoslattal élt, a Számlatulajdonos nem igazolta, úgy az súlyos szerződésszegésnek minősül és a Bank jogosult a bankszámlát azonnali hatállyal megszüntetni.",0
"Előfordulhat továbbá, hogy egy kiadvány a megjelenését követően nem kerül azonnal a Szolgáltató által is értékesíthető termékek közé. Az előrendelt termék szállítására mindig a tényleges megjelenést és a termék Szolgáltató raktárába érkezését követően kerül sor. Az előrendelésekről, azok teljesítéséről Szolgáltató minden esetben a normál rendelésekkel azonos tájékoztatást küld az előrendelőknek. Előfordulhat, hogy egy könyvet a kiadó a tervekkel ellentétben nem jelentet meg (a megrendelés teljesítése lehetetlenné válik), ilyen esetben a könyvet tartalmazó rendelést Szolgáltató törli a Felhasználó tájékoztatása mellett.",1
"11.5. Szolgáltató tájékoztatja Felhasználót arról, hogy nem áll rendelkezésre a fogyasztókkal szembeni tisztességtelen kereskedelmi gyakorlat tilalmáról szóló törvény szerinti magatartási kódex.",1
"1.2 Amennyiben a Felhasználó megsérti az ÁSZF-et, úgy az Üzemeltető a Felhasználó számára a Szolgáltatás igénybevételét korlátozhatja.",4
"A BKM NONPROFIT Zrt. kötelezettséget vállal, hogy a Szerződésben foglalt feltételekkel a Felhasználó számára folyamatosan és biztonságosan olyan mennyiségű hőenergiát (távhőt) szolgáltat, amennyi a felhasználói berendezések üzemképes és biztonságos állapota mellett a Felhasználó igényének - a közszolgáltatási szerződésben rögzített legnagyobb lekötött hőteljesítmény eléréséig - megfelel, illetve a megnevezett szolgáltatási célok kielégítéséhez szükséges.",3
13.1. Jótállás időtartama: az Eladó a leszállított árukra – amennyiben az Egyedi Szerződéses Megállapodás eltérő feltételt nem tartalmaz – a szerződésszerű teljesítés napjától számított legalább 12 hónapra teljes körű jótállást vállal. Amennyiben a gyártó vagy jogszabály a jótállásra hosszabb időszakot határoz meg úgy ezt kell irányadónak tekinteni. ,1
3.2.6. Lakossági mobilalkalmazási szolgáltatás igénylése,3
"b. olyan termék adásvétele esetében, amelyet egyértelműen a Fogyasztó személyére szabtak,",4
"4.5.2.1. A küldemények kézbesítése, szállítása a vevő által preferált módon történik. Szerződött szállító partnerünk a  a GLS és a Packeta Hungary Kft. (házhozszállítás és csomagpont).",4
"5.5 Az üzemeltető kötelezettséget vállal arra, hogy minden tőle elvárhatót megtesz annak érdekében, hogy kiszűrje az arra jogosultsággal nem rendelkezők általi szolgáltatás igénybevételét, ennek biztosítására folyamatos rendszergazdai felügyeletet tart fenn. A Bank nem vizsgálja az Ügyfélnek/Felhasználónak az olvasó használatára vonatkozó jogosultságát, illetve a használat körülményeit. Az illetéktelen használatból eredő károkozások miatti felelősség kizárólag az üzemeltetőt terheli, az a Bankra semmiképpen sem hárítható át.",1
8.4. Egy Felhasználó hirdető egyidejűleg egy adott járműről egy hirdetést helyezhet el az adott Weboldalon. A régi hirdetés kitörlését követően adható fel ugyanarra a járműre vonatkozó másik hirdetés. Tilos több Felhasználó hirdetői profil létrehozása ennek kikerülésére.,3
"(3) A Szerződés a Kincstár, mint jognyilatkozati meghatalmazott által történő aláírás időpontjában lép hatályba, határozatlan időre. A hatályos Szerződés és az ahhoz kapcsolódó érvényes ",2
"Ha az Eladó a teljesítést nem valósítja meg, a fogyasztó köteles az Eladót felhívni a teljesítésre. Ha a fogyasztó felhívása ellenére az Eladóa digitális tartalom késedelem nélküli vagy a felek által elfogadott póthatáridőn belüli szolgáltatását vagy nyújtását elmulasztja, a fogyasztó megszüntetheti a szerződést.",3
"A Szerződés csak írásban, a Felek cégszerű aláírásával módosítható. A Szerződés módosítása esetén a szerződéskötésre vonatkozó szabályokat alkalmazzák a Felek. A szóban vagy ráutaló magatartással tett szerződésmódosítás érvénytelen. Közbeszerzési eljárás eredményeként megkötött Szerződés esetében a Szerződés módosítása során figyelemmel kell lenni a Kbt. 141. §-ban foglaltakra. ",4
"A jelen ÁSZF kiterjed a MÁO által bemutatott előadásokkal kapcsolatos valamennyi, a MÁO által nyújtott szolgáltatásra, és kiterjed a Látogatóra vonatkozó magatartási szabályokra.",4
A Vállalkozó a jótállási kötelezettség elmulasztásából vagy nem megfelelő teljesítéséből bekövetkező károkért felel. ,4
"2.8 Az Adminisztrátor Moderációval nem összefüggő véleménye magánvélemény, mely nem feltétlenül tükrözi az Üzemeltető álláspontját.",2
VIII.2. Az INTERSPORT aktuális adatvédelmi rendelkezései a következő linken érhetőek el: Adatvédelmi és adatkezelési szabályzat.,3
"A Szolgáltató és/vagy a Felhasználó által választott kiszállítást vagy csomagátadást végző partnere a rendelések kiszállításáról, átvételéről átvételi módtól és szolgáltatótól függően e-mailben és sms-ben tájékoztatja a Felhasználót.",3
"11.5. Hogyan működik a rangsorolásunk: Ajánlati rendszerünk segít Önnek, hogy minél könnyebben megtalálja a legmegfelelőbb terméket oldalunkon a több ezer elérhető termék között. Az algoritmusok és kritériumok kombinációján alapuló módszert folyamatosan tökéletesítjük, hogy optimális vásárlói élményt biztosítsunk Önnek.",1
"A megváltott és kezelt, kezeltetett vagy ellenőrzésre felmutatott (a továbbiakban együtt: érvényesített) utazási igazolványt az utazás tartama alatt meg kell őrizni. Az érvényesített utazási igazolványt az utazás tartama alatt, illetve leszálláskor – ellenőrzés céljából, a kedvezményes jegyváltásra jogosító okmánnyal együtt – a Szolgáltató által az utazási igazolványok ellenőrzésre feljogosított személy (jegykezelő, jegykiadó vagy ellenőr, a továbbiakban: ellenőr) részére, felhívására, fel kell mutatni vagy át kell adni. Amennyiben az utazási igazolvány vagy az utazási kedvezmény jogszerű igénybevételének megállapításához, illetve, ha az az ellenőrzési eljárás lefolytatásához szükséges, az utas köteles személyazonosságát igazolni.",2
"2.8 Az Ügyfél/Felhasználó az ÁSZF-nek megfelelően igénybe vett szolgáltatás esetén a beazonosítást követően adott utasításokat sajátjaként ismeri el, azokért teljes felelősséget vállal.",3
"Számfüggő személyközi hírközlési szolgáltatás: olyan személyközi hírközlési szolgáltatás, amelynél a kapcsolat kiosztott számozási erőforrások, nemzeti vagy nemzetközi számozási tervben szereplő hívószám vagy hívószámok igénybevételével valósul meg, vagy amely kommunikációt tesz lehetővé nemzeti, illetve nemzetközi számozási tervben szereplő hívószámra vagy hívószámokra. A helyhez kötött telefonszolgáltatás tekintetében a Szolgáltató a Telekom otthoni szolgáltatás, illetve a mobil rádiótelefon-szolgáltatás tekintetében pedig a Telekom mobil szolgáltatás fogalmat használja jelen ÁSZF-ben.",2
"6.5. Az elállási jog gyakorlása esetén a Felhasználót a termék visszajuttatásának költségén kívül más költség nem terheli, Szolgáltató azonban követelheti a nem rendeltetésszerű használatból adódó anyagi kár megtérítését.",3
"Ha a pedált nem az előírásnak/elmondottaknak megfelelően rögzítjük (felcseréljük a jobbost a balossal, ferdén tekerjük bele, nem a kellő erővel húzzuk meg), akkor a pedál már pár km után fellazul megsértve közben a hajtókar és pedál menetét. Ekkor már hiába húzunk utána, ki fog tekeredni ismét, még jobban megsértve a menetet. Ha a pedál menet gyári hibás lenne, akkor nem tudnánk meghúzni a megfelelő erővel, hisz csak körbe-körbe forogna a pedál tengelye, épp ezért ha pedálok előírtan a helyükön vannak, egyenesen vannak bele kapatva és megtudtuk húzni a megfelelő erővel, akkor nem fog kilazulni. Tipp: nem mindegy, hogy milyen villáskulccsal húzunk: legyen erős, nem kopott, és kézzel jól megfogható (ha kell fogjuk meg ronggyal, a nagyobb erőkifejtés végett).",3
(2) A PIN borítékok és a kártyák átvétele az illetékes számlavezető Állampénztári Irodában történik. Az Állampénztári Irodák elérhetősége a www.allamkincstar.gov.hu oldalon megtalálható.,4
"Díj ellenében végzett személyszállítás az a vasúti személyszállítás, amelyet – a közzétett feltételek alkalmazásával, díj ellenében – bárki igénybe vehet (a továbbiakban: közforgalmú vasúti személyszállítási szolgáltatás), valamint a közforgalmú, menetrenden kívül közlekedtetett vonatokkal végzett személyszállítás (a továbbiakban: különvonat).",2
"Az Európai Unió Digitális szolgáltatásokról szóló rendelete vagy egyéb alkalmazandó európai uniós és nemzeti jogszabályok által előírt esetek kivételével nem vagyunk kötelesek részt venni a nem kötelező alternatív vitarendezési eljárásokban az alkalmazandó, nem kötelező szabályozások szerint.",3
"4.7. Amennyiben a webshopban hiba vagy hiányosság lép fel a termékeknél vagy az áraknál, fenntartjuk a jogot a korrekcióra. Ilyen esetben a hiba felismerése, illetve módosítása után azonnal tájékoztatjuk a vevőt az új adatokról. A vevő ezt követően még egyszer megerősítheti a megrendelést, vagy lehetőség van arra, hogy bármely fél elálljon a szerződéstől.",3
"Az Eszköz rendeltetésszerű használata és az üzemképességének biztosítása az Előfizető felelőssége. Az Előfizető
köteles a Szolgáltató által felszerelt, használatba adott Eszköz üzemeltetési feltételeit az Előfizetői Szerződés
időtartama alatt biztosítani, valamint a hibaelhárítás érdekében a Szolgáltatóval együttműködni.",3
"Az általános forgalmi adóról szóló 2007. évi CXXVII. törvény 169. § értelmében 2020.07.01-től a nem magánszemély részére szóló vásárlás esetén a számla kötelező tartalmi eleme a vevő adószáma, csoportos általános forgalmi adóalanyiság esetében pedig a csoportazonosító számának első 8 számjegye. Ugyanezen törvény 10. számú mellékletének alapján az adóalany köteles adatot szolgáltatni a Nemzeti Adó- és Vámhivatal részére az általa teljesített termékértékesítésekről, szolgáltatásnyújtásokról kibocsátott vagy kiállított számláról, számlával egy tekintet alá eső okiratról. Az adatszolgáltatás a NAV felé digitális formában zajlik, melyhez a kiállított számlák érvényes adószámmal kell, hogy rendelkezzenek.",0
"2. Utolsó simítások elvégzése a gyári kezelési útmutató (jótállási füzet) és az ajándék VIP videó “indulás előtti” fejezetei szerint (beleértve az adott videónál lévő írások). A videók, könnyen érthető gyakorlatias tudást adnak. Itt megismerhet engem: https://www.youtube.com/kerekparguru. Ha a videót, jótállási füzetet nem találja, akkor jelezze azonnal e-mailben.",2
"10.4 A Bank fenntartja a jogot arra, hogy a szolgáltatás színvonalának bővítéséhez, az alkalmazások fejlesztéséhez kapcsolódóan időről időre, frissítse, kiegészítse a felhasználói kézikönyvet. A felhasználói kézikönyv frissítése semmilyen körülmények között nem jelenti a szerződés módosítását, arról a Bank elektronikus formában a „Bank üzeneteiben” tájékoztatja az Ügyfelet.",2
"10.1. Az adatkezelő, azaz a szolgáltató tájékoztatja szerződő felet (a továbbiakban: érintett), hogy a szerződésben megadott személyes adatait szerződés teljesítése jogcímén kezeli. 10.2. A személyes adatok címzettjei: a Társaság ügyfélkiszolgálással kapcsolatos feladatokat ellátó munkavállalói, könyvelési, adózási feladatokat ellátó munkavállalói, és adatfeldolgozói. 10.3. A személyes adatok tárolásának időtartama: a szerződés megszűnését követő 5 év. 10.4. A személyes adatok adatfeldolgozásra átadásra kerülnek adózás, könyvelés céljából a társaság által megbizott könyvelő irodának, postázás szállítás céljából a Magyar Postának, illetve a megbizott futárszolgálatnak, vagyonvédelem céljából a társaság vagyonvédelmi megbízottjának. 10.5. Az érintett természetes személy jogairól, az adatfeldolgozók személyéről információk a Társaság honlapján (a láblécben) elérhető Adatvédelmi tájékoztatóban olvashatók.",1
"e) ellenőrizni a Szolgáltató által jelentett ellátások valódiságát,",4
2.2.12.3. A bejelentéshez meg kell adni a másodlagos számlaazonosítóval rendelkezni jogosult Rendelkező – azaz a másodlagos számlaazonosító birtokos – természetes személy Számlatulajdonos hozzájárulását is a másodlagos számlaazonosítóhoz kapcsolódó adatkezeléshez és adattovábbításhoz.,2
"A Felek szolgáltatási szerződésből eredő jogviszonyára a 2013. évi V. törvény (a továbbiakban: Ptk.) szabályai, a 1997. évi CLIV. törvény (a továbbiakban: Egészségügyi tv.), az egyéb vonatkozó jogszabályok és szakmai irányelvek irányadóak, ezek hiányában a módszertani útmutatóban közzétett szabályok, szakmai irányelvek, módszertani útmutatók hiányában pedig a széles körben elfogadott szakirodalomban is közzétett szakmai követelmények töltik ki tartalommal a létrejött jogviszonyt.",2
"2.2. A jelen Szabályzat 2017. november 6. napjától hatályos és visszavonásig hatályban marad. A Szolgáltató jogosult egyoldalúan módosítani a Szabályzatot. A módosításokat a Szolgáltató azok hatályba lépése előtt 11 (tizenegy) nappal a weboldalon közzéteszi.Felhasználók a weboldal használatával elfogadják, hogy rájuk nézve a weboldal használatával kapcsolatos valamennyi szabályozás automatikusan érvényes.",1
"3.1.1. A Számlatulajdonos a Banknak pénzforgalmi megbízásokat adhat, illetve a Banktól pénzforgalmi Szolgáltatásokat vehet igénybe a Bank által rendszeresített formanyomtatványokon, illetve az alábbiak szerint: a) a Bank Ügyfélforgalom számára nyitva álló hivatalos helyiségében személyesen eljárva, vagy b) írásban, a Bankhoz – külön megállapodás esetén - fax útján vagy postai úton eljuttatott levéllel, c) a Bank a mindenkor hatályos Elektronikus ÁSZF-ben meghirdetett elektronikus csatornáin keresztül vagy bankkártya műveletek esetén a Bankkártya ÁSZF-ben foglaltak szerinti megbízás hitelesítését követően.",3
"Partnerközpont: a Társaság azon üzleti Felhasználói részére, akik Termékeiket tömegesen, automatizált módon (feed) keresztül kívánják a Vatera oldalára feltölteni és frissíteni, erre a célra a Vatera Partnerközpontját vehetik igénybe. További információ a díjszabásról a Díjtáblázatban található. A Társaság fenntartja magának a jogot, hogy a Partnerközpontot használó üzleti Felhasználóival a jelen ÁFF-től eltérő, egyedi felhasználási feltételeket alkalmazzon.",2
"3.1.12. A Bank nem felel a hamis vagy hamisított megbízással, vagy jogosulatlan személytől eredő készpénzfelvétellel, illetve megbízással okozott kárért, ha ennek tényét a szokásos ügymenet során alkalmazott körültekintő vizsgálat mellett nem lehetett felismerni.",3
"h) A kellékszavatosságra, termékszavatosságra és jótállásra irányadó tájékoztatás a Törzsrész 4.2. pontjában található meg.",4
"13.4. Felek az Okiratból eredő esetleges jogvitáikat elsősorban tárgyalásos úton kötelesek
rendezni .",4
"Az e-könyvek letöltésével, olvasásával és az esetlegesen szükséges segédprogramokkal kapcsolatos tájékoztatás E-könyvsegédletünkben érhető el (https://www.libri.hu/ekonyv_segedlet/).",4
"A Műsorszórás előfizetői szolgáltatás olyan - előfizetéshez vagy más formában megjelenő előzetes engedélyhez
kötött - műsorterjesztési szolgáltatás, amelynek során analóg vagy digitális rádiós, illetve audiovizuális
médiaszolgáltatásokat a földfelszínen telepített műsorszórásra rendelt, rádiófrekvenciát használó műsorszóró
átviteli rendszerrel továbbítják az előfizetőhöz.",2
"Ha a bizonyítható értesítés kézhezvételét követően 5 (öt) munkanapos határidőn belül a Vállalkozó nem kezdi meg, vagy megkezdi, de határidőn belül nem fejezi be a hiba kijavítását, a Megrendelő megteheti az egyéb intézkedéseket (pl. jóteljesítési biztosíték, kijavítás, kijavíttatás, más vállalkozó igénybevétele) a hiba kiküszöbölésére a Vállalkozó kockázat- és költségviselése mellett anélkül, hogy a Megrendelőnek a Vállalkozóval szembeni bármely más, Szerződés szerinti joga sérelmet szenvedne. Amennyiben a Vállalkozó a jótállási ",2
"A Megrendelő és a Vállalkozó, illetve – közreműködő bevonása esetén - az általa igénybe vett közreműködő illetékesei egyeztetik a munkavédelmi szabályokat, különös tekintettel az érvényes szakmai szervezeti, valamint a Megrendelő által előírt további előírásokra és szabályokra, és rövidített jegyzőkönyvben rögzítik azt. A Vállalkozó és alvállalkozói közötti egyeztetésről készült jegyzőkönyvet a Megrendelőnek is legalább másolatban meg kell küldeni. ",4
"A Szolgáltató a Szolgáltatást az Előfizető részére az Előfizetői Szerződés alapján nyújtja. Az Előfizetői Szerződés
a Szolgáltatás nyújtása tárgyában a Szolgáltató és az Előfizető között létrejött szerződés, amely a Szolgáltató
Általános Szerződési Feltételeiből, az Előfizetői Szerződés megkötését megelőzően a Szolgáltató által az Előfizető
rendelkezésére bocsátott tájékoztatásból (a továbbiakban: „Előzetes Tájékoztatás”), az Előfizetői Szerződés
adatainak összefoglalójából („Szerződés-összefoglaló”), és az Egyedi Előfizetői Szerződésből áll. Az Előfizetői
Szerződés részét képezik továbbá a szerződéskötéskor ilyenként meghatározott egyéb dokumentumok,
nyilatkozatok.",1
"2.3.   Felhasználó, amennyiben belép a Szolgáltató által üzemeltetett webshop weboldalra, vagy annak tartalmát bármilyen módon olvassa – akkor is, ha nem regisztrált felhasználója a webshopnak, a Szabályzatban foglaltakat magára nézve kötelezőnek ismeri el. Amennyiben a Felhasználó nem fogadja el a feltételeket, nem jogosult a webshop tartalmának megtekintésére.",4
"A korábbi, érdemben megválaszolt panasz tartalmával azonos tartalmú, ugyanazon panaszos által tett, ismételt, új információt nem tartalmazó panasz, valamint az azonosíthatatlan személy által tett fogyasztói panasz kivizsgálását a DPD mellőzheti. ",4
"Amennyiben a Címzett az eredeti csomagautomata útján történő kézbesítést kéri, úgy a Szolgáltató a fennálló körülmények miatt nem tudja garantálni az időben történő kézbesítést. Amennyiben a Címzett az értesítésben megjelölt határidőig nem rendelkezik az átirányítás elutasításáról, úgy a Szolgáltató a csomagot átirányíthatja a címzetti értesítésben megjelölt alternatív helyre. ",3
"A kárigényt kizárólag a DPD honlapján, az ott előírt kötelező adatok megadása mellett lehet és kell bejelenteni. A DPD egyéb elérhetőségein, kifejezetten a telefonon bejelentett kárigények nem minősülnek hivatalos kárigény bejelentésnek. ",3
"A Vevő az aktuális jegy- és bérletárakról a MÁO honlapján és az értékesítési helyeken tájékozódhat. A MÁO meghatározott időközönként kedvezményeket hirdet, amelyek részletes szabályairól a honlapján, hírlevélben és értékesítési helyein ad tájékoztatást.",3
5. Ellenérték megfizetése ellenében igénybe vehető egyéb Szolgáltatások,3
"o a Szolgáltatást nyújtó, illetve azt igénybe vevők tárolt, illetve az elektronikus Szolgáltatás igénybevétele közben használt nem nyilvános vagy üzleti titkot képező adatok, állományok engedély nélküli megtekintése, megszerzése vagy az erre irányuló kísérlet,",2
"45. A szerződés létrejöttére vonatkozó e-mailből a Fogyasztó az Alza fiókjába történő belépésen keresztül letöltheti a vásárlásra vonatkozó számláját is, mely a kötelező jótállással érintett termékek tekintetében egyúttal jótállási jegynek is minősül. A vendégként vásárlók részére a számlát az Alza küldi el a szerződés létrejöttét visszaigazoló, második e-mailjében .",3
"Az Egyenleg-felhasználási Időszak alatt az Előfizető az Ügyfélegyenlegén rendelkezésre álló egyenleg erejéig
használhatja az általa megvásárolt díjcsomaghoz tartozó Szolgáltatásokat, az egyes Szolgáltatásokhoz
meghatározott feltételek szerint. Az Egyenleg-felhasználási időszak a vonatkozó Előre Fizetett Díjú Előfizetői
Szerződést létrehozó egyenlegfeltöltéssel kezdődik.",4
"▪ a Hitelfevevő és a meghatalmazott aláírását,",4
"A Megrendelő a jótállási igényét a teljesítés helyén érvényesítheti, illetve a Vállalkozó azt ott köteles teljesíteni. ",4
"31.7. felsőoktatási intézményben - állami ösztöndíjas, állami részösztöndíjas, önköltséges, államilag támogatott, vagy költségtérítéses képzésben, az Nftv. által meghatározott képzési formákban, szinten - érvényes hallgatói, illetve tanulói jogviszonnyal (a továbbiakban: hallgatói jogviszony) rendelkezik, és a képzésre bejelentkezett,",2
"1. A BKK Zrt. az Alkalmazást a saját döntési jogkörében, általa meghatározott időközönként, módon, tartalommal és gyakorisággal tartja karban és frissíti.",4
4.3. A Szolgáltató a webáruházban található információkat és árakat rendszeresen frissíti.,4
"2.1.   A jelen Szabályzatban nem szabályozott kérdésekre, valamint jelen Szabályzat értelmezésére a magyar jog az irányadó, különös tekintettel a Polgári Törvénykönyvről szóló 2013. évi V. törvény („Ptk.”) és az elektronikus kereskedelmi szolgáltatások, az információs társadalommal összefüggő szolgáltatások egyes kérdéseiről szóló 2001. évi CVIII. (Elker. tv.) törvény, valamint a fogyasztó és a vállalkozás közötti szerződések részletes szabályairól szóló 45/2014. (II. 26.) Korm. rendelet vonatkozó rendelkezéseire. A vonatkozó jogszabályok kötelező rendelkezései a felekre külön kikötés nélkül is irányadóak.",0
"1.3. Eladó kizárólag Vevő informatikai rendszeréből, az SAP rendszerből származó Megrendelés alapján jogosult, illetve köteles teljesíteni.",2
"4.10 A bejelentésekről a Bank megbízható és megváltoztathatatlan nyilvántartást vezet. Az Ügyfél kérelmére a bejelentés tényéről, tartalmáról és időpontjáról a Bank legfeljebb öt évre visszamenőleg igazolást ad ki.",3
"35. Amennyiben a Szolgáltató vagy annak közreműködője a Finanszírozó ellenőrzése során együttműködési-, illetve adatszolgáltatási kötelezettségének felhívás ellenére sem tesz eleget vagy az ellenőrzés lefolytatását bármilyen módon akadályozza, a Finanszírozó jogosult a finanszírozási díjat vagy annak az ellenőrzés tárgyára elkülöníthető részét mindaddig visszatartani, ameddig a Szolgáltató vagy annak közreműködője kötelezettségének eleget nem tesz.",3
"5. Az ÁSZF elfogadásával a Felhasználó kifejezetten kijelenti és elismeri, hogy jelen ÁSZF rendelkezéseit átolvasta, tudomásul vette, és azokat önmagára nézve kötelezőként ismeri el.",4
2.1 A Szolgáltatás területén a Felhasználói Tartalom az Adminisztrátorok által ellenőrzött (kivétel: felhasználói jelszavak és a privát üzenetek). Ezen tevékenységek összességét foglalja magába a Moderáció.,3
"Számlázási időszak: a Szolgáltatás aktiválásakor a számlázási rendszer automatikusan besorolja az előfizetést egy számlázási időszakba. Ez határozza meg, hogy a hónap melyik napján kerül zárásra és kiállításra az adott havi számla.",2
"5.7. Az 5.1-5.4. pontban részletezett eljárás csak azon Termékekre és Szolgáltatásokra vonatkozik, amelyeket az eMAG forgalmaz és értékesít.",4
"1.1.2. Amennyiben a Felhasználó Saját fiók használata nélkül Megrendelést ad le az emag.hu-n, az eMAG részére, a Megrendelés során megadott adatokkal Saját fiókot hoz létre.",3
"Az áruk internetes áruházban történő megjelenítése jogilag kötelező erejű ajánlatnak nem, csupán nem kötelező erejű, internetes katalógusnak minősül. Az áruk a kosár használatával rendelhetők meg. A kiválasztott árut a „kosárba teszem” gombra kattintva helyezheti el a kosárban. A jobb felső sarokban található, kosarat jelképező piktogramra kattintva a kosárban elhelyezett árukat megtekintheti, módosíthatja a mennyiségüket, és törölheti őket. A vásárlás befejezésekor kattintson a „tovább a pénztárhoz” gombra; a rendelését a regisztráció, majd belépés után adhatja le. Facebook-fiókjával vagy e-mail-címével tud regisztrálni. A belépést követően válassza ki a szállítási és fizetési módot. A megrendelés véglegesítése előtt a „megrendelés áttekintése” gomb segítségével ellenőrizheti, hogy nincs-e hibás adat a megrendelésben, és ha van, akkor azt ki is tudja javítani. Végül a „fizetési kötelezettséggel járó megrendelés” gombra kattintva adhatja le a kosárban elhelyezett termékekre vonatkozó megrendelését. A megrendelés beérkezését követően Ön azonnal kap egy visszaigazolást a megrendelésről, amely azonban a részünkről nem minősül a szerződés elfogadásának. A megrendelés akkor minősül elfogadottnak, ha arról e-mailben visszaigazolást küldünk, vagy ha két napon belül feladjuk az árukat.",3
"3.4. A Szolgáltatót a Felhasználó által tévesen és/vagy pontatlanul megadott adatokra visszavezethető szállítási késedelemért, illetve egyéb problémáért, hibáért semminemű felelősség nem terheli.",4
Az Előfizető nem jogosult a kiépített hálózatot bővíteni vagy az Előfizetői Hozzáférési Pontot áthelyezni.,4
"Szakszerűtlen üzembe helyezés (kivéve, ha az üzembe helyezést a Szolgáltató, vagy annak megbízottja végezte el, illetve ha a szakszerűtlen üzembe helyezés a használati-kezelési útmutató hibájára vezethető vissza) rendeltetésellenes használat, a használati-kezelési útmutatóban foglaltak figyelmen kívül hagyása, – helytelen tárolás, helytelen kezelés, rongálás,elemi kár, természeti csapás okozta.",2
"Ha a hibás teljesítés az adásvételi szerződés alapján szolgáltatott árunak csak meghatározott részét érinti, és azok tekintetében a szerződés megszüntetésére vonatkozó jog gyakorlásának feltételei fennállnak, a Fogyasztó az adásvételi szerződést csak a hibás áru tekintetében szüntetheti meg, de az azokkal együtt szerzett bármely egyéb áru vonatkozásában is megszüntetheti, ha a Fogyasztótól nem várható el észszerűen, hogy csak a szerződésnek megfelelő árukat tartsa meg.",2
Az utalásnál a megjegyzés rovatban fel kell tüntetni:,4
"g) vizsgálni minden egyéb olyan tényt, körülményt vagy adatot, amely az Egészségbiztosítási Alap bevételeit vagy kiadásait érinti,",4
"31.2. a 35. pontjában foglaltakra is figyelemmel a 45. életévét nem töltötte be,",3
a) Kincstári Bankkártya Szerződés,4
"3.2.5.3. Közös tulajdonú lakossági forint vagy deviza bankszámla esetén internetbanki szolgáltatás csak a Számlatulajdonosok önálló rendelkezéséhez kötött számlákhoz igényelhető. Közös tulajdonú, önálló rendelkezésű lakossági bankszámla esetén a Bank a Számlatulajdonosok számára egy internetbanki szolgáltatás hozzáférési jogot és ehhez kapcsolódóan egy E-csatorna azonosítót és E-csatorna jelszót biztosít, amely igényléskor a Főszámlatulajdonosnak kerül átadásra. A Számlatulajdonosok az internetbanki szolgáltatás használatához szükséges azonosító kódokat önállóan jogosultak használni mindaddig, amíg a Bank a Társtulajdonos részére nem biztosít önálló E-csatorna azonosítót és E-csatorna jelszót a közös számla használatához. Amíg közös használatúak az azonosító kódok, azok titokban tartásáért, kezeléséért, használatáért a jelen ÁSZF-ben foglalt felelősséget a Számlatulajdonosok közösen viselik. A Bank az internetbanki szolgáltatás használata során a Számlatulajdonosoknak átadott vagy általuk megadott azonosító kódok használatát bármely Számlatulajdonos önálló használatának tekinti. Az internetbanki szolgáltatás közös használatából eredő bármilyen kárért a Számlatulajdonosok felelősek. A Társtulajdonos részére biztosított önálló E-csatorna azonosító Bank általi megküldését/átadását követően, de legkésőbb 2025. január 31-től mind a Főtulajdonos, mind a Társtulajdonos kizárólag a saját önálló E-csatorna azonosító és E-csatorna jelszó használatával veheti igénybe az internetbanki és mobilalkalmazási szolgáltatást a közös számla kezeléséhez. Az azonosító kódok, jelszeavak titokban tartásáért, biztonságos kezeléséért, használatáért a jelen ÁSZF-ben foglalt felelősséget minden Számlatulajdonos önállóan viseli.",1
"8.3. A hirdetésben szereplő képeknek a hirdetett járműre kell vonatkozniuk. Pecséttel, más hirdetési oldalak emblémájával, nevével, vízjelével ellátott képek nem csatolhatók a hirdetéshez. Nem tölthetők fel olyan képek, amelyeken a termék elforgatva szerepel. Üzemeltető jogosult a Felhasználók által a hirdetéseikhez feltöltött képet a logójával ellátni. Más Felhasználó hirdetők, vagy bármely harmadik személy képeit beleegyezésük nélkül tilos használni. Ugyanez vonatkozik az internetről letöltött katalógusképekre is, melyeket csak abban az esetben lehet használni, ha maga a Felhasználó hirdető rendelkezik a szerzői jogokkal. Nem tölthetők fel olyan képek sem, amelyek mozaik képeket tartalmaznak olyan módon, hogy egy kép helyére legalább két képet szerkesztenek össze.",2
"Fizetés Apple Pay-el: A fizetés közvetlenül az Apple-fiókon keresztül történik. A megrendelés leadásakor átirányítjuk az Apple-hez, hogy engedélyezze a megrendelés értékének kifizetését. Amint értesülünk az engedélyezésről, a szállítás megkezdődik - az egyes termékeknél feltüntetett szállítási időtől függően. Az Apple Pay-nél letétbe helyezett fizetési módtól függően az engedélyezést vagy a szállítást követően azonnal megterheljük a ténylegesen számlázott összeggel, minden kedvezményt, kupont stb. levonva.",4
"Az Ajánlói Program Felhasználói Feltételei minden Felhasználóra érvényesek, ezek alól kivételt képez, ha írásban történt külön megállapodás a Felhasználó és Bellozzo között mely a leírtaktól eltérhet. (példálódzó felsorolással, de nem kizárólagosan: egyedi reklámkampány keretében történő megjelenések)",3
b. 250 000 forint eladási ár felett három év (36 hónap).,4
"3.2. Felhasználó a weboldalon történő vásárlásával/regisztrációjával kijelenti, hogy jelen ÁSZF, és a weboldalon közzétett Adatkezelési tájékoztató feltételeit megismerte és elfogadja, az adatkezelésekhez hozzájárul.",3
6. Felek a jelen ÁSZF szerinti szerződést határozatlan időtartamra kötik.,4
"(2) A Kártyabirtokos köteles a PIN kódot titkosan kezelni, azt semmilyen körülmények között nem hozhatja más tudomására illetve nyilvánosságra.",4
"2.1.12. A Bank fenntartja magának a jogot, hogy a Számlatulajdonos számlanyitási kérelmét egyedi döntés alapján elfogadja, vagy indoklás nélkül elutasítsa.",4
"Az előadás, mint szolgáltatás megfelelő minőségű nyújtására az adott előadás szervezője köteles. Ha a szervező személye a MÁO-tól eltérő, úgy az a jegyen vagy bérleten kerül feltüntetésre. Ebben az esetben a MÁO nem tartozik felelősséggel az előadás minőségéért, lebonyolításáért, megvalósulásáért, elmaradásáért, valamint az előadáson fellépő művészek vagy más előadók szerepléséért.",1
"A vonatpótló autóbusszal történő közlekedés esetében a vasúti társaság szolgáltatásait korlátozhatja. Amennyiben a menetrend ellentétes rendelkezést nem tartalmaz a vonatpótló autóbuszon a kerékpár szállítása szünetel, a kézipoggyász továbbítását a vasúti társaság csak a rendelkezésre álló tárolóhely figyelembevételével vállalja. Ha a vonatpótló autóbusznak minősülő jármű vezetője úgy rendelkezik, az utasnak a kézipoggyászát a jármű kívülről hozzáférhető csomagtartójában kell elhelyeznie, ebben az esetben a vasúti társaság az olyan kézipoggyászért vállal felelősséget, melynek átvételéről a jármű vezetője kérésre igazolást (poggyászvevényt) adott. A vonatpótló autóbuszon az ülőhely nem biztosítható előzetesen, továbbá csoportos utazás esetén együttes elhelyezés sem biztosítható.",2
"Általános forgalmi adó: A libri.hu oldalon megadott árak forintban értendők, a belföldön (Magyarországon alkalmazandó) Áfát tartalmazzák. A fogyasztó által megvásárolt terméket a hatályos jogszabályok szerint alkalmazandó általános forgalmi adó terheli. Ha a fogyasztó (nem áfaalany fogyasztó, azaz jellemzően magánszemély) által a libri.hu oldalon megadott szállítási cím (a teljesítés helye) az Európai Közösség Magyarországon kívüli valamely más tagországa, a szállítási cím (teljesítés helye) szerinti általános forgalmi adó kerül felszámításra, és ennek megfelelő ár fizetendő, amely a rendelés folyamatában, de a tényleges megrendelés megtétele előtt, a kosárleírásban, vagy az összesítésben kerül feltüntetésre a Közösségen belüli távértékesítés szabályai szerint. Az Európai Közösségben alkalmazandó ÁFA-kulcsok az alábbi linken tekinthetőek meg: https://www.libri.hu/Afakulcsok. Használt ingóság, régiség és antikvár könyvek esetén a teljesítés helyétől függetlenül (így az Európai Közösség Magyarországon kívüli országaiba történő teljesítés esetén is) az Áfa tv. értelmében az árrés adózás szabályai szerinti különbözeti áfa kerül felszámításra",2
"8.7.  A vállalkozásnak törekednie kell arra, hogy a kijavítást vagy kicserélést legfeljebb tizenöt napon belül elvégezze",4
"a) a Hirdetményben közzétett szerződéskötési feltételeknek megfelel, és",4
"2.3.3. A Rendelkező a Bankszámla felett a felhatalmazás szerinti módon teljes körűen rendelkezhet, az alábbiak kivételével: a) nem szüntetheti meg a számlát, b) nem jogosult a Számlatulajdonos adatainak módosítására, c) már bejelentett Rendelkező vagy Meghatalmazott felhatalmazását nem szüntetheti meg, illetve nem tehet új Rendelkező vagy Meghatalmazott személyére vonatkozó bejelentést, d) nem jelölhet meg haláleseti Kedvezményezettet, e) nem igényelhet folyószámla hitelkeretet, f) a Bankszámla zárolását nem kezdeményezheti, g) NetBank, TeleBank illetve VideóBank szolgáltatást önállóan nem igényelhet, h) SMS Szolgáltatást önállóan nem igényelhet, i) Bankkártyát önállóan nem igényelhet, j) Felhatalmazó levélen alapuló beszedési megbízást nem adhat. A fenti kivételek a Cselekvőképtelen Kiskorú Törvényes képviselőjére nem vonatkoznak, Cselekvőképtelen Kiskorú Törvényes képviselője a Cselekvőképtelen Kiskorú Számlatulajdonos Bankszámlája felett teljes körűen rendelkezik.",4
"Induló sms aktivizáló kód: A Bank az Ügyfél részére az e-azonosító számmal együtt átadott egyszer használatos jelszó, amelynek megküldésével az Ügyfél aktiválja az e-azonosító számát és megkapja az e- bank felületre történő első belépéshez szükséges egyszer használatos jelszót a banktól sms-ben.",4
"Mellékletek: 1. sz. melléklet: Jogvita esetén eljáró hatóságok, szervek megnevezése, elérhetősége, 2. sz. melléklet: Egyes Előfizetői szolgáltatások tartalma a) mobil szolgáltatások, b) helyhez kötött telefonszolgáltatás, c) helyhez kötött internet-hozzáférési szolgáltatás, d) helyhez kötött műsorterjesztési szolgáltatás; d) függelék - csatornakiosztás e) egyetemes elektronikus hírközlési szolgáltatás, 3. sz. melléklet: Díjak (értékesíthető és lezárt díjcsomagok) a) mobil szolgáltatások, b) helyhez kötött telefonszolgáltatás, c) helyhez kötött internet-hozzáférési szolgáltatás, d) helyhez kötött műsorterjesztési szolgáltatás;, 4. sz. melléklet: Szolgáltatóváltás szabályai, 5. sz. melléklet: Adatkezelési szabályzat, 6. sz. melléklet: Szolgáltatáscsomagok, közös kedvezmények, integrált ajánlatok, 7. sz. melléklet: Akciók részletes leírása, időtartama, feltételei, díjai és a nyújtott kedvezmények, 8. sz. melléklet: Egyéb szolgáltatások",1
"Panasznak minősül minden olyan bejelentés, amelyben a panaszbejelentő állítja, hogy a DPD által nyújtott szolgáltatás részben vagy egészben nem felel meg a jogszabályi előírásokban vagy jelen Általános Szerződési Feltételekben foglaltaknak. ",4
"4.9 A letiltás végleges, a már letiltott e-bank azonosító kártya, illetve e-azonosító szám esetleges megtalálása esetén sem használható tovább, azt az Ügyfél köteles a Bank részére visszaszolgáltatni. A letiltás kockázatát, és az abból eredő minden kárt, hogy a letiltott e-bank azonosító kártya, illetve e- azonosító szám nem használható, az Ügyfél viseli. A letiltás elmulasztásából vagy a letiltással kapcsolatos visszaélésből eredő, az Ügyfelet vagy bármely harmadik személyt ért károkért a Bank nem vállal felelősséget.",2
"Egyéb: SMS kód alapú (csak mobil esetén), USSD kód alapú (csak mobil esetén), Chat",1
"5.4.2. A számla mellékletét képezi az átadás-átvételt igazoló, Vevő által aláírt szállítólevél.",4
2.2. Az ÁSZF módosításai során annak a legutóbbi módosítással egységes szerkezetbe foglalt szövegét a módosítás hatályba lépésével egyidejűleg a Vevő a honlapján közzéteszi.,4
"9.3. A késedelmi kötbér pontos összegét szerződő felek a szakasz illetve végszámla
kibocsátását megelőzően, a teljesítésigazolási jegyzőkönyvben rögzítik. Vállalkozó
a kötbér megállapítását tartalmazó teljesítési jegyzőkönyvet bizonylatként a
végszámlához csatolja.",1
"A Felhasználók a Termék kiszállításának állását nyomon követheteik a felhasználói fiókjukban, ahol a szállítási szolgáltatók által megadott információk kerülnek feltüntetésre, a szállítási információk pontossága tekintetében a Vatera nem tartozik felelősséggel, azért a szállítási szolgáltató felelős. A szállítási szolgáltatók emellett közvetlenül is értesítik az Eladót és a Vevőt a kézbesítés állásáról. A Vatera Szállítás ideje az igénybe vett szállítási szolgáltatótól függ, amely tekintetében a szállítási szolgáltatók saját szerződési feltételei irányadók.",2
File neve: Lakossagi_aszf_torzsresz_20251001_rendes,4
"10.4 Megbízó kötelezettséget vállal arra, hogy az általa a Libri Könyvkereskedelmi Kft. részére megadott személyes adatokat, illetve a kapcsolattartói személyes adatait folyamatosan frissíti.",4
"Hozzáférési jog: A Felhasználó azon joga, mely egyértelműen meghatározza, hogy a Felhasználó a K&H e-bank szolgáltatás keretében milyen típusú elektronikus banki műveleteket végezhet.",4
28. A DH1 igényléséhez az igénylő rendelkezésére bocsátott DH1 Hitelszerződés a Diákhitel Központ ajánlatának minősül. A DH1 Hitelszerződés,2
"18. A Fogyasztóknak felhasználói fiók létrehozásához az alábbi adatokat szükséges megadniuk: név, e-mail cím, jelszó, számlázási cím, szállítási cím, telefonszám. A felhasználói fiók létrehozásához ezt követően a regisztrációt a Fogyasztónak meg kell erősítenie a megadott telefonszámra SMS üzenetben kapott kód megadásával a felületen megjelenő ablakban.",4
"3.2. A szállítási költség pontos díja a pénztár folyamat során a megrendelés véglegesítése előtt, valamint a Vásárlási feltételek között is megtalálható. A termék leírása mellett feltüntetett termékár tehát nem foglalja magában az árucikk kiszállításának ellenértékét, amely egyébként a vételár egyik tételének minősül, így annak teljesítésével kerül a termék kiegyenlítésre. A Vevőnek a kiszállítás költségét is meg kell fizetnie. A kiszállítási díj felöleli a termékcsomagolás költségeit is. A mindenkor hatályos kiszállítási díjakat a honlapon teszi közzé a Szolgáltató a Szállítási feltételek menüpont alatt. Az Eladó a vételár minden elemét bruttó összegben jeleníti meg az internetes oldalán, és a vételárról szóló számlát is ennek megfelelően állítja ki.",1
"A megrendelést a Szolgáltató Weboldalán keresztül nem csak regisztrált Ügyféltől fogadja el, azonban a megrendeléshez minden, az Ügyfél adataira vonatkozó mező maradéktalan kitöltése szükséges. (Ha az Ügyfél valamely mezőt hibásan vagy hiányosan tölt ki, hibaüzenetet kap a Szolgáltatótól.) A Szolgáltatót az Ügyfél által tévesen és/vagy pontatlanul megadott rendelési adatokra visszavezethető szállítási késedelemért, illetve egyéb problémáért, hibáért semminemű felelősség nem terheli.",1
"Amennyiben a Szolgáltatás igénybevételéhez szükséges felhasználónév és jelszó, úgy ebben az esetben az
aktiválás időpontját nem befolyásolja az Előfizető jelszavainak és azonosítóinak Előfizető általi megismerésének
hiánya, amennyiben a Szolgáltató az Előfizetői Szerződésben meghatározott kapcsolattartási e-mail címre vagy
mobil hívószámra továbbította az azonosítókat és jelszavakat.",4
"Lásd az 1.2. pontban meghatározott hibabejelentő telefonszámokon, illetve a személyes ügyfélszolgálati irodákban és értékesítési pontokon.",3
A gyártónak a mentesüléshez elegendő egy okot bizonyítania.,4
2.1.16. A keretszerződést - ide nem értve a hat hónapnál rövidebb ideje fennálló keretszerződést – a Számlatulajdonos fizetésikötelezettség-mentesen felmondhatja.,4
"5.2. Megrendelő kötelezettségei
– Megrendelő  a kivitelezéshez szükséges munkaterületet a konkrét munkaterület
átadás -átvételi eljáráson meghatározott feltételekkel biztosítja a Vállalkozó
részére. Megrendelő a Vállalkozó munkavégzéséhez szükséges energia és víz
vételének és fogyasztásának biztosításáért jogosult a vállalkozói díj nettó
összegegének 0,25% + Áfa összeget a Vállalkozóra terhelni és a Vállalkozó felé
megrendelői szolgáltatáské nt a rész -, ill. végszámla kiállításával egyidejűleg
leszámlázni. A Megrendelő  jogosult és köteles a Vállalkozó  által vezetett
elektronikus építési naplót ellenőrizni .
– Megrendelő  köteles a munkaterületen a helyi koordinációról és a szerződés
tárgyát nem képező, de kapcsolódó munkák időben történő elvégzéséről
gondoskodni.
– Megrendelő  köteles a Vállalkozóval  mindenkor együttműködni, kérésére a tervek
magyarázatát, a részletes kivitelezési utasítást megadni. A Megrendelő  köteles a
munkát a vállalkozó értesítésében megjelölt időpontra kitűzött átadás -átvételi
eljárás során megvizsgálni, a felfedezett hiányokat, hibákat, valamint az
érvényesíteni kívánt szavatossági igényt jegyzőkönyvben rögzíteni.
– Megrendelő  kijelenti, hogy harmadik személy Vállalkozónak  átadott
munkaterületre vonatkozóan nem érvényesíthet olyan igényt, amely az építési
munka végzését akadályozza.",2
"C. Jótállás Szolgáltató a Megrendelővel, mint fogyasztóval létrejött szerződés alapján jótállást – a jogszabályi kötelezettségével összhangban – kizárólag a webáruházban elérhető tartós fogyasztási cikkek tekintetében vállal. A jótállás időtartama 10.000,- forintot elérő, de 100.000,- forintot meg nem haladó vételárú termékek esetén 1 év, 100.000,- forintot elérő, de 250.000,- forintot meg nem haladó vételárú termékek esetén 2 év, míg 250.000,- forintot meghaladó vételárú termékek esetén 3 év. A jótállási határidőt minden esetben a termék Megrendelő részére történő átadásától kell számítani. Szolgáltató kifejezetten felhívja a Megrendelő figyelmét, hogy a fenti határidők elmulasztása jogvesztéssel jár, de abban az esetben, ha a termék javíttatására kerül sor, úgy a jótállás meghosszabbodik azzal az időtartammal, amíg a Megrendelő a terméket a javítás miatt nem tudja használni. A jótállás időtartama alatt a Szolgáltató jótállást keletkeztető jognyilatkozatban vagy jogszabályban foglalt feltételek szerint köteles helytállni a hibás teljesítésért. A Szolgáltató mentesül a jótállási kötelezettség alól, ha bizonyítja, hogy a hiba oka a teljesítés után keletkezett. A jótállás a Megrendelőnek a jogszabályból eredő egyéb – így különösen a kellék-, és termékszavatossági, illetve kártérítési – jogait nem érinti. Megrendelő megillető jótállási jogok gyakorlására a kellékszavatossági jogok 3.A. pontban írt szabályait kell alkalmazni. Ha a fogyasztó a termék meghibásodása miatt a vásárlástól számított 3 munkanapon belül érvényesít csereigényt, a vállalkozás nem hivatkozhat aránytalan többletköltségre, hanem köteles a terméket kicserélni, feltéve, hogy a meghibásodás a rendeltetésszerű használatot akadályozza. Megrendelő a jótállás időtartama alatt javítási igényét választása szerint a Szolgáltató telephelyén és a Szolgáltató által a jótállási jegyen feltüntetett javítószolgáltatónál is érvényesítheti. Szolgáltató felhívja a Megrendelő figyelmét, hogy a jótállásból eredő igényének érvényesítéséhez a jótállási jegy, ennek hiányában pedig a vételár megfizetését igazoló bizonylat (nyugta/számla) bemutatása szükséges a Szolgáltató részére.",2
"a.c) a Hitelfevevő anyja születési családi és utóneve,",4
6. (1) A Szerződő félnek az általa kezdeményezett módosítást tartalmazó új Adatlapot a szerződéskötésre vonatkozó rendelkezések alapján kell benyújtania.,2
"39. A Finanszírozó az ellenőrzés megállapításai alapján megtérítendő összegről a Szolgáltatónak írásbeli felszólítást küld. Amennyiben az írásbeli felszólításban foglalt megtérítési igény jogalapját és összegszerűségét – az írásbeli felszólításban foglalt határidőn belül – a Szolgáltató nem vitatja, a jogszabályban foglalt feltételek mellett a megtérítendő összeget és annak a jogszabályban foglaltak szerinti kamatát a Finanszírozó jogosult a Szolgáltató esedékes finanszírozási díjából egy vagy több részletben levonni. Amennyiben a megtérítendő összeg levonással történő érvényesítése nem lehetséges, vagy a Finanszírozó nem él ezzel a jogával, úgy a Szolgáltató köteles a megtérítendő összeget és annak kamatát az írásbeli felszólításban megjelölt időtartamon belül, a Finanszírozó által megjelölt számlaszámra történő átutalással megfizetni.",1
"Az Ügyfél kizárólagosan felelős a megbízásban szereplő adatok helyességért, a Küldemény megfelelő csomagolásáért, valamint a megfelelő címkézésért, dokumentumok elkészítésért. A DPD minden esetben jogosult a saját rendszerében a hitelesített eszközök által megállapított súly- és méret adatokat megállapítani és ezt a szállítás és elszámolás során alkalmazni. Ezt az ügyfél a Küldemény átadásával elfogadja.",3
"2.4 Az Adminisztrátorok a Felhasználót jelen ÁSZF-ben rögzített szabályok, valamint a hatályos magyar jogszabályok megsértésére irányuló magatartás befejezésére figyelmeztethetik, korlátozhatják a Felhasználó Weboldalhoz történő hozzáférését, valamint ideiglenesen vagy véglegesen a Felhasználói Fiókot kitilthatják.",2
"4.3. Hirdetés feladása személyautó és kishaszongépjármű eladó kategóriában: amennyiben az Egyedi hirdetési szerződéssel nem rendelkező Felhasználó személyautót vagy kishaszongépjárművet kíván “eladó” kategóriában vagy “eladó és bérelhető” kategóriában meghirdetni, úgy hirdetésére az alábbi 4.3.1-4.3.3 pontokban foglalt rendelkezések az irányadóak. Az alábbi 4.3.1-4.3.3 pontok alkalmazásában fénykép alatt a gépjárműről készült fényképek értendők. Az Üzemeltető ingyenesen teszi közzé az Egyedi hirdetési szerződéssel nem rendelkező Felhasználó által feltöltött maximum 12 darab csak dokumentumot ábrázoló fényképet. ",3
"8.2. A beépítésre kerülő alkatrészek, tartozékok tekintetében a felhasználó a szavatossági és jótállási igényeit kizárólag akkor érvényesítheti, ha a megrendelt termék beépítését munkalappal és számlával igazoltan szakműhely végezte. A bejelentéshez kérjük továbbá csatolni a következő dokumentumokat: munkalap, számla a beépítésről, mérési jegyzőkönyv. Ez alól kivételt képeznek az ÁSZF 8.4 pontja által meghatározott termékek.",2
"8.9. Üzemeltető jogosult a Szolgáltatás nyújtásának megtagadására és a Felhasználót kizárni a Weblapon elérhető Szolgáltatások nyújtásából (a Felhasználó fiókjának tiltásával vagy törlésével, illetve hirdetésének törlésével) akkor is, ha a Felhasználó Üzemeltető megítélése szerint nem rendeltetésszerűen használja valamely Weboldalt, illetve nem rendeltetésszerűen veszi igénybe Üzemeltető által nyújtott Szolgáltatást, így különösen, ha: ● a Felhasználó hatósági engedélyköteles tevékenységet kíván az oldal közvetítésével végezni anélkül, hogy erre jogosult volna; ● a Felhasználó kereskedelmi forgalomba nem hozható termékeket kínál eladásra, illetve olyan terméket ajánl fel, melynek forgalmazása bűncselekményt vagy szabálysértést valósít meg, vagy annak hirdetése vagy forgalmazása bejelentéshez vagy engedélyhez kötött; ● a Felhasználó jelen ÁSZF rendelkezéseibe, jogszabályba ütközően vagy tisztességtelen célokra használja a Weboldalt/Weboldalakat vagy a Szolgáltatást; ● a Felhasználó a Weboldalon olyan tartalmat tesz közzé vagy olyan tartalomra hivatkozik, illetve olyan módon használja a Weboldalt, hogy az Üzemeltető (vagy cégcsoportjának) jogait, jó hírnevét, üzleti érdekeit, általános megítélését, így különösen termékeinek vagy szolgáltatásainak megítélését sérti vagy sértheti; ● a Felhasználó a Weboldalt, illetve a Szolgáltatást olyan módon használja, hogy azzal harmadik személyek jogát, jogos érdekét sérti vagy sértheti; ● a Felhasználó bármilyen olyan alkalmazást vagy programot használ, amellyel a Weboldal módosítható, vagy amely egyébként veszélyezteti a Szolgáltatás rendeltetésszerű működtetését; ● a Felhasználó olyan rendszert vagy megoldást használ, amely a Szolgáltatás jogszabályokba ütköző módon történő felhasználást, vagy a Weboldal üzemletetéséhez használt szerverek leállását célozza, teszi lehetővé vagy eredményezi; ● vagy a fentiek gyanúja felmerül.",2
"3.1 Általános jelleggel a következő fizetési módokat fogadjuk el: készpénz előleg, hitelkártya, átutalás és Paypal-on keresztül történő fizetés. Fenntartjuk a jogot, hogy bizonyos fizetési módokat egy adott megrendelésnél ne fogadjunk el, és más fizetési módokat írjunk elő. Felhívjuk figyelmét, hogy csak az Európai Unión (EU) belüli számlákról történő fizetéseket fogadunk el. A tranzakcióval kapcsolatosan felmerült költségek Önt terhelik.",3
"7.8. A Felhasználó a Szolgáltatások használatának megkezdésével tudomásul veszi, hogy Weboldalakra általa feltöltött információk, anyagok, szövegek, képek és adatok tartalmáért és jogszerűségéért felelősséggel tartozik. Az Üzemeltető haladéktalanul intézkedik minden olyan jogellenes hirdetés, illetve egyéb tartalom eltávolítása iránt, amelyre vonatkozóan az Európai Parlament és a Tanács digitális szolgáltatásokról szóló 2022/2065. rendelete (DSA), illetve az elektronikus kereskedelmi szolgáltatások, valamint az információs társadalommal összefüggő szolgáltatások egyes kérdéseiről szóló a 2001. évi CVIII. törvény (Elkertv.) 13. §-a szerinti bejelentést kap. Üzemeltető jogosult a Weboldalakra feltöltött hirdetést, egyéb tartalmat egyoldalúan, haladéktalanul eltávolítani, végső soron a Felhasználó fiókját törölni, amennyiben bármely Weboldalra feltöltött tartalom a jelen ÁSZF-be vagy jogszabályba ütközik. Üzemeltető a vonatkozó és mindenkor hatályos jogszabályi keretek között működik együtt a hatóságokkal a jogsértést elkövető személyek felelősségre vonása érdekében. A Felhasználók a jelen Szabályzatba ütköző hirdetéssel, tartalommal kapcsolatos bejelentéseiket a jelen Szabályzat „Nem megfelelő hirdetés, tartalom bejelentése” cím alatti rendelkezései szerint tehetik meg az Üzemeltető felé. Amennyiben a Felhasználó azt észleli, hogy a szerzői jogi törvény által védett szerzői művén, előadásán, hangfelvételén, műsorán, audiovizuális művén, adatbázisán fennálló jogát, vagy védjegyét a Weblapon megjelenő információ sérti, illetve az a kiskorú (cselekvőképtelen kiskorú jogosult esetében a törvényes képviselője), akinek személyiségi jogát a szolgáltató által hozzáférhetővé tett információ – ide nem értve a hozzáférhetővé tett információ szabványosított címét – a megítélése szerint sérti, úgy az Elkertv. 13. §-a szerinti módon, teljes bizonyító erejű magánokiratba vagy közokiratba foglalt értesítésével felhívhatja Üzemeltetőt a jogát sértő tartalmú információ eltávolítására, amely esetben az Üzemeltető a továbbiakban a „Nem megfelelő hirdetés, tartalom bejelentése” cím alatti rendelkezések szerint jár el. Üzemeltető kizárja a felelősségét minden abból eredő kárért, ha törölte a Felhasználó jelen ÁSZF rendelkezéseibe ütköző magatartása vagy bármely jogszabály megsértése miatt a Felhasználó által a Weboldalakra/Weboldalra feltöltött bármilyen tartalmat, vagy megakadályozta további ÁSZF-be ütköző tevékenységét.",1
"e-bank azonosító kártya: A Bank által kibocsátott, bankkártyának nem minősülő műanyag lap, amely - mint távolról hozzáférést biztosító elektronikus fizetési eszköz - biztosítja, a PIN kód révén, kizárólag az Ügyfél/Felhasználó részére a K&H e-bank interneten keresztül történő igénybevételét. A Bank által kibocsátott azonosító kártya a Bank tulajdonát képezi. Az e-bank azonosító kártya névre szóló, annak birtokosa csak természetes személy lehet.",3
"Amennyiben a Vásárló olyan online eseményre vásárol Belépőjegyet, amely megadott időintervallumban elérhető, és ezen idősávon belül egyszer vagy többször megtekinthető (megtekinthető videó tartalom, video on demand), úgy a 45/2014. (II.26.) Kormányrendelet 29. § (1) m) pontja szerint a „Videó megtekintése” gombra kattintva, vagy a videó megtekintését bármely módon megkezdve a Vásárló kifejezett, előzetes beleegyezését adja ahhoz, hogy a Szolgáltató a teljesítést megkezdje, valamint nyilatkozik annak tudomásul vételéről, hogy a 14 napos elállási jogával a továbbiakban nem élhet, hiszen a videó tartalom megtekintését már megkezdte.",0
3. (1) A Kincstári Kártyákra vonatkozó Keretmegállapodás alapján a Szerződést a Bank jognyilatkozati meghatalmazottjaként a Kincstár köti meg.,3
"2.1. Az ÁSZF-et a Vevő internetes honlapján (www.mavcsoport.hu) tárolható, megjeleníthető és nyomtatható módon ingyenesen közzéteszi.",4
"10.6 A rendelés leadása előtt lehetősége nyílhat egy szállítási mód kiválasztására, és tájékozódhat a megrendelés kézbesítésének hozzávetőleges időpontjáról. Az Ön joghatóságában elérhető fizetési módok közül választhat. A vásárláshoz pontos és hiánytalan adatokat kell megadnia egy olyan érvényes fizetési módra, például a hitelkártyára vonatkozóan, amelynek használatára jogosult. Fiókját haladéktalanul frissítenie kell a fizetési móddal kapcsolatos minden változással. A FIZETÉSI MÓDRA VONATKOZÓ ADATOK MEGADÁSÁVAL ÉS EGY ADOTT VÁSÁRLÁS JÓVÁHAGYÁSÁVAL ÖN FELHATALMAZ MINKET, PARTNEREINKET VAGY ÜGYINTÉZŐINKET, ILLETVE PÉNZFORGALMI ADATFELDOLGOZÓNKAT, HOGY A MEGADOTT FIZETÉSI MÓDOT MEGTERHELJÉK AZ ALÁBBIAKKAL: (A) A MEGVÁSÁROLNI KÍVÁNT TERMÉKEKÉRT FIZETENDŐ ÖSSZEGEK; (B) MINDEN ALKALMAZANDÓ VÁM, ADÓ ÉS SZÁLLÍTÁSI KÖLTSÉG; VALAMINT (C) A SZOLGÁLTATÁSOK HASZNÁLATÁVAL KAPCSOLATBAN FELMERÜLŐ EGYÉB DÍJAK, AMELYEKET A FIZETÉS JÓVÁHAGYÁSA ELŐTT ÖSSZEGEZNEK. A jogszabályok által megengedett mértékben bármilyen okból elutasíthatjuk, befagyaszthatjuk vagy visszatarthatjuk a tranzakciót, beleértve a csalás gyanúját, a pénzmosás elleni és szankcióknak való megfelelést, illetve ha okunk van azt feltételezni, hogy a tranzakció kockázatot jelent ránk vagy egy harmadik félre nézve.",1
"o amelynek tartalma a társadalmi értékekre és az emberi méltóságra nézve sértő (ilyen például a félrevezető, trágár, szexuális, erőszakos tartalmú, törvényellenes cselekedetre felbújtó, illetve vallási, politikai ellentétet szító e-mail);",4
"Minden üzlet beállítás nélkül kapja a kerékpárt a gyártótól, így a beállítás ránk üzletekre maradnak. A futárcégek úgy szállítják a kerékpárt, hogy kormány el van forgatva, a pedál nincs beletéve, és a gyerek kerékpárnál az oldal kerék nincs rajta. ",4
"11.18.  A munkafolyamatot, a munkaeszközt,
az anyagot úgy kell megválasztani, hogy az sem a munkavállalók, sem a
munkavégzés hatókörében tartózkodók egészségét és testi épségét ne
veszélyeztesse.",4
"(9) A Szerződő Fél jogosult a szerződést díjmentesen felmondani a díj, költség számára kedvezőtlen módosítása esetén a módosítás hatálybalépését megelőzően.",3
8.4.1. A hibás termék miatt a szavatossági igény a nyitva álló időszakban írásban az alábbi 2. pontban foglalt e-mail címek útján érvényesíthető.,4
"5.7.2. A termékek vételára a Webáruházban az általános forgalmi adót és egyéb közterheket is tartalmazó módon kerül feltüntetésre, mely vételár nem tartalmazza a kiszállítás költségét. A termékek ára magyar forintban (HUF) értendő. Egyes, nem járatos termékeknél melyeket kizárólag az egyedi vevői igények kiszolgálására szerzünk be, az áru bruttó vételárának 20%-át az Eladó előlegként elkérheti. Az árváltoztatás jogát az Eladó fenntartja és a Webáruház felületén jelentkező esetleges hibákért felelősséget nem vállal. Eltérés esetén a gyártó által megadott paraméterek érvényesek. Az árlistákban előforduló esetleges hibákért megértésüket kérjük! Az Eladó fenntartja a jogot, hogy bármikor, előzetes értesítés nélkül módosíthatja a jelen oldalakon található anyagokat vagy a bennük feltüntetett termékeket és árakat. Ez esetben a módosítást megelőzően leadott rendeléseket, a módosítást megelőző feltételekkel és áron teljesíti a Vevő részére. Készleten nem lévő termék esetén a feltüntetett árak és szállítási idők tájékoztató jellegűek, minden esetben függnek az aktuális beszerzési lehetőségektől is. Az Eladó nem vállal felelősséget a gondossága ellenére és/vagy a rendszer hibájából eredően hibásan feltüntetett árért, illetve a nyilvánvalóan téves, a termék közismert nagyságrendű árától jelentősen eltérő, irreális árra (pl. 0 Ft, 1 Ft). Ilyen esetekben az Eladó nem köteles a terméket a weboldalon hibásan feltüntetett áron szolgáltatni. Hibás ár feltüntetése esetén az Eladó, a rendelés visszaigazolásában (telefonon történő 2. visszaigazolás) ajánlja fel a termék valós áron történő megvásárlásának lehetőségét, mely információ birtokában a Vevő eldöntheti, hogy megrendeli valós áron a terméket vagy minden hátrányos jogkövetkezmény nélkül lemondja a megrendelést.",1
"5.5. Az egyedi rendelések szerinti adásvételi szerződés teljesedésbe megy az eladói szolgáltatás és a vételár szerződésszerű teljesítésével. Az értékesített árucikk tekintetében a kárveszély akkor száll át az Eladóról a Vevőre, amikor a Vevő birtokba veszi a terméket.",2
"Amennyiben a Vevő elmulasztja átvenni a csomagot, a visszaküldés költsége a Vevőt terheli, amely elsődlegesen a Vevő részére visszafizetésre kerülő vételár összegéből kerül levonásra. A Vevő a visszaszállítás díjának jelen pont szerinti levonásához a jelen ÁFF elfogadásával kifejezetten hozzájárul.",4
A Szolgáltató a mobil rádiótelefon készülék adásvételéhez kedvezményt biztosíthat. A kedvezmény mértékét és a kapcsolódó feltételeket a Szolgáltató a honlapján közzéteszi. A Szolgáltató a készülékhez kapcsolódó kedvezmény igénybevételének feltételéül szabhatja a Szolgáltatásra vonatkozó Előfizetői Szerződés meghatározott ideig történő fenntartását.,2
"Vállalkozó kötelezettséget vállal arra, hogy az általa kiállított számla legkésőbb a kiállítást követő 5 (öt) munkanapon belül megérkezik a Megrendelő által megadott számlaküldési címre. Vállalkozó kötelezettsége, hogy a számla kiállítása során kitöltésre kerülő fizetési határidő tekintetében a jelen pontban írtak alkalmazásra kerüljenek.  ",4
"A pótmunka a Megrendelő által a teljesítés közben elrendelt olyan munka, amely nem szerepelt a Szerződés alapját képező dokumentációban, valamint amelynek szükségessége a szerződéskötés időpontjában előre nem látható volt. ",4
"̶ Felhasználó olyan elektronikus üzenetet küld, amely",4
"7.10.  Vállalkozó  az elrendelt pótmunkák munkadíj tételének meghatározásánál –
amennyiben erről a jelen szerződés egységárain alapuló ajánlattal nem rendelkezik
– a TERC ÉN normagyűjtemény normatív ráfordítási időértékeit, valamint az al - ill.
vállalkozói szerződésben megh atározott összegű átlagos rezsióradíjat vesz
figyelembe.  7.11. .  Az esetleges pótmunkák, illetve
többletmunkák a befejezési határidő módosítását automatikusan nem vonják
maguk után. Vállalkozó  írásban  köteles megjelölni ez irányú kérelmét,
meghatározva a módosított teljesítési határidőt, melynek elfogadásáról
Megrendelő írásban köteles nyilatkozni.",1
"3.4.7. A Bank a Fizetési megbízás visszautasítása esetén – törvény eltérő rendelkezése hiányában – értesíti az Ügyfelet a visszautasítás tényéről, továbbá jogszabály tiltó rendelkezése hiányában – lehetőség szerint a visszautasítás okáról és a visszautasításra okot adó tényszerű hibák helyesbítéséhez szükséges eljárásról. Azonnali átutalási megbízásnál a Jogosult / Kedvezményezett pénzforgalmi szolgáltatója a fizetési műveletről történt értesülését követően haladéktalanul értesti a Fizető fél / Kötelezett pénzforgalmi szolgáltatóját a fizetési művelet teljesítésének visszautasításáról - a visszautasítás okát is megadva - vagy teljesítéséről szóló tájékoztatást. Ezen értesítés alapján Fizető fél / Kötelezett pénzforgalmi szolgáltató haladéktalanul értesíti a Fizető felet / Kötelezettet a fizetési művelet teljesítéséről / visszautasításáról és a visszautasítás okáról azon az elektronikus csatornán keresztül, amelyen benyújtásra került az azonnali átutalási megbízás.",1
1. BEVEZETŐ RENDELKEZÉSEK,4
"Internet (honlap): www.telekom.hu/irjonnekunk, www.telekom.hu",4
"VI.1. Ha az Ügyfél a szerződéses nyilatkozatától vagy a már létrejött szerződéstől eláll, akkor az INTERSPORT köteles - haladéktalanul, de legkésőbb attól a naptól számítva legkésőbb tizennégy napon belül, hogy a jelen szerződéstől való elállás tényéről szóló nyilatkozatot kézhez vette - visszafizetni az Ügyfél által az INTERSPORT-nál vásárolt termékek rendeléskori vételárát.",3
"Tájékoztatást szeretnék adni mi is az a fizetési kötelezettség amit kipipált és amivel egyetértett az ÁFSZ-el együtt. Úgy gondolom ezzel a ponttal nem is kellene foglalkoznia, hiszen azért rendelte meg a terméket, mert szüksége van rá, és már nagyon várja, hogy a kezében tarthassa. Először is köszönjük szépen a bizalmat, hogy a mi oldalunkat választotta a vásárlásához. A fizetési kötelezettség azt jelenti, hogy amennyiben a termék feladás napjáig Ön nem gyakorolja az elállási jogát, úgy abban az esetben lép érvénybe a fogyasztó fizetési kötelezettsége. A fizetési kötelezettséget a visszaigazoló e-mailek is tartalmazzák. Amennyiben a termék elállás nélkül érkezik vissza a vállalkozáshoz, akkor lép életbe a fizetési kötelezettség, aminek ha Ön nem tesz eleget, akkor az ügy átkerül a Közjegyzőhöz, és onnantól kezdve vele tud egyeztetni",2
"11.5.2. Hogyan függenek össze az egyes paraméterek: Ezen paraméterek relatív jelentősége változhat az Ön keresésének vagy internetes böngészésének kontextusa függvényében. A legrelevánsabb paraméterek az ország, a termékinformációk, a szűrők és a keresési paraméterek kiválasztása, mint pl. a ruhaméret, valamint a termékek népszerűsége és a preferenciák, a korábbi vásárlások és a böngészési tevékenységek. Lent megtekinthet egy összefoglalót a rangsorolásunk működéséről, beleértve a kulcstényezőket és ezek egymásra gyakorolt hatását, amelyek befolyásolják az Önnek felajánlott termékek megjelenési sorrendjét: Először is a keresés relevanciája: Ha Ön beállított egy specifikus keresési adatokat, akkor annak relevanciája nyomja a legtöbbet a latban, míg a többi paraméter, mint a népszerűség vagy a személyre szabás másodlagos jelentőségűek. Személyre szabás elsősége: Ha specifikus adatok nélkül keres, akkor a platform látogatásának előzményei befolyásolják a rangsorolást a termék népszerűségével és elérhetőségével együtt. Promóciós befolyás: A támogatott tartalmak és a promóciók beleszámítanak a rangsorolásba, de arányosan elosztva jelennek meg; ezzel biztosítjuk, hogy ne szorítsák ki az organikus találatokat.",1
"25. A Finanszírozó jogosult a jogszabályban meghatározott tételes elszámolás alá eső eszközöket, implantátumokat, hatóanyagokat – a finanszírozás részeként – természetben biztosítani.",2
"X.1. Az ajándékkártya megvásárlásáért kifizetendő értékösszeg az Ügyfél követeléseként jóváírásra kerül az ajándékkártyán. A követelés egyenlege felhasználható az E-kereskedelmi platformon végrehajtott teljes összegű vagy részletekben történő kifizetések során, valamint egyéb elfogadóhelyeken is. Az áruk vagy szolgáltatások megvásárlása után esetlegesen fennmaradó összeg az ajándékkártyán marad. Ha az ajándékkártya egyenlege nem fedezi a teljes vásárlási összeget, akkor a különbözetet más fizetési eszközzel is ki lehet egyenlíteni.",3
"40. A „Megrendelés Befejezése” gombra kattintással, azaz a megrendelés véglegesítésével és leadásával a Fogyasztó a „Kosárban” elhelyezett termékek vagy szolgáltatások megvásárlását célzó kötelező érvényű ajánlatot tesz az Alza részére. A Fogyasztó ajánlatának Alzához történő megérkezése ajánlati kötöttséget eredményez a Fogyasztóra nézve. Az ajánlat Fogyasztó általi elküldése nem jelenti ugyanakkor az ajánlat Alza általi automatikus elfogadását, azaz a Felek közötti szerződés létrejöttét. Az Alza az ajánlat elfogadásáról, azaz a szerződés létrejöttéről, később külön e-mailben értesíti a Fogyasztót.",2
3.3.3.2. Külföldön kiállított és idegen nyelvű okiratok,3
"4.2 Az e-bank azonosító kártyát, illetve az e-azonosító számot kizárólag az Ügyfél/Felhasználó jogosultó használni, az át nem ruházható, illetve tilos azt biztosítékul zálogba adni, vagy óvadékként letétbe helyezni.",4
1.10. Külön ÁSZF szabályozza az Erste Start-számla általános szerződési feltételeit.,3
"12.1 Felek kötelezettséget vállalnak, hogy minden az üzleti titok körébe tartozó adatot és/vagy információt szigorúan bizalmasan kezelnek, és azokról kizárólag egymás írásos engedélyével adnak tájékoztatást harmadik fél részére, vagy teszik számukra hozzáférhetővé.",4
"Felhasználó olvasási joggal: Az a Felhasználó, aki előfizetői jogviszony keretében igénybe vett Mobil
szolgáltatással kapcsolatos információkat megismerheti, a bejelentett panasz és hiba tekintetében jogosult érdemi
választ kapni, ugyanakkor nem jogosult hozzáférni a számlához, a lejárt tartozásra vonatkozó adatokhoz. Jogosult
ugyanakkor arra, hogy az előfizetői jogviszonnyal összefüggésben a Szolgáltató által kezelt saját személyes
adataihoz hozzáférjen, és azokat módosítsa.",3
III. Az ÁSZF hatálya,4
"14.15 A megszüntetés nem okozhat jelentős kárt az épület többi tulajdonosa számára, és nem korlátozhatja mások tulajdonosi, használói, bérlői jogait.",2
"4.7 A bejelentést a Bank telefonos ügyfélszolgálatán lehet megtenni, a hét bármely napján, a nap bármely szakában. A bejelentés akkor tekinthető megtörténtnek, ha a bejelentő a Bank által kért adatokat – legfeljebb az igazolvány szám/adószám kivételével – megadja.",3
"6.2.1. Üzemeltető a hirdetés elhelyezését a mindenkor hatályos hirdetési díj ellenében biztosítja a Felhasználók számára. Jelen ÁSZF állandó, elválaszthatatlan részét képező https://www.hasznaltauto.hu/arlista oldalon kerülnek rögzítésre az aktuális árak (továbbiakban: hirdetési díj). Üzemeltető a fizetendő díjról elektronikus számlát állít ki , mely az általános forgalmi adóról szóló 2007. évi CXXVII. törvényi előírásainak megfelelően kiállított elektronikus számla.",3
6. A kamatot az OTP Bank Nyrt. a betétösszeg elhelyezésének napjától kezdődően számítja. Az utolsó kamatnap a betét lejáratát/felvételét megelőző nap.,4
"31. Finanszírozó a hatályos jogszabályok alapján jogosult szakmai, továbbá komplex ellenőrzésre a szerződéses időszakra, valamint jogosult jellege szerint befogadási vagy folyamatba épített ellenőrzésre, cél- vagy átfogó (tételes) ellenőrzésre, valamint záró illetve utóellenőrzésre, továbbá az egészségügyért felelős minisztérium útján pénzügyi ellenőrzésre, továbbá jogosult:",2
"A Vállalkozó köteles a feladatát oly módon elvégezni, hogy a munkavégzése az ugyanazon a helyen mások által történő munkavégzést ne zavarja, a Megrendelői berendezések üzemvitelét ne akadályozza és ne veszélyeztesse. ",4
"3.6 A Bank a szolgáltatással kapcsolatos problémák, ill. az egyes műveletekkel kapcsolatos észrevételek fogadására és kezelésére telefonos ügyfélszolgálatot tart fenn, melyet az ügyfelek a Hirdetményben meghatározott telefonszámon és ügyfélszolgálati időben érhetnek el.",4
"A részvételi feltételeket, a Rendezvény, illetve a Rendezvény helyszínéül szolgáló intézmény házirendjét vagy pályarendszabályát, a biztonsági szolgálat és egyéb rendvédelmi szervek utasításait megszegő látogatót a Rendezvényszervező a Rendezvény biztonságos lebonyolítása, illetve a Rendezvényen tartózkodó látogatók zavartalan szórakozásának biztosítása érdekében eltávolíthatja. Az ilyen indokból történő kizárás esetén a Szolgáltató kártérítésre nem kötelezhető.",1
"3.2.2. A Bank a konverziót igénylő műveletekhez kapcsolódó kereskedelmi tevékenységét olyan időben végzi, hogy a Fizetési megbízások teljesítését a vonatkozó jogszabály, jelen Pénzforgalmi ÁSZF-ben és Hirdetményben meghatározott határidőben teljesítse.",0
22. Személyes adatainak kezeléséről (és törlési kérelemről) egyebekben az Alza Adatvédelmi Szabályzatában olvashat. ,4
"A termék akkor hibás, ha nem felel meg a forgalomba hozatalakor hatályos minőségi követelményeknek, vagy ha nem rendelkezik a gyártó által adott leírásban foglalt tulajdonságokkal. A Felhasználónak kell bizonyítania, hogy a termékhiba a gyártó általi forgalomba hozatal időpontjában fennállt.",4
"6.10. Felhasználó felelősségre vonható az árukban bekövetkezett értékcsökkenésért, ha az az áruk jellegének, tulajdonságainak és működésének megállapításához szükségestől eltérő kezelés miatt következett be.",3
"Ha a fogyasztó a szóbeli panasz közlése során a fenti a) és c) pontjában foglalt adatokat nem adja meg, vagy a jegyzőkönyv aláírását megtagadja, a vállalkozás nem köteles a szóbeli panasz elintézése során az írásbeli panaszra vonatkozó válaszadási előírások szerint eljárni.",4
14.17 Az épületrész távhőellátásának megszüntetésével kapcsolatos jogszabályi rendelkezéseket Tszt. 38.§ (5) bekezdése és az Önk. Rend. 21. - 22.§-ai tartalmazzák.,3
"15.4 A Felhasználó képviselője a jelen Szerződést a tulajdonosi közösség felhatalmazásának birtokában, a közösségre vonatkozó belső előírásoknak megfelelően köti meg.",4
"A Szerződésben foglalt bármely jog késedelmes érvényesítése, illetve érvényesítésének elmulasztása nem jelenti a jogok érvényesítéséről való lemondást, illetve valamely jog részleges vagy kizárólagos érvényesítése nem zárja ki a többi, illetve a fennmaradó jog érvényesítését. ",3
3. A BKK Zrt. jogosult az ÁSZF-et vagy annak meghatározott részét (részeit) vagy az ÁSZF-ben meghatározott egyes jogokat vagy kötelezettségeket a Felhasználó előzetes értesítése mellett harmadik személy részére átruházni. Felhasználó az átruházáshoz az ÁSZF elfogadásával visszavonhatatlanul hozzájárul. A hozzájárulás a szerződésátruházásról történt értesítéssel válik hatályossá.,2
13.7 Szerződés nélküli (jogosulatlan) távhőfogyasztás esetén a felhasználási hely vagy az épületrész tulajdonosa a szolgáltatás díján felül pótdíjként az éves alapdíj háromszorosát köteles a BKM NONPROFIT Zrt. részére megfizetni.,4
"5.3.3. Találati lista sorrendjét nem befolyásoló kiemelések A “Keretes kiemelés” és az “Akciós ár kiemelés” szolgáltatás a találati lista sorrendjét önállóan nem befolyásolja, ezen kiemelések azonban előfordulhatnak a fenti kiemelési lehetőségekkel kombinálva, mely esetben megjelenítésüket az 5.3.1. pontban foglalt sorrend határozza meg.",3
2.2.3. A Bank a nyilvántartásba vétellel létrejövő egyéb jogi személyek részére megnyitott pénzforgalmi Bankszámla terhére és – az alapítói vagyon kivételével – javára fizetési megbízást az előző bekezdésben foglalt feltételek megléte esetén is kizárólag a nyilvántartásba vétel megtörténtének igazolását követően teljesít.,3
"Ön köteles számunkra vagy logisztikai partnerünk számára a terméket indokolatlan késedelem nélkül, de legkésőbb elállási nyilatkozatának közlésétől számított 14 napon belül visszaküldeni vagy átadni. A határidő betartottnak minősül, ha a 14 napos határidő letelte előtt elküldi a terméket. A termék visszaküldésének költségeit mi viseljük.",4
"Azonos szerzőjű és című antikvár könyveknél több példány esetén Szolgáltató csak egyet tüntet fel képpel. Az áru áraként a legolcsóbb kötet ára kerül feltüntetésre, azzal a kiegészítéssel, hogy a feltüntetett ártól érhetőek el antikvár példányok az adott címből. A kötetek részletes listázásához, a pontos, egyedi árak megtekintéséhez a könyv címére vagy a Kosár gomb helyén lévő, Tovább gombra kell kattintani. Ezt követően lehet kiválasztani és kosárba tenni a leírás alapján kiválasztott példányt.",4
"A Vállalkozó átruházza a Megrendelőre a Megrendelő egyéni igényeinek megfelelően létrehozott, illetve átadott szellemi alkotások (dokumentumok, eredmények, terv- és egyéb dokumentáció, számítógépes programok stb.) felhasználási jogát, amelyek a nyilvánosságra hozatalra, sokszorosításra és gyakorlati megvalósításra vonatkoznak (továbbiakban: „Felhasználási jogok”). A Felhasználási jogok átruházása időben, térben, a felhasználás célját, terjedelmét és módjait tekintve korlátlan és visszavonhatatlan. A Felhasználási jogok magukban foglalják a harmadik személyekre, beleértve, de nem kizárólagosan az E.ON cégcsoport vállalataira való korlátlan átruházás és az átdolgozás jogát is. ",1
"3.3 A Bank fenntartja a jogát arra, hogy az olvasó használata vonatkozásában további előírásokat határozzon meg.",3
"3.1. Felhasználó a webáruházban történő regisztrációjával/vásárlásával kijelenti, hogy jelen ÁSZF és a webáruházban közzétett Adatkezelési tájékoztató feltételeit megismerte és elfogadja, az adatkezeléshez hozzájárul.",4
"3.3.5. Az Ügyfél egyes fizetési megbízásai jóváhagyásának hatálya kiterjed az egyes fizetési műveletekhez kapcsolódó Díjak Bank általi – esedékességkori – beszedésére is. Számlatulajdonos a Keretszerződés aláírásával jóváhagyja a Bankszámlavezetés és kapcsolódó szolgáltatások, - fizetési megbízáshoz / tranzakcióhoz kapcsolódó Díjainak – Bank általi – Hirdetményben közzétett esedékességkori beszedését.",1
"Tilos a Mobilalkalmazás visszafejtéssel, vagy bármilyen egyéb módon történő információs technológiai manipulációja, illetve lemásolása. E tilalom megsértése a Szellemi Tulajdon megsértésének, és így szerződésszegésnek minősül, és a belőle eredő minden kár megtérítésének kötelezettsége az érintett Felhasználót terheli. A Mobilalkalmazás arculata, tartalma, egyéni eredeti jellege szerzői jogvédelem alá esik, melynek jogosultja a Bellozzo.",3
"5.3. Ha a Szolgáltató a szerződésben vállalt kötelezettségét azért nem teljesíti, mert a szerződésben meghatározott termék nem áll rendelkezésére, köteles erről a Felhasználót haladéktalanul tájékoztatni, valamint a Felhasználó által fizetett összeget haladéktalanul, de legkésőbb harminc napon belül visszatéríteni.",3
"Hibás árnak minősül különösen, de nem kizárólagosan: nyilvánvalóan téves, a termék közismert, általánosan elfogadott vagy becsült árától, vagy a piaci árszintjétől jelentősen eltérő ár, ideértve a „feltűnő értékaránytalanság” esetét is; valamint esetleg rendszerhiba miatt megjelenő “0” Ft-os vagy “1” Ft-os ár.",2
"A Bellozzo fenntartja a jogot arra, hogy előzetes értesítés nélkül bármely Felhasználói Fiókot felfüggesszen és/vagy megszüntesse az Ön Felhasználói Fiókját, amennyiben saját mérlegelési jogkörében megállapítja, hogy Ön megsértette a jelen ÁSZF-t akként, hogy a Felhasználói Fiókjának használata jogosulatlan, félrevezető, csalárd vagy egyéb módon jogellenes. A Bellozzo – saját mérlegelési jogkörében – külön előzetes értesítés nélkül felfüggesztheti, megszüntetheti vagy összevonhatja a feltételezhetően megkettőzött Felhasználói Fiókokat.",1
"A Szolgáltató műholdas műsorterjesztési szolgáltatásként Műholdas televízió műsorterjesztés előfizetői
szolgáltatást és a Műholdas rádió műsorterjesztés előfizetői szolgáltatást nyújt az Előfizetők részére, amely
audiovizuális és rádió médiaszolgáltatás átvitelét valósítja meg.",2
"2. Az ügylettel összefüggő egymáshoz intézett kérdésekre kötelesek legkésőbb 30 napon belül választ adni, és felhívni egymás figyelmét az esetleges tévedésekre, mulasztásokra.",4
"2.4.7. Az eseti megbízások esetén a Bank a meghatalmazás valódiságát nem vizsgálja, azért felelősséget nem vállal. A Bank felelőssége lakossági Bankszáma esetén csak a Számlatulajdonos aláírásának és a Meghatalmazott személyének azonosítására terjed ki. Gazdálkodó szervezet / Vállalkozás esetén az eseti megbízással történő készpénz kifizetéshez a meghatalmazó 2.4.1. pontban megjelölt aláírása szükséges",2
"Amennyiben a nem szerződésszerű teljesítésre tekintettel felmerült kötbér, költség, illetve kár összege meghaladja a jóteljesítési biztosíték mértékét, úgy a Vállalkozó az ezt meghaladó összeget is köteles a Szerződés szabályai szerint a Megrendelő részére megfizetni. ",2
"A Feladó kijelenti, szavatolja és elfogadja, hogy mind a múltban, mind a jelenben és a jövőben is betartotta és betartja valamennyi lehetséges alkalmazandó jogszabályt az anti-korrupció biztosítása és a vesztegetés megakadályozása körében; különös  tekintettel fentiekre a Feladó kijelenti, szavatolja és elfogadja, hogy nem ad, ajánl fel, ígér, hatalmaz fel harmadik személynek ajándékot, pénzt vagy bármilyen értéket (a továbbiakban : vesztegetési összeg) azért, hogy elnyerjen vagy megtartson üzleti kapcsolatot, vagy bárkinek üzletet szerezzen, vagy jogtalan előnyhöz jusson, a vonatkozó jogszabályokat megsértve. ",4
"7.7. Az átalányáras szerződés keretében csak azok a munkák tekinthetők pótmunkának
(7.5 .pont alá tartozónak), melyekre az ÁSZF 2.1, 2.2., 2.3. pont alattiakat figyelembe
bármely alapos és gondos Vállalkozói ajánlati előkészítést figyelembe véve sem
gondolhatott Vállalkozó, azaz sem a tervekben, sem a költségvetésben, sem a
helyszíni bejárás során, sem bármely más módon kapott információból Vállalkozó
nem vonhatta le azt a következtetést, hogy az adott munka szükséges a mű
rendeltetés szerű használatához.",2
1.4. Az Okiratban használt fogalmak az ÁSZF -ben használt fogalmak szerint értelmezendőek .,3
"b. több termék adásvételére vonatkozó szerződés esetében attól a naptól számított 14 nap elteltével jár le, amelyen Ön vagy az Ön által megjelölt, a fuvarozótól eltérő harmadik személy az utolsó terméket átveszi; ",3
"1.8. Az admin.hasznaltauto.hu linken (illetőleg a www.hasznaltauto.hu weboldalon a Belépés link megnyitása után elérhető Belépés az adminba linken keresztül), a felhasználónév, vagy e-mail és a jelszó megadását követően megnyíló adminisztrációs felület felhasználási joga személyre szóló, arra kizárólag a Felhasználó törvényes képviselője, illetve a Felhasználó egyedi szerződésben meghatározott és az Üzemeltető felé előzetesen bejelentett kapcsolattartó személy jogosult. Az adminisztrációs felületen elérhető funkciónak az említett feltételeknek nem megfelelő harmadik személy általi használata tilos. Felhasználó a jelen ÁSZF elfogadásával akként nyilatkozik, és szavatol azért, hogy az említett feltételeknek eleget tesz.",4
"8.6.  A vállalkozás a jegyzőkönyvet az annak felvételétől számított három évig köteles megőrizni, és azt az ellenőrző hatóság kérésére bemutatni.",4
"1.5. A jelen ÁSZF alkalmazásában:
a) Támogató: Kulturális és Innovációs Minisztérium ;

b) Lebonyolító: Nemzeti Kulturális Támogatáskezelő (korábbi neve: Emberi Erőforrás
Támogatáskezelő );

c) Kedvezményezett: a támogatásban részesülő szervezet ;

d) Felek: a Lebony olító és a Kedvezményezett;

e) pályázati azonosító szám: a pályázat nak az Elektronikus Pályázatkezelési és
Együttműködési Rendszerben (a továbbiakban: EPER ) nyilvántart ásba vett száma;

f) szakmai feladat: a Kedvezményezett pályázat ában  vállalt , támogatott  tevékenység,
amelynek megvalósításhoz a Támogató anyagi támogatás t biztosít  (a továbbiakban :
szakmai feladat vagy pályázati program) ;




2 g) támogatói döntés i kikötés : a megítélt támogatás Támogató által meghatározott további
feltételek szerinti felhasználása.",2
Milyen jogok illetik meg Önt kellékszavatossági igénye alapján?,4
"ba) kártyatársasági díjstruktúra változása,",4
"b) a Nemzetközi Kártyaszervezetek által végrehajtott módosítások így különösen, de nem kizárólagosan:",3
"2. A BudapestGO alkalmazás Tervezés menüpontjában, a térképen megjelenített kiemelt helyek esetében a nyitvatartásra, esetleges kapcsolódó díjszabásra, földrajzi lokációra és egyéb, harmadik fél által szolgáltatott kiegészítő tudnivalókra vonatkozó információk, adatok kizárólag tájékoztató jellegűek. A BKK Zrt. kifejezetten kizárja a felelősségét minden olyan kár esetében, amelyek az Alkalmazásban a BKK Zrt. által megjelenített helyszínekhez tartozó információk esetleges pontatlanságából, hibájából vagy hiányából – akár közvetlenül, akár közvetetten – származnakik.",3
"Amennyiben a Vásárló a vásárlást követő néhány percen belül nem kapja meg a megvásárolt belépőjegyeket, ennek oka feltételezhetően kapcsolati hiba. Fontos, hogy ebben az esetben a Vásárló ne ismételje meg a tranzakciót, hanem haladéktalanul lépjen kapcsolatba a Szolgáltató Ügyfélszolgálatával, amely a problémát orvosolja. Ugyanakkor felhívjuk Vásárlóink figyelmét arra, hogy ha 48 órán belül nem kapott visszaigazolást a megrendeléséről, úgy mentesül az ajánlati kötöttség alól, azaz a továbbiakban nem köti őt a megrendelése és nem köteles azt átvenni, kifizetni.",2
"Amennyiben a címzett a sérülés tényét a futárnak nem jelzi és vagy a tényleges kárigényt a határidőn belül nem jelenti be, akkor a Küldemény rendben, sérülésmentesen kiszállítottnak tekintendő és DPD-t nem terheli felelősség a belső tartalom hiánya vagy sérülése tekintetében. ",3
"16. Amennyiben a Szolgáltató az adott időben, illetve helyen nem rendelkezik a szakmailag indokolt ellátás nyújtásához szükséges feltételekkel, köteles a jogosultat – a Finanszírozó és az egészségügyi államigazgatási szerv egyidejű értesítése mellett – erről tájékoztatni, egyben meghatározva számára a legközelebbi – a kötelező egészségbiztosítás keretében finanszírozott – igénybevételi lehetőséget is.",3
"9.8. A visszafizetési kötelezettség nem teljesítése esetén a visszafizetendő összeget és annak
kamatait az állami adó - és vám hatóság megkeresésre adók mód jára hajtja be. Amennyiben


12 a Kedvezményezett az Okiratban meghatározott visszafizetési kötelezettsége teljesítésével
késedelembe esik köteles a késedelem idejére az Ávr. szerinti késedelmi kamatot fizetni.  Az
államháztartás központi alrendszerébe tartozó k öltségvetési szerv Kedvezményezettet
kamatfizetési kötelezettség nem terheli.


X. A Kedvezményezett nyilatkozatai és kötelezettségei",0
"Ha a fogyasztó hibás teljesítésre hivatkozva kívánja megszüntetni a szerződést, a Szolgáltatót terheli annak bizonyítása, hogy a hiba jelentéktelen.",0
"Amennyiben a kárigényt a DPD megalapozottnak találja, a DPD az elfogadott kár kifizetéséhez az általa rendszeresített nyomtatványokat megküldi az Ügyfélnek, amelyeket az Ügyfélnek megfelelően kitöltve és aláírva vissza kell juttatnia a DPD-hez.  ",4
"A jelen pontban foglaltak nem érintik a fogyasztó azon jogát, hogy az e pontban meghatározott elállási jogát a szerződés megkötésének napja és az Áru átvételének napja közötti időszakban is gyakorolja.",3
"1.5 Fenntartjuk a jogot arra, hogy módosításokat eszközöljünk a jelen Feltételekben, ideértve azt, hogy a Feltételeket világosabbá vagy könnyebben érthetővé tegyük, hogy tükrözzük a Szolgáltatásokban végrehajtott változtatásokat vagy fejlesztéseket, hogy megfeleljünk jogszabályi vagy szabályozói követelményeknek, hogy kezeljük a biztonsági aggályokat, és/vagy biztosítsuk a Szolgáltatások folyamatos működését és teljesítményét. A lényeges módosításokról ésszerű időben előzetesen értesítést küldünk Önnek e-mailben vagy más csatornákon keresztül, az alkalmazandó jogszabályoknak megfelelően, annak érdekében, hogy lehetősége legyen azokat a hatálybalépésük előtt áttekinteni. Ha nem ért egyet a módosításokkal, a módosítások hatályba lépése előtt fel kell hagynia a Szolgáltatások használatával. Javasoljuk, hogy rendszeresen tekintse át a jelen Feltételek legfrissebb változatát.",1
"7.1 A BKM NONPROFIT Zrt. az életet, az egészséget, a vagyonbiztonságot veszélyeztető helyzet, a szolgáltatói berendezés üzemzavara, vagy más módon el nem végezhető munkák miatt a távhőszolgáltatást a szükséges legkisebb felhasználói körben és időtartamban jogosult szüneteltetni, továbbá országos tüzelőanyag-hiány következtében fellépő hőtermelés kiesés esetén, valamint környezetvédelmi érdekből jogosult a szolgáltatást korlátozni a lehető legkisebb időtartamra a Tszt. 40-42.§-aiban, a Rendelet 16-17.§-aiban, az Önk. Rend. 12-13.§-aiban és az Üzletszabályzatban szabályozottaknak megfelelően.",2
4. A jelen Fogyasztói ÁSZF-nek a Webáruház használatára vonatkozó rendelkezéseit és feltételeit minden felhasználó a weboldal használatával kifejezetten elfogadja.,3
"9.1. A Felhasználó a Szolgáltatónak, illetve a Szolgáltató érdekében vagy javára eljáró személynek az áru Felhasználó részére történő forgalmazásával, illetve értékesítésével közvetlen kapcsolatban álló magatartására, tevékenységére vagy mulasztására vonatkozó panaszát szóban vagy írásban közölheti a Szolgáltatóval. A Szolgáltató az általa nyújtott szolgáltatással összefüggésben a Felhasználó által közölt panaszt köteles haladéktalanul megvizsgálni és szükség szerint orvosolni, vagy ha a panasszal nem ért egyet, erről a panaszost tájékoztatni. Ha a panasz kivizsgálása nyomban nem lehetséges, erről a tényről, és a panaszra való válaszadás várható időpontjáról kell a Felhasználót haladéktalanul tájékoztatni.",1
"2.4.5. A meghatalmazásból egyértelműen ki kell tűnnie a Meghatalmazó és Meghatalmazott személyének, személyazonosító adatainak, a megbízás tárgyának, feltételeinek a pénzügyi művelet összegének és érvényességi idejének (egyszeri, vagy visszavonásig szóló). A visszavonásig szóló meghatalmazást a Bank annak kiállításától számított 1 évig tekinti érvényesnek.",2
"17.9 Teljes megállapodás. A jelen Feltételek a felek végleges, teljes és kizárólagos megállapodását képezik a jelen Feltételek tárgyát illetően, és hatályon kívül helyeznek és magukba olvasztanak minden korábbi, a felek között az ilyen tárgyban folytatott megbeszélést.",2
"a. a fogyasztási cikk első alkalommal történő javítása során az Alza a javítószolgálat (szakszerviz vagy márkaszerviz) szakvéleménye alapján megállapítja, hogy a fogyasztási cikk nem javítható, ",4
"5.4.   Szolgáltató nem vállal felelősséget az esetleges technikai ismertetők, leírások a beszállító, vagy rajta kívül álló okok miatt történő előzetes bejelentés nélküli változása miatt. Szolgáltató fenntartja a jogot a már visszaigazolt megrendelések visszautasítására részben, vagy teljes egészben. Részben történő teljesítés kizárólag Felhasználóval történő egyeztetést követően kerülhet sor!",3
"A Felhasználó aukció indítása, fix áras hirdetés-, illetve apróhirdetés feladása során a különböző mezőkben az adatbeviteli hibákat a megrendelés elküldéséig (feladásig) szabadon javíthatja, az egyes oldalak között pedig a Vissza és a Tovább gombokra kattintva léptethet. A megrendelés utolsó oldalán a Felhasználó ellenőrizheti az általa megadott adatok összesítőjét és szükség esetén javíthatja azokat a korábbi oldalakra visszalépéssel. A megrendelést követően az utólagos hibajavításra a Felhasználó személyes menüjében az adott aukció, hirdetés módosításával van lehetőség a jelen ÁFF-ben foglaltak szerint.",4
A vásárlást megerősítő automatikus visszaigazoló e-mailt a Szolgáltató a Vásárló által megadott e-mail címre küldi meg. A hibás e-mail cím megadásából fakadó minden kárért a Vásárlót terheli a felelősség.,3
A jótállás időtartama egy év. E határidő elmulasztása jogvesztéssel jár.,3
"A DPD a teljes tevékenységi körére kiterjedő minőségirányítási rendszert működtet. A rendszer alapja a DPD nemzetközi, sztenderdeket meghatározó kézikönyve és a belső folyamatokat leíró dokumentációja. A rendszer szabályozott folyamatokon keresztül biztosítja a minőségi mérőszámok rendszeres nyomon követését és dokumentálását. A DPD mindent megtesz azért, hogy szolgáltatásai a jogszabályoknak maradéktalanul megfeleljenek, illetve az ÁSZF-ben és/vagy egyedi szerződésekben vállalt kötelezettségeit teljesítse. ",2
"25. A Fogyasztó a termékoldalon a „Kosárba” gombra kattintva helyezheti a terméket a virtuális kosarába. A termék „Kosárba” helyezése még nem jelenti a termék Fogyasztó általi lefoglalását, az ajánlat elküldését, így fizetési kötelezettséget sem keletkeztet a Fogyasztó oldaláról.",4
"6.3. Az elállási jog gyakorlására nyitva álló idő attól a naptól számított 14 nap elteltével jár le, amelyen Felhasználó, vagy az általa megjelölt, a fuvarozótól eltérő harmadik személy a terméket átveszi. Amennyiben Felhasználó élni szeretne elállási jogával, annak jelzését megteheti Szolgáltató elérhetőségeinek valamelyikén írásban. Postai úton írásban történő jelzés alkalmával a postára adás időpontját vesszük figyelembe, postai úton történő jelzés esetén ajánlott küldeményként, csomagként való jelzést fogad el Szolgáltató. A megrendelt terméket postai úton, vagy futárszolgálat segítségével juttathatja vissza Felhasználó Szolgáltató részére.",2
"Mindennemű, az eredetitől eltérő teljesítés (beleértve a pótmunkát is) csak a Megrendelő vagy képviselőjének előzetes írásbeli nyilatkozata alapján végezhető el. Ennek hiányában a Vállalkozó a saját kockázatára és felelősségére teljesíthet a jóváhagyott tartalomtól eltérően. ",2
"A Szolgáltató követelheti a termék jellegének, tulajdonságainak és működésének megállapításához szükséges használatot meghaladó használatból eredő értékcsökkenés, illetve ésszerű költségeinek – ha szolgáltatásnyújtásra irányuló szerződés teljesítését a Fogyasztó kifejezett kérésére a határidő lejárta előtt megkezdte és gyakorolja felmondási jogát – megtérítését.",1
"3.11 Azon megbízások teljesítését, melyek rögzítése közben valamely technikai probléma merül fel, és ezáltal a megbízás megerősítése és/vagy végrehajtásának visszaigazolása elmarad, a Bank jogosult megtagadni.",2
3.3.3.1. Közös feltételek,3
"A Rendezvényt mindenki csak a saját felelősségére látogathatja. Bár a Rendezvényszervező minden tőle elvárhatót megtesz a Rendezvény biztonságos lebonyolítása érdekében, a Szolgáltató az esetlegesen felelőtlenül viselkedő látogatók miatt felelősséget nem vállal. Bódultság, kábítószer- vagy egyéb tudatmódosító szer hatása alatt a Rendezvény még érvényes Belépőjegy felmutatása mellett sem látogatható.",3
"Az Ön felelőssége, hogy az alábbiakat megoldja: kormány/kormányszár/pedál meghúzás; személyre szabott beállítás (ülés állítás/húzás kormány/fékkar/váltókar szög állítás); gyerek kerékpár oldalkerék felrakás/meghúzás; egyes kiegészítők felszerelése pl. kosár. Az ajándék videók sok magyarázatot adnak a kormányhoz/pedálhoz, hogy NE legyen akadály annak, akitől nem áll távol egy csavar meghúzása. Amire szüksége lehet: 12-15 villáskulcs, 4-6 imbuszkulcs, ha szeretne tőlünk szerszámot vásárolni, jelezze a rendelés megjegyzésnél.",4
"Székhely: 1097 Budapest, Könyves Kálmán krt. 36.",4
"0 Ft-os ár, - kedvezménnyel csökkentett, de a helyes eredeti ár mellett szereplő helyes kedvezményszázalékhoz képest tévesen feltüntetett ár (pl.: az 1000 Ft-os Áru esetén a 20 %-os kedvezmény feltüntetése mellett a helyes 800 Ft helyett a hibás számítás alapján, nem a százalékos mértéknek megfelelően csökkentett, helytelenül 500 Ft-ért kínált Áru).",2
"Licitáló: az a Felhasználó, aki licitál - elektronikus úton vételi ajánlatot tesz - egy olyan tranzakciós folyamatban megjelent Termékre, amelyet a Vaterán az Eladó aukció keretében kíván értékesíteni;",3
Az adatkezelés jogalapja: a hírlevélre feliratkozás az érintett önkéntes hozzájárulása.,2
"14.1 A jelen ÁSZF rendelkezései 2018. május 13. napjától visszavonásig, illetve a módosítások hatályba lépéséig maradnak hatályban.",2
"Panaszt szóban, a telefonos Ügyfélszolgálat nyitvatartási idejében telefonon, vagy személyesen a DPD ügyfélszolgálatán (nyitvatartási idejében) keresztül, vagy írásban a DPD központi e-mail címén, vagy a DPD honlapján található űrlap kitöltésével lehet bejelenteni.   ",4
"a) az elektronikus fizetési eszköz kikerült a birtokából,",4
"A Vatera Vevővédelem a kereskedői fiókkal rendelkező eladó Felhasználók általi termékértékesítésekre nem vonatkozik, a közöttük és a fogyasztónak minősülő magánszemély vevők között kötött ügyletekre a fogyasztóvédelmi előírások irányadók.",4
a) Az ÁSZF-et a Szolgáltató a honlapon könnyen letölthető módon bocsátja rendelkezésre;,4
"4. A BKK Zrt. tájékoztatja a Felhasználót, hogy a megkötendő Szerződés elektronikus szerződésnek minősül.",4
"6.4. Az elállási jog gyakorlása esetén a Felhasználót az áru visszajuttatásának költségén kívül más költség nem terheli, Szolgáltató azonban követelheti a nem rendeltetésszerű használatból adódó anyagi kár megtérítését.",3
"2.2.12.4. A Bank ellenőrzi, hogy a Rendelkező jogosult a másodlagos számlaazonosító ilyenként való használatára, regisztrációjára, vagy egy bejelentett másodlagos számlaazonosító törlésére.",3
"A speciális fizetési mód igénybevétele esetén a Páciens kitölti a Speciális fizetési móddal kapcsolatos „Tájékoztató” -t, és a speciális fizetési módra vonatkozó rendelkezéseket, továbbá az ellátási folyamatot magára nézve kötelezőnek ismeri el.",3
"3.1.8. A Bank nem felel, ha a rendelkezésére álló eszközökkel az elvárható gondosság tanúsítása mellett sem volt képes felismerni a megbízás hitelesítése, vagy a személyazonosításra használt okiratok hamis, vagy hamisított voltát.",3
"2.2.11. A Bank nem felel az olyan hamis vagy hamisított személyazonosításra szolgáló okirat, meghatalmazás, aláírás elfogadásából eredő károkért, melynek hamis vagy hamisított voltát körültekintő vizsgálattal sem lehet felismerni.",4
"85. Amennyiben a termék árával kapcsolatban kételye merül fel, kérjük, jelezze ezt az Alza ügyfélszolgálata felé, és amennyiben valóban hiba történt, az Alza rövid időn belül tájékoztatja a termék helyes áráról.",4
"2.1.18. A Bankszámlaigényléssel egyidejűleg, illetve a Bankszámlajogviszony fennállása alatt Számlatulajdonos jogosult a Bankszámlához kapcsolódó szolgáltatások igénylésére, igénybevételére, az igénybevett szolgáltatások tekintetében módosítás kezdeményezésére az adott szolgáltatásra vonatkozó Pénzforgalmi ÁSZF-ben meghatározott módon és keretek között. Amennyiben Számlatulajdonos, a kapcsolódó szolgáltatás szerződési feltételeinek ismeretében annak igénybevételére irányuló szerződéskötési szándékát írásban, vagy az igénybe venni kívánt szolgáltatásra vonatkozó Általános Szerződési Feltételekben meghatározott egyéb módon a Bank tudomására hozza – és az igény elfogadását a Bank írásban visszaigazolja – Felek az adott szolgáltatásra vonatkozó Szerződést Felek írásban megkötött szerződésnek tekintik, illetve olyan szerződés tekintetében, ahol Felek adott szolgáltatás tárgyában már rendelkeztek, a Bank visszaigazolása a szerződés hatálybalépését eredményezi, Felek annak rendelkezéseit magukra nézve kötelezően elfogadják.",0
"2.6.2.3. A Számlatulajdonos tudomásul veszi, hogy a letéti számla vezetéséért, és a kapcsolódó tranzakciókért a Bank díjat számít fel, amit a mindenkor hatályos Pénzforgalmi Bankszámla Hirdetmény tartalmaz.",4
"A 45/2014. (II. 26.) Korm. rendelet értelmében a fogyasztónak minősülő vásárló (jelen 13. pont értelmezése során a továbbiakban: „vásárló”) indoklás nélkül elállhat a vásárlástól a kézhezvételtől (termék átvételétől) számított 14 napon belül. A vásárló elállási jogát az erre vonatkozó egyértelmű nyilatkozat útján telefonon (0680-254-274), e-mailben (ugyfelszolgalat@libri.hu), illetőleg a 45/2014. (II. 26.) Korm. rendelet 2. számú mellékletében található nyilatkozatminta felhasználásával gyakorolhatja. Írásban történő elállás esetén elegendő az elállási nyilatkozatot a kézhezvételtől (termék átvételétől) számított 14 napon belül elküldeni a Szolgáltató részére. A nyilatkozatmintát ide kattintva töltheti le.",2
"2.2.12.10. A Bank a Számlatulajdonos azon fizetési számlájának megszűnését, amelyhez másodlagos számlaazonosítót rendelt, haladéktalanul bejelenti a Központi adatbázis működtetését végző szervezetnek.",4
b. a Fogyasztó az Alza Fiókján belül a „Fiók törlése” lehetőség kiválasztásával törölheti a felhasználói fiókját.,4
"A Megrendelő a Vállalkozót a hibás teljesítés észlelésekor haladéktalanul írásban értesíti, feltüntetve a hibás mű(részek) listáját, valamint a felmerült hibákat. Ha a szemle, vagy műszeres vizsgálat eredményeként ",4
"Páciens köteles az elérhetőségi adataikban bekövetkezett változásról a változást követő legkésőbb 2 napon belül a Szolgáltatót tájékoztatni. A Szolgáltató az adataiban bekövetkezett változásokat mindenkor a honlapján teszi közzé. Szolgáltató részéről kellő, elégséges tájékoztatásnak minősül a webes felületén való közzététellel. E kötelezettség elmulasztása esetén a mulasztó felet terheli az értesítés elmaradásából eredő minden hátrányos következmény.",2
"2/10. A jelen Általános Felhasználási Feltételekre és a Vaterán kifejtett tevékenységre a magyar jog irányadó, kivéve, ha a felhasználók egymás közötti tranzakciójuk során más joghatóságot kötnek ki, vagy a tranzakcióra nem a magyar jog irányadó.",4
"A Helyhez kötött internet-hozzáférés szolgáltatásra vonatkozó részletes leírást, a szolgáltatás egyes típusait, és a
további információkat, a szolgáltatás igénybevételének különös műszaki, tárgyi feltételeit és módját, valamint
esetleges korlátait az ÁSZF 1. számú melléklete tartalmazza.",3
"A szolgáltatás igénybevétele előzetes bejelentkezés és időpontfoglalás után lehetséges. A szolgáltató az egészségügyi ellátást megelőzően telefonon időpont megerősítést kér a Pácienstől. Amennyiben a páciens az általa megadott telefonszámon nem elérhető, úgy a Szolgáltató a lefoglalt rendelési időpont törlésére jogosult. A szolgáltató három egymást követő alkalommal, egymástól legalább 20 perces távolságban lévő telefonhívással igyekszik biztosítani az időpont megerősítését.",4
"Mobil szolgáltatás estében a Szolgáltatás igénybevételéhez szükséges Előfizetői SIM Kártya
Előfizető általi átvételével és az átvétel tényét tanúsító elismervény Előfizető általi aláírásával,",2
"A DPD jogosult egynemű és lejárt követeléseit az Ügyfél igényeivel szemben beszámítani, és jogosult a hatályos jogszabályok szerint visszatartási, és zálogjogot érvényesíteni. A DPD akkor is jogosult zálogjogot érvényesíteni, ha jogos és lejárt követelései nem az adott csomagok szállításából, hanem korábbi szállításokból ered. ",3
"c. a vásárlás nem érte el az előre megszabott minimum összeget, amikor a kedvezménykupont felhasználták; ",4
"2. Felek megállapodnak, hogy jelen ÁSZF-ben szabályozott valamennyi kérdést – ideértve a szerződés érvényességére, valamint a szerződéses kikötések, nyilatkozatok, megállapodások és kötelezettségek kérdését is – a magyar jog szabályainak alkalmazásával kell eldönteni. A jelen ÁSZF-ben kifejezetten fel nem jogosított harmadik személy a jelen ÁSZF-ben kikötött szolgáltatás követelésére nem jogosult.",2
"Pl. csapágy/külső gumi/fékbetét/lánckerék kopás, láncnyúlás. Jó tudni: a természetes kopást az alábbiak befolyásolják: megtett km, út minősége, út szintkülönbsége, karbantartás, időjárás, felhasználási terület, kerékpáros súlya táskával együtt, váltó helyes használata.",4
"3.1.9. A Bank saját megítélése alapján jogosult, de nem köteles a megbízás Ügyféltől való származásának és valódiságának ellenőrzése céljából a teljesítés előtt az Ügyfelet telefonon megkeresni a benyújtási csatornától függetlenül. A Bank által az előírásoknak egyébként tartalmilag és formailag megfelelőnek ítélt megbízások esetén a Bankot nem terheli felelősség az ilyen biztonsági célú megkeresés elmulasztásáért, vagy az abból eredő kárért, amely az Ügyfél elérhetőségének hiányából, vagy az Ügyfél általi késedelmes visszajelzésből adódnak.",3
"33. Abban az esetben, ha a Hitelfevevő egységes, osztatlan képzésben vesz részt és a képesítési követelmények szerint a képzési idő meghaladja a 11 tanulmányi félévet, a Hitelfevevő jogosultsági ideje megegyezik a képzési idővel, de így sem haladhatja meg a 14 tanulmányi félévet. A felsőoktatásban a tanulmányaikat 2006. szeptember 1. napja előtt megkezdő és a felsőoktatási intézmények által elfogadott tantervi követelmények alapján a korábbi képesítési követelmények szerint folytató Hitelfevevők jogosultsági ideje – ha az egyetemi képzési idejük meghaladja a 11 tanulmányi félévet – az egyetemi alapképzés szerinti szak képesítési követelményében meghatározott képzési idő tanulmányi hónapokban kifejezett mértékének időtartamával egyezik meg.",2
"A vállalkozás jótállási kötelezettsége alól csak abban az esetben mentesül, ha bizonyítja, hogy a hiba oka a teljesítés után keletkezett.",4
"3.1.1. A Szerződés a Felek általi cégszerű aláírással jön létre. A Szerződés cégszerű aláírásával az Üzletszabályzat, az ÁSZF és a Hirdetmény vonatkozó részei minden további nyilatkozat vagy feltétel nélkül, automatikusan a Szerződés részévé válnak. Szerződés megkötése előtt a Bank a Szerződés egy példányának Számlatulajdonos részére papíron történő átadásával, vagy Tartós adathordozón való megjelenítésével, valamint az Ügyfelek számára nyitva álló helyiségben az Üzletszabályzat, az ÁSZF és a Hirdetmény közzétételével tesz eleget jogszabályi előzetes tájékoztatási kötelezettségének.",4
"7. Az Alza a Fogyasztók tájékoztatása érdekében könnyen érthető információs oldalakat is készít, lásd például a Szállítási Információk és Fizetési Lehetőségek oldalakat. A jelen ÁSZF-ben megjelölt, vagy hivatkozott tájékoztatási aloldalakon a szerződéskötés időpontjában megjelenített információk a jelen Fogyasztói ÁSZF részét képezik, és ekképpen az Alza és a Fogyasztó között létrejövő szerződés részét képezik.",2
"8. Az OTP Bank Nyrt. a nem Magyarország területén, és nem Magyarország joghatósága alatt készült meghatalmazást a III.8-9. pontban meghatározott formában fogad el. Az OTP Bank Nyrt. a külügyekért felelős miniszter által arra felhatalmazott konzul készítette konzuli tanúsítványt, valamint az arra felhatalmazott tiszteletbeli konzul által készített konzuli tanúsítványt Magyarország területén kiállított okiratnak tekinti.",0
9. A teljesítés ellenértéke,2
"A szerződés megszüntetése esetén a fogyasztó tartózkodik a digitális tartalom vagy a digitális szolgáltatás használatától és ezek elérhetővé tételétől harmadik személy számára. Ha a digitális tartalom szolgáltatása fizikai adathordozón történt, a fogyasztó a Szolgáltatónak a megszüntetésről való tudomásszerzéstől számított tizennégy napon belül közölt kérésére, a Szolgáltató költségére köteles a fizikai adathordozót késedelem nélkül visszaszolgáltatni. A fogyasztó a digitális tartalomnak vagy a digitális szolgáltatásnak a szerződés megszüntetését megelőző időszakra vonatkozó használatáért a szerződésszerűen teljesített szolgáltatással arányos díjat köteles fizetni. (373/2021. (VI. 30.) Korm. rendelet 26. §)",1
"Rendszeres karbantartás: a Szolgáltató azon technikai eszközeinek üzemképes állapotban tartására vonatkozó karbantartási tevékenysége, amely biztosítja a karbantartás hatására a minőségi célértékek elérésének folyamatos fenntartását, beleértve a hálózat felújítását is. A Rendszeres karbantartás biztosítja az üzemelés hatására fokozatosan csökkenő üzembiztonság időszakonkénti növelését, lassítva ezzel a technikai eszközök elhasználódásának folyamatát.",3
"A csomagoláson feltüntetett figyelemfelkeltő jelöléseket a DPD munkatársai a rakodásnál igyekeznek figyelembe venni, de esetleges sérülés esetén a kártérítési felelősség nem száll át a szolgáltatóra.  ",4
"A Felek - a közérdekű adatszolgáltatás teljesítésére vonatkozó jogszabályi kötelezettségeken túlmenően – a Szerződés tartalmáról, továbbá a teljesítés során felmerült bármely tényről, körülményről és egyéb információról kizárólag a másik Féllel előzetesen írásban egyeztetett módon adnak harmadik személyek részére, beleértve a médiát is, hivatalos tájékoztatást. A jelen rendelkezés nem vonatkozik a Megrendelő tulajdonosa(i) és kapcsolt vállalkozásai részére, illetve a Felek hatályos jogszabályok alapján adott tájékoztatására. ",1
"Amennyiben az Előfizető hitelképességének vizsgálata nem lehetséges, úgy kizárólag a Mobil szolgáltatás
keretében Előre Fizetett Díjú Előfizetői Szerződés megkötésére van lehetősége. Lejárt tartozás esetén a
Szolgáltató az Előfizetővel Utólag Fizető Előfizetői Szerződést nem létesít.",3
"Ha a Vállalkozó a Szerződés teljesítése folyamán bármikor olyan helyzetbe kerül, amely megakadályozza a Szerződés megfelelő időben történő teljesítését, haladéktalanul írásban közölnie kell a Megrendelő felé a késedelem tényét, várható időtartamát és okait, valamint egyidejűleg köteles egy olyan póthatáridőt megjelölni, amelyen belül teljesíteni tud. A Megrendelő az írásbeli bejelentés kézhezvételét követően saját belátása szerint jogosult a teljesítésre póthatáridőt meghatározni. ",4
"10.8 Az Ön fizetési kötelezettségei teljes mértékben teljesülnek, amint a megállapodás szerinti ár kifizetése beérkezik. A rendelési összesítőt a weboldalunkról töltheti le.",3
"Amennyiben az arra jogosult nem érvényesíti igényét, a Vatera jogosult az igény érvényesítésére.",4
"6.4. A Felhasználó a termék feletti tulajdonjogot a termék vételárának, szállítási költségének megfizetésével és a termék birtokának átvételével szerzi meg.   ",4
• Az előzetesen lefoglalt időpontot lemondani a rendelés megkezdése előtt minimum,4
"a.d) a Hitelfevevő állampolgársága,",4
"1.2. Jelen ÁSZF szempontjából felhasználó minden olyan személy, aki megtekinti valamely Weboldalt, illetve aki hirdetést helyez el, aki terméket kínál eladásra, vagy aki termék megvételére ajánlatot tesz, azaz hirdetésre jelentkezik (a továbbiakban: Felhasználó). A Felhasználók között az alábbi kategóriákat különbözteti meg Üzemeltető a jelen ÁSZF-ben:",4
"5. Az OTP Bank Nyrt. jogosult meggyőződni az Ügyfél képviselőjének képviseleti jogáról. E célból kérheti, hogy az Ügyfél képviselője képviseleti jogát hitelt érdemlően igazolja. Az OTP Bank Nyrt. a hozzá bejelentett képviselőket mindaddig az Ügyfél képviselőjének tekinti, amíg a képviseleti jog visszavonásáról vagy annak egyéb módon történő megszűnéséről szóló írásbeli értesítés az OTP Bank Nyrt. megfelelő szervéhez be nem érkezik. Amennyiben a képviseleti jogot igazoló okiratból kétséget kizáróan ki nem tűnik, úgy a képviselő képviseleti jogának korlátozása – jogszabály ellenkező rendelkezése hiányában – az OTP Bank Nyrt.-vel szemben hatálytalan.",1
"2. Az okmányok kiszolgáltatása és fizetés esetén az OTP Bank Nyrt. annak teljesít, akit iratainak megvizsgálása alapján az okmányok, illetve a fizetés elfogadására jogosultnak tart.",3
3. Szolgáltatás igénybevételére vonatkozó általános rendelkezések,4
"11.6. Szolgáltató fenntart magának minden jogot a webáruház, annak bármely részlete és az azon megjelenő tartalmak, valamint a webáruház terjesztésének tekintetében. Tilos a webáruházban megjelenő tartalmak vagy azok bármely részletének letöltése, elektronikus tárolása, feldolgozása és értékesítése a Szolgáltató előzetes, írásos hozzájárulása nélkül.",4
"Előfizető a személyes adatokban történő változást a Szolgáltató felé az Adatváltozás-kezelési Szolgáltatás
honlapján (https://e-bejelento.gov.hu/) keresztül is megteheti. Az ingyenes e-bejelentő szolgáltatás elektronikus
ügyintézési formában és személyesen a kormányablakokban is elérhető. Az e-bejelentő szolgáltatásainak
igénybevétele regisztrációhoz kötött. A regisztráció feltétele, hogy az Előfizető rendelkezzen elektronikus
ügyféltárhellyel (KÜNY-tárhellyel). A Szolgáltató az Előfizető sikeres beazonosítása esetén gondoskodik az
Adatváltozás-kezelési szolgáltatás keretében átvett adatoknak saját nyilvántartásában való átvezetéséről, valamint
az Előfizető esetleges további teendőiről, ideérve azt is, ha a nyilvántartásában történő átvezetése bármely okból
akadályba ütközik, az adatváltozás bejelentését követő 15 munkanapon belül közvetlenül írásban (e-mailben vagy
postai levélben) értesíti az Előfizetőt.",1
"9.1 Megbízó felel minden olyan hibáért és kárért, amely az általa leadott megrendelés (ábrák, grafikák, emblémák stb.) rossz minőségéből vagy hiányosságából fakad.",4
"Amennyiben az Előfizető nem megfelelő Eszközt használ, vagy ha az Eszköz konfigurációját átállítja és ezzel saját
magának, Szolgáltatónak vagy harmadik félnek kárt okoz, úgy az az Előfizető érdekkörében felmerült
károkozásnak minősül, Szolgáltató a károkozásokért nem felelős, az Előfizető köteles az okozott kár ellenértékét
a károsultnak megfizetni, és amennyiben az okozott kár megtérítése érdekében harmadik fél a Szolgáltatóval
szemben lép fel kártérítési igénnyel, úgy a Szolgáltató jogosult a kártérítési összeget Előfizetőre áthárítani. Az
Előfizető saját maga által üzembe helyezett Eszköz meghibásodásából, vagy az Előfizető által javított Eszköz nem
megfelelő működéséből eredő szolgáltatáskiesés kapcsán a Szolgáltató felelőssége ugyancsak kizárt.",2
"2.3. A Kedvezményezett  a pályázat a benyújtásakor nyilatkozatot tett az általános forgalmi adó
(ÁFA) levonásának jogosultsága, illetőleg az  adóteher áthárítása tárgyában , továbbá
kötelezettséget vállal arra, hogy az e vonatkozásban bekövetkezett változás t a tudomására
jutástól számított 8 napon belül az EPER -ben, egy módosítási kérelem benyújtásával
bejelenti a Lebonyolítónak.",2
"12.7 Amennyiben törölne olyan megrendelést vagy visszaküldene olyan árukat, amelyekhez Zalando ajándékkártyát váltott be, akkor a kifizetett összeg visszatérítésre kerül a Zalando ajándékkártyára és elérhetővé válik későbbi vásárláshoz. Amennyiben olyan árukat küld vissza, amelyekért részben Zalando ajándékkártyával fizettek, akkor a minden megtartott, Zalando ajándékkártyával való vásárlásra jogosult áruért járó vételár először a Zalando ajándékkártya beváltásával kerül kifizetésre és a fennmaradó visszatérítendő összeg – ha van ilyen – a többi alkalmazott fizetési módra kerül visszatérítésre.",1
"Nem állapítható meg hibás teljesítés, ha a szerződés megkötésekor a fogyasztó külön tájékoztatást kapott arról, hogy a digitális tartalom valamely konkrét tulajdonsága eltér az itt meghatározott követelményektől, és a szerződés megkötésekor a fogyasztó ezt az eltérést külön, kifejezetten elfogadta.",4
2.1. A Weboldalak használata kizárólag a jelen ÁSZF-ben meghatározott feltételeknek megfelelő formában és a jogszabályi rendelkezéseket maradéktalanul betartó módon történhet.,4
"3.8 A Bank a szolgáltatás igénybevételével végrehajtott tranzakciók teljesítéséről e-bank szolgáltatás esetén, a bankszámla kivonaton értesíti az Ügyfelet.",2
"Az áruk megfelelőségének szavatolására vonatkozó termékszavatosságra, kellékszavatosságra, jótállásra vonatkozó tájékoztatás fogyasztói szerződésekre vonatkozóan",4
"Műszaki előminősítés: az a folyamat, amelynek során a Szolgáltató az Előfizetővel való szerződéskötés előtt egy, a Szolgáltató által üzemeltetett műszaki előminősítő rendszer segítségével és a műszaki nyilvántartását figyelembe véve információt ad arról, hogy egy adott területen a Szolgáltató mely Előfizetői szolgáltatásokat képes létesíteni és nyújtani.",3
c) a Bank által egyoldalúan (7. pont).,4
A Diákhitel Direkt mobil alkalmazásban indított hiteligénylés esetén papíralapú szerződéskötési mód nem választható.,3
"Az Üzletszabályzat 31.1. d) pontjában megjelölt, Magyarország területén szabad mozgás és tartózkodás jogával rendelkező személy esetében a DH1 Hitelszerződés érvényes létrejöttének különös feltétele továbbá, hogy a Hitelfevevő a DH1 Hiteligénylési Adatlapon a tartózkodás jogát igazoló okmányával kapcsolatos, az Üzletszabályzat 47. d) pontjában meghatározott adatokat is feltüntesse.",1
Mindkét esetben a Szolgáltató emailben haladéktalanul visszaigazolja a Fogyasztó elállási nyilatkozatának megérkezését.,4
"1.3.10. A megrendelés elektronikus úton megkötött szerződésnek minősül, amelyre a Polgári Törvénykönyvről szóló 2013. évi V. törvény, az Elektronikus Kereskedelmi Szolgáltatások, valamint az információs társadalommal összefüggő szolgáltatások egyes kérdéseiről szóló évi CVIII. törvényben foglaltak irányadók.",0
"e) A Szolgáltató az Előfizető szerződés megkötéséhez alkalmazott, távollévők közötti kommunikációt lehetővé tévő eszköz használatával összefüggésben díjat nem számít fel.",3
"A teljesítés lehetetlenülése esetén a Szolgáltató Felhasználót erről haladéktalanul tájékoztatja, és ha a rendelés jellege alapján és annak során erre sor került volna, az előre kifizetett ellenértéket a tájékoztatást követően, legkésőbb 14 napon belül visszautalja. A visszautalással kapcsolatban Felhasználót semmilyen többletköltség nem terheli.",4
"3.14 Az Ügyfél köteles az általa adott megbízások szükséges fedezetének a teljesítés időpontjában történő rendelkezésre állásáról gondoskodni, ideértve a megbízások teljesítése esetére felszámítandó azon mindenkori díjak, költségek összegét is, melyek a megbízás teljesítésével egyidejűleg esedékesek. Amennyiben a megbízások költségeinek fedezetére az ügyfél számlája nem szolgál megfelelő fedezetül, a Bank jogosult a megbízás teljesítését visszautasítani.",2
"13.3. Az Okiratban nem vagy nem kellő részletességgel szabályozott kérdések tekintetében a
jelen ÁSZF, valamint a magyar jog szabályai – elsősorban a Nemzeti Tehetség Program
finanszírozásáról szóló 104/2015. (IV.  23.) Korm. rendelet,  az Áht. , az Ávr.,  a fejezeti
kezelésű előirányzatok és központi kezelésű előirányzatok kezeléséről és felhasználásáról
szóló 10/2023 (X. 16.) KIM  rendelet , valamint a Polgári Törvénykönyvről szóló 2013. évi V.
törvény irányadóak.",0
"Az Eladó és a Vevő a Vatera Szállítás igénybevételéhez köteles a szállításhoz szükséges adatokat megadni. A Vatera az Eladó választása szerint, amelyet az Eladó a felhasználói fiókjában („Eladás” menüpont alatt) az adott megrendelt Termék kapcsán egyedileg jelezhet, a Termék elküldéséről, valamint a vételár Eladóhoz történő megérkezéséről értesítést küld a Vevőnek.",4
"5.4. Az Eladó köteles gondoskodni az áru jellegének megfelelő, annak sérülésmentes szállítását és tartós tárolását biztosító csomagolásról.",3
"A Küldemény átvevője köteles az átvételkor a Küldeményt a futár jelenlétében megvizsgálni és a Küldemény külső csomagolásán észlelt, felismerhető sérülések esetén ezt a tényt a futárnak jelezni. Ez esetben a Küldemény, mint sérült Küldemény kerül kézbesítésre. A tényleges kárigényt a jogosult a jelen ÁSZF-ben leírt folyamat szerint haladéktalanul, de legkésőbb 3 munkanapon belül köteles bejelenteni a DPD felé. Az átvevő köteles minden ésszerű intézkedést megtenni a kár enyhítése érdekében. ",3
"X.4. Az Ügyfél köteles az ajándékkártyát a készpénzhez hasonlóan körültekintően kezelni. Az ajándékkártya elvesztése, eltulajdonítása vagy sérülése esetén a kártya és az azon lévő követelés nem kerül pótlásra. Az ajándékkártya zárolása nem lehetséges. Az INTERSPORT és/vagy mindegy egyéb elfogadóhely jogosult az ajándékkártya mindenkori birtokosát mentesítve teljesíteni. Az INTERSPORT nem tartozik felelősséggel azokért a veszteségekért, amelyek az ajándékkártya használata során végrehajtott jogosulatlan vásárlásokból adódnak.",3
"3.4. A Bank lehetővé teszi a Hitelkártya birtokos számára, hogy Megújított hitelkártyáját a lejáró Hitelkártya érvényességi idején belül megkaphassa.",4
"A Vállalkozó a Szerződés hatálya alatt és az azt követő egy évig semmilyen jogviszony keretében nem foglalkoztathatja a Megrendelő munkavállalóit, kivéve, ha a Megrendelő előzőleg írásban ehhez beleegyezését adta. ",4
"28. Teljesítményként a finanszírozási szerződésben meghatározott és ténylegesen teljesített szolgáltatás számolható el a Társadalombiztosítási Azonosító Jel feltüntetésével, amennyiben annak megtérítésére jogszabály alapján a Finanszírozó köteles. Ismeretlen, Társadalombiztosítási Azonosító Jellel és a személyi azonosítására szolgáló adatokkal sem rendelkező személy ellátása esetén a jelentés megküldése és a finanszírozási díj utalványozása a jogszabályban meghatározott feltételek szerint történik.",3
"▪ EU/EGT tagállamon kívüli országból származó külföldi természetes személy esetén: külföldi hatóság által kiállított útlevél és érvényes vízum, vagy külföldi hatóság által kiállított útlevél és magyarországi tartózkodásra jogosító okmány (pl. tartózkodási engedély, kártya formátumú, fényképes regisztrációs igazolás), vagy magyar hatóság által kiállított személyazonosító igazolvány és lakcímet igazoló hatósági igazolvány. - a szerződéskötést megelőzően bemutassa, arról a pénzmosás és a terrorizmus finanszírozása megelőzéséről és megakadályozásáról szóló 2017. évi LIII. törvényben (Pmt.) foglaltaknak megfelelően a Bank másolatot készítsen, és a Számlatulajdonos személyesen történő számlanyitás esetén a bankszámla feletti rendelkezéshez szükséges aláírás mintáját megadja.",2
"4.15 Az új e-bank azonosító kártya az átvételi értesítés és – amennyiben volt e-bank azonosító kártya - a lejárt azonosító kártya Banknak történő visszaszolgáltatatása ellenében, valamint az esetlegesen keletkezett valamennyi tartozás egyidejű rendezését követően vehető át.",0
"5.3 Az üzemeltető köteles haladéktalanul értesíteni a Bankot az olvasó megrongálódásáról, meghibásodásáról, elvesztéséről, ellopásáról, illetve minden egyéb az olvasót érintő eseményről.",4
4. A Jelen ÁSZF első közzétételének napja 2023. november 3.. A jelen ÁSZF a címlapon rögzített időponttól hatályos és határozatlan ideig szól.,3
"13.9 Lakossági Felhasználóval szemben, ha szerződésszegése esetén a szolgáltatás felfüggeszthető lenne, a BKM NONPROFIT Zrt. felfüggesztés helyett a Szerződés szerinti fűtési hőellátáshoz szükséges hőmennyiség 50%-át csökkentett mértékű szolgáltatásként biztosítja. A használati melegvíz-szolgáltatási célú távhőszolgáltatás teljes mértékben megszüntethető.",4
"9. A Szolgáltató havonta a finanszírozásra jogosító jogcímen jelentett és elszámolható szolgáltatások után, illetve egyes ellátási területeken a finanszírozási szerződésben rögzített, a finanszírozás alapjául szolgáló adatok alapján a jogszabályban meghatározott elszámolási szabályok szerinti díjra (a továbbiakban: finanszírozási díj) jogosult.",3
"Eladó visszatarthatja az Áru átadását, ameddig nem győződik meg arról, hogy az Áru árának kifizetése sikeresen megtörtént az elektronikus fizetési megoldás használatával (ideértve azt az esetet is, amikor az átutalással fizetett Áru esetén Vevő a tagállama szerinti pénznemben utalja el a vételárat és az átváltás, valamint a banki jutalékok, költségek miatt Eladó nem kapja meg teljes mértékben a vételár és a szállítási díj összegét). Amennyiben az Áru ára nem került teljes mértékben kifizetésre, az Eladó a vételár kiegészítésére hívhatja fel a Vevőt.",3
"E-könyvek: Szolgáltató webáruházában e-könyvek letöltésére is lehetőséget biztosít a szolgáltatás ellenértékének megfizetése (vásárlás) esetén. Az e-könyvek listanézetben és a termékoldalon e-könyv ikont és feliratot tartalmazó címkével vannak jelölve a webáruházban. Az e-könyvek a kosárba tétel után más digitális adattartalomra vonatkozó szolgáltatással („virtuális termékkel”) azonos módon, azoktól függetlenül vagy azokkal egy kosárban, a (fizikai) termékektől külön, kizárólag online előre fizetéssel és elektronikus számlázással rendelhetőek meg. Az e-könyv a megrendelés befejezése után néhány percen belül letölthetővé válik a Felhasználó profiljából elérhető E-könyveim menüben feltéve, és azt követően, ha a Felhasználó kifejezetten, előzetesen beleegyezett a lejátszás megkezdésébe, és a Felhasználó e beleegyezésével egyidejűleg nyilatkozott annak tudomásul vételéről, hogy a teljesítés/lejátszás vásárlástól számított 14 napon belül történő megkezdése esetén elveszíti a fogyasztó és a vállalkozás közötti szerződések részletes szabályairól szóló 45/2014. (II. 26.) Korm. rendelet 20. §-ában foglalt felmondási jogát. Az e-könyvek kizárólag regisztrált Felhasználók számára elérhetőek. Az e-könyvek a felhasználási jog időtartama alatt, de minimum a vásárlástól számított 12 hónapig érhetőek el és tölthetőek le a felhasználói fiókból, kivételt képez ez alól, ha bírósági döntés, vagy más jogi ok miatt kell megszüntetni, felfüggeszteni, vagy korlátozni a forgalmazást, hozzáférést.",2
"6. Termék: minden birtokba vehető, forgalomképes ingó dolog",4
"60. Az Alza célja, hogy az általa forgalmazott termékeket és szolgáltatásokat a Fogyasztóknak, mint végfelhasználóknak értékesítse, ezért a Webáruházban, illetve bármely más értékesítési csatornán keresztül az Alzától vásárolt termékek Fogyasztó általi kereskedelmi célú továbbértékesítése nem megengedett. Az Alza fenntartja magának a jogot, hogy azon Fogyasztó szerződéses ajánlatát visszautasítsa, amely esetén megalapozott gyanú merül fel arra, hogy az ajánlattétel célja a kereskedelmi célú továbbértékesítés. Az ajánlattétel elutasításáról az Alza e-mail útján értesíti a Fogyasztót. Az Alza ezenkívül fenntartja magának a jogot, hogy azon Fogyasztó részére is megtagadja a további termékértékesítést és jelen ÁSZF 64. és 65. pontjában felsorolt szankciókat alkalmazza, akiről bebizonyosodik, hogy az Alzától vásárolt termékek kereskedelmi célú tovább-értékesítését végzi.",2
"8. Az OTP Bank Nyrt. nem Magyarország területén, illetve nem Magyarország joghatósága alatt kiállított közokiratot - nemzetközi szerződés eltérő rendelkezése hiányában – kizárólag diplomáciai felülhitelesítéssel ellátott vagy a külföldön felhasználásra kerülő közokiratok diplomáciai vagy konzuli hitelesítésének (felülhitelesítésének) mellőzéséről Hágában, az 1961. október 5. napján kelt egyezmény kihirdetéséről szóló 1973. évi 11. törvényerejű rendelet szabályai szerinti Apostille-záradékkal ellátott formában fogad el.",1
"A Vásárló tudomásul veszi, hogy az internet sajátosságai miatt a Rendszer folyamatos üzemeltetése a Szolgáltató előzetes tudta és szándéka ellenére is megszakadhat. A Szolgáltató ennek megfelelően nem garantálja a Szolgáltatás és a kapcsolódó weblap hibamentes és zavartalan működését, illetőleg, hogy a Szolgáltatáshoz való hozzáférés folyamatos vagy hibamentes lesz.",3
"• Pop up értesítések: alkalmazáson belüli értesítések. Olyan üzenetek, amelyeket a Felhasználó az alkalmazáson belül kap, miután megnyitotta azt. Ezek az értesítések célzottés kontextusfüggő üzenetek küldésére szolgálnak. Célja, a Felhasználók alkalmazáson belüli funkcióra irányítása vagy üzenet átadása. Az értesítés csak az applikációt már használó Felhasználó esetében jelenik meg. A felugró ablak ideiglenesen blokkolja az alkalmazás fő nézetével való interakciókat, megszakíthatja az alkalmazás munkafolyamatát. A Felhasználó nem tudja kikapcsolni a funkciót.",3
"A Megrendelő a Vállalkozó részére utasítást adhat. Amennyiben az utasítás szakszerűtlen, vagy annak figyelembe vétele az adott helyzetben lehetetlen vagy ésszerűtlen, erre köteles a Vállalkozó a Megrendelő figyelmét felhívni. Amennyiben a Vállalkozó ezen kötelezettségét elmulasztja, az ebből származó, a Megrendelőt ért károkért teljes körű kártérítési felelősséggel tartozik. ",3
"Kezes (Lakossági Előfizető esetén): A Kezes kötelezettséget vállal a Szolgáltató felé, hogy abban az esetben,
ha az Előfizető nem teljesíti az előfizetői jogviszonyával felmerülő fizetési kötelezettségeit, akkor maga fog az
Előfizető helyett a Szolgáltatónak teljesíteni. A Kezest az előfizetői jogviszonnyal kapcsolatban jogosultságok nem
illetik meg, az Előfizetői Szerződés tekintetében ügyintézésre nem jogosult. A Kezessel a Szolgáltató abban az
esetben veszi fel a kapcsolatot, ha az Előfizető fizetési kötelezettségét nem teljesítette, és a vele szemben fennálló
követelés megtérülése érdekében a Szolgáltató behajtási folyamatát elindította. A Kezes az előfizetői jogviszonnyal
összefüggésben a Szolgáltató által kezelt saját személyes adataihoz hozzáférhet, és azokat módosíthatja.",2
"Ha a kedvezményes elektronikus menetjegy megvásárlása az utazási kedvezményre jogosító elektronikus igazolvány kiváltásához van kötve, akkor az elektronikus igazolványhoz szükséges egyedi kódot a munkáltató bocsájtja a jogosult rendelkezésére.",2
"A szerződéstől való elállás esetén a Szolgáltató megakadályozhatja, hogy a vásárló (fogyasztó) tovább használja a digitális tartalmat, valamint a digitális szolgáltatást, különösen a digitális tartalomnak, valamint a digitális szolgáltatásnak a vásárló (fogyasztó) számára hozzáférhetetlenné tételével, vagy a vásárló (fogyasztó) felhasználói fiókjának letiltásával.",3
"6.5. Ha az eladó vállalkozás és a vevő fogyasztó, és az eladó vállalja a termék vevőhöz történő eljuttatását, a kárveszély akkor száll át a vevőre, amikor a vevő vagy az általa kijelölt harmadik személy birtokba veszi a terméket. A kárveszély a fuvarozónak történő átadáskor átszáll a vevőre, ha a fuvarozót a vevő bízta meg, feltéve, hogy a fuvarozót nem az eladó ajánlotta.",2
"Az Előfizetői Szerződés jelenlévők között Üzlethelyiségen kívül is megköthető. Az Előfizetői
Szerződés jelenlévők között, Üzlethelyiségen kívül jön létre, amennyiben az Előfizetői Szerződés
megkötésére a Szolgáltató Üzlethelyiségén kívül kerül sor és a szerződést kötő Felek, vagy azok
képviselői az Előfizetői Szerződés megkötésekor személyesen jelen vannak. Jelenlévők között
Üzlethelyiségen kívül történő szerződéskötés esetében az Előfizetői Szerződés az Előfizetői
Szerződésben foglalt feltételek Előfizető általi Ráutaló magatartással történő elfogadásával, azaz:",1
"6.1. A Kedvezményezettnek a támogatási program megvalósításáról, a támogatott tevékenység
megvalósításának szakmai vonatkozásairól, tapasztalatairól, a támogatás teljes összegének
rendeltetésszerű felhasználásáról a z Okiratban meghatározottak szerint kell elszámolnia a
pénzügyi elszámolás és a záró szakmai beszámoló (a továbbiakban együtt: beszámoló )
benyújtásával. A  beszámolót a Lebonyolító által kibocsátott és a www.nktk .hu honlapon
közzétett elszámolási útmutatóban rögzített szabályoknak és feltételeknek megfelelően kell
összeállítani.",3
"3.3. Amennyiben az ÁSZF és az Egyedi Szerződéses Megállapodás azonos tárgyú előírásai között bármilyen eltérés van, ez utóbbi rendelkezései lesznek irányadók.",2
"2.1.15. A Számlatulajdonos a keretszerződés módosítását a hatálybalépése előtt is elfogadhatja vagy elutasíthatja. Elfogadás esetén a módosítás a Bank által javasolt időpontban lép hatályba. A módosítás elutasítása a keretszerződés azonnali hatályú felmondásának minősül, amelyről a keretszerződés módosításának kezdeményezésekor tájékoztatni kell az Számlatulajdonost. Ha a keretszerződés módosítása a Bank által biztosított valamely szolgáltatás megszüntetésére irányul, a feleknek egymással el kell számolniuk, így különösen a Számlatulajdonos által előre fizetett díjakkal. Ez esetben a Bank a ténylegesen teljesített szolgáltatás arányos ellenértékére jogosult azzal, hogy a Bank az elszámolással összefüggésben díjat, költséget vagy más fizetési kötelezettséget nem számíthat fel.",1
"Az Előfizetőtől jogtalanul eltulajdonított vagy az elvesztett Eszközt (mobil rádiótelefon készüléket, USB modem, wifi
router stb.) az Előfizető írásbeli kérelmére a Szolgáltató legfeljebb egy éves időtartamra tiltó listára helyezi. Ehhez
– az írásbeli kérelem benyújtása mellett – az Előfizetőnek igazolnia szükséges a letiltani kívánt Eszköz feletti
rendelkezési jogát (pl.: IMEI számot és az Előfizető adatait tartalmazó számlával, Előfizetői, illetve a készülék
adásvételi szerződéssel stb.).",1
c) Csak a kitöltöttség ellenőrzése:,3
"a) az átvezetendő összeggel megterheli a Kincstári Számlát, és",4
"Amennyiben tudomásunkra jut bármely lehetséges szabálysértés a Feltételek Ön általi megsértése kapcsán, fenntartjuk a jogot ezen szabálysértések kivizsgálására. Ha a vizsgálat eredményeként úgy véljük, hogy bűncselekmény történt, fenntartjuk a jogot arra, hogy az ügyet bármely és minden alkalmazandó jogi hatóság felé továbbítsuk, és együttműködjünk velük. Jogunkban áll, kivéve, ha azt a vonatkozó jogszabályok tiltják, a Szolgáltatások használatával kapcsolatban birtokunkban lévő bármely információt vagy anyagot, beleértve a Felhasználói beküldéseket is, nyilvánosságra hozni, hogy (i) megfeleljünk a vonatkozó jogszabályoknak, jogi eljárásoknak vagy kormányzati kéréseknek; (ii) érvényre juttassuk a Feltételeket és Szabályzatokat, (iii) reagáljunk olyan állításokra, amelyek szerint valamely Felhasználói beküldés sérti harmadik felek jogait, (iv) válaszoljunk az Ön ügyfélszolgálati megkereséseire, vagy (v) védjük saját magunk, felhasználóink vagy a nyilvánosság jogait, tulajdonát vagy személyes biztonságát, valamint minden végrehajtó vagy más kormányzati tisztviselőt, és (vi) az Adatvédelmi szabályzatban foglaltak szerint, amennyiben saját belátásunk szerint szükségesnek vagy helyénvalónak tartjuk, és feltéve, hogy az ilyen nyilvánosságra hozatal összhangban van a vonatkozó jogszabályokkal, beleértve a vonatkozó adatvédelmi és adatvédelmi jogszabályokat is.",2
4. Hirdetésfeladás Egyedi hirdetési szerződéssel nem rendelkező Felhasználók esetében,3
"2. Az Alkalmazás múltbeli, jelenlegi és jövőbeli tartalmait, nem kizárólagosan beleértve az Alkalmazás felépítését, kivitelezését, szövegeket, képeket, fényképeket, illusztrációkat, összeállításokat, grafikus anyagokat, podcastokat, reklámszövegeket, adatbázisokat, tulajdonosi információkat, az Alkalmazás minden szerzői vagy más joggal védhető elemét (beleértve a forrás- és objektumkódokat) és minden egyéb, a BKK Zrt.-hez köthető anyagot, magát az Alkalmazást, az Alkalmazáson belül az elemek elrendezését, választékát, sorozatát, az Alkalmazás felépítésének főbb jellemzőit, minden védjegyet, levédett szolgáltatást, cégnevet, logókat, tartományneveket, szabadalmakat és minden szellemi terméket (egyenként és összességében Tartalmakat) a szerzői jogi és tulajdonosi oltalom védi, és a BKK Zrt. tulajdona.",3
"63. A Fogyasztó tudomásul veszi, hogy az Alza visszaélésnek minősítheti a Webáruház tisztességtelen módon való rendszeres vagy nyilvánvalóan rosszhiszemű használatát (a továbbiakban: „Visszaélés”), és azzal szemben megfelelő lépéseket tehet, szankciót alkalmazhat. Az Alza a szankció mértékének és formájának kiválasztása során az arányosság elvére is tekintettel a Visszaélés jellegét, súlyosságát, valószínűsíthető tudatosságát és az esetleges ismétlődését is figyelembe veszi.",3
"5.2.3.3. Ponyva-kedvezmény: Egy adott negyedéves ciklusban legalább 25 db hirdetést megrendelő Felhasználó hirdető, amennyiben az Üzemeltető által részére átadott hirdetési ponyvát (molinót) a Felhasználó üzleti forgalom számára használt, ügyfelek által látogatott, jól látható helyszínén frekventált helyre kihelyezi és ott megfelelő állapotban fenntartja, valamint az erről készült fényképet a ponyva átvételekor aláírt nyilatkozatban foglalt határidőben, valamint az Üzemeltető felszólítására bármikor, a felszólításban foglalt határidőn belül iroda@hasznaltauto.hu email címre megküldi, a hirdetési csomagjában foglalt hirdetéseken felül havonta 10 darab ingyenes hirdetés közzétételére jogosult. A kedvezmény igénybevételének feltétele, hogy Felhasználó az erre vonatkozó kötelezettségvállalási nyilatkozatot aláírja, valamint, hogy a ponyva (molinó) kihelyezésére és fenntartására vonatkozó jelen pont szerinti kötelezettségét folyamatosan teljesítse. Ezt a kedvezményt minimum negyedéves fizetési ciklusok esetében lehet igénybe venni legalább 25 db-os csomag esetében. A teljesítést az Üzemeltető jogosult előzetes bejelentés nélkül ellenőrizni, és a teljesítés elmaradása esetén a kedvezményt a Felhasználótól annak e mailben történő, a döntés indokait is tartalmazó értesítése mellett azonnali hatállyal megvonni, de Felhasználó jogosult Üzemeltetőnél panaszkezelési eljárásban tisztázni az ezzel kapcsolatos tényeket. Amennyiben Felhasználó panaszának Üzemeltető helyt ad, akkor indokolatlan késedelem nélkül visszaállítja a kedvezményt Felhasználónak, de Üzemeltetővel szemben Felhasználó semmilyen kártérítési vagy egyéb igényt nem érvényesíthet ezzel kapcsolatban.",3
"6.7. A visszatérítés során az eredeti ügylet során alkalmazott fizetési móddal egyező fizetési módot alkalmazunk, kivéve, ha Felhasználó más fizetési mód igénybevételéhez kifejezetten a hozzájárulását adja; e visszatérítési mód alkalmazásából kifolyólag Felhasználót semmilyen többletköltség nem terheli.",2
"5. Az Ügyfél kötelezettsége, hogy a betétként elhelyezett összeget a szerződésben vállalt időtartamig az OTP Bank Nyrt.-nél betétként tartsa. E kötelezettség megszegése a kamatra való jogosultság részbeni vagy egészbeni elvesztésével járhat.",3
"6. A Vállalkozó kijelenti, hogy a  munkaterületen használt eszközök valamint
gépek, berendezések munkabiztonsági szempontból megfelelőek, a
biztonságos munkavégzésre alkalmasak. továbbá rendelkeznek a
biztonságos üzemeltetéshez szükséges igazoló vizsgálati
jegyzőkönyvekkel; üzembe helyezéssekkel.
Mvt. 18. § (1) Munkahely, létesítmény, technológia tervezése,
kivitelezése, használatba vétele és üzemeltetése, továbbá munkaeszköz,
anyag, energia, egyéni védőeszköz előállítása, gyártása, tárolása,
mozgatása, szállítása, felhasználása, forgalmazása, importálása,
üzemel tetése a munkavédelemre vonatkozó szabályokban
meghatározott, ezek hiányában a tudományos, technikai színvonal mellett
elvárható követelmények megtartásával történhet.
(2) Az egészséget nem veszélyeztető és biztonságos munkavégzés
követelményeinek teljesítése helyett a munkáltató pénzbeli vagy egyéb
megváltást a munkavállalónak nem adhat.
(3) ((Megállapította: 2006. évi CXXIX. tv. 4. §, módosította: 2011. évi
CXCI. tv. 185. § f).))  Munkaeszközt üzembe helyezni, valamint
használatba venni csak abban az esetben szabad, ha az egészséget nem
veszélyeztető és biztonságos munkavégzés követelményeit kielégíti, és
rendelkezik az adott munkaeszközre, mint termékre, külön jogszabályban
meghatá rozott EK -megfelelőségi nyilatkozattal, illetve a megfelelőséget
tanúsító egyéb dokumentummal (pl. tanúsítvány).
(4) ((Megállapította: 2006. évi CXXIX. tv. 4. §.)) Egyéni védőeszközt
forgalomba hozni, használatba venni akkor szabad, ha az rendelkezik EK -
megfelelőségi nyilatkozattal, illetve EK -típustanúsítvánnyal. Az egyéni
védőeszközök megfelelőségének tanúsítását a foglalkoztatáspolitikáért
felelős miniszter rendel etében foglaltak szerint kell elvégezni.
(6) ((Megállapította: 2002. évi LIII. tv. 36. §.))  Amennyiben külön
jogszabály egyes munkaeszközök üzembe helyezését hatósági
engedélyhez köti, ez a hatósági engedély egyenértékű a (3) bekezdés
szerinti megfelelőségi tanúsítvánnyal.
Mvt. 40. § (1) A munkafolyamatot, a technológiát, a munkaeszközt, az
anyagot úgy kell megválasztani, hogy az sem a munkavállalók, sem
a munkavégzés hatókörében tartózkodók egészségét és biztonságát
ne veszélyeztesse.
(2) ((Megállapította: 2011. évi CXCI. tv. 171. §.))  Olyan munkahelyen, ahol
különböző munkáltatók alkalmazásában álló munkavállalókat egyidejűleg
foglalkoztatnak, a munkavégzést úgy kell összehangolni, hogy az ott
dolgozókra és a munkavégzés hatókörében tartózkodókra az veszélyt ne
jelentsen. Az összehangol ás keretében különösen az egészséget és
biztonságot érintő kockázatokról és a megelőzési intézkedésekről az
érintett munkavállalókat és munkavédelmi képviselőiket, illetőleg a
munkavégzés hatókörében tart ózkodókat tájékoztatni kell. Az
összehangolás megvalósításáért a Polgári Törvénykönyv szerinti
fővállalkozó, ennek hiányában bármely más olyan személy vagy
szervezet, aki, illetve amely a tényleges irányítást gyakorolja, vagy a
munkahelyért a fő felelősség et viseli, ha ilyen nincs, akkor az a felelős,
akinek az érdekében a munkavégzés folyik.
valamint,
4/2002 (II. 20.) SZCSM -EÜM együttes rendelet 4. számú melléklet, III.
fejezet:",1
"10.7 Az alapdíj naptári évre megállapított éves díj, amelynek 1/12-ed részét a Felhasználó, illetőleg a Díjfizető a tárgyhónapban, a hó első napját követően, előre köteles megfizetni. A Felhasználónak az alapdíjat akkor is meg kell fizetnie, ha a felhasználói berendezések hibája vagy alkalmatlansága miatt nem teljesíthető a szolgáltatás. Ezen kívül az alapdíjat a Felhasználónak akkor is meg kell fizetnie, ha távhőt nem vételezett, illetve ha a BKM NONPROFIT Zrt. a Felhasználó szerződésszegése miatt a távhőszolgáltatást felfüggesztette, vagy a Szerződést felmondta. Ha a Felhasználó év közben köti meg vagy mondja fel a Szerződést, a szerződéskötés, illetve felmondás évében a naptári évre számított alapdíjnak csak az arányos részét kell megfizetnie. A hődíjat a hőköpontban lévő hitelesített hőmennyiségmérővel mért felhasználás után, a tárgyhónapot követően, havonta utólag kell megfizetni.",2
A Szolgáltatónak jogában áll a Szolgáltatás igénybevételéhez használt hálózatot ellenőrizni.,4
"▪ Meghatalmazott útján történő eljárás esetén: a képviselő személyazonosságát igazoló személyi okmány és a lakcímét igazoló hatósági igazolvány, valamint közokiratba foglalt meghatalmazás, amely legalább az alábbiakat tartalmazza:",3
"• Az előzetesen lefoglalt időpontot átfoglalni/módosítani a rendelés megkezdése előtt minimum 24 órával, egyszeri alkalommal van lehetősége a Páciensnek. Időpontmódosítást emailben, valamint ügyfélkapun és applikáción is kérhet.",4
"e-azonosító szám: A Bank által kibocsátott virtuális kártyaszám, amely e-bank azonosító kártya kibocsátása esetén megegyezik az e-bank azonosító kártya számával. Az e-azonosító szám névre szóló, annak birtokosa csak természetes személy lehet.",4
"1.3.12. A Weboldalon megrendelést leadó Ügyfél/Vásárló tudomásul veszi, hogy a Weboldalon keresztül történő értékesítés kizárólag végfelhasználók részére történik. A weboldalon keresztül vásárolt termékek kereskedelmi célú újra, vagy tovább értékesítése nem megengedett. Ügyfél/Vásárló a jelen ÁFF elfogadásával ezen tényt visszavonhatatlanul tudomásul veszi, és minden ezzel kapcsolatos kártérítési vagy egyéb igényérvényesítésről kifejezetten Mindezek alapján tehát amennyiben az Ügyfél/Vásárló ezen pontot megszegve kereskedelmi újra vagy tovább értékesítés céljából vásárol és értékesít, és ebből eredően őt bármilyen kár, illetve vagyoni hátrány éri (ideértve különösen, de nem kizárólagosan: kötbér), köteles ezt a kárt saját maga viselni, tekintettel arra, hogy a jelen pont alapján az eMAG felelőssége e tekintetben teljes egészében kizárt. A jelen pontot a Felek mind a szerződésszegéssel mind pedig a szerződésen kívüli károkozásért való felelősség tekintetében alkalmazzák. Felek az egyértelműség kedvéért rögzítik, hogy a jelen pont csak és kizárólag a kereskedelmi célú újra vagy tovább értékesítésekből eredő kártérítési és egyéb igényekre vonatkozik, amely nem érinti a Felek egyéb kártérítési igényeit.",0
"3.3.4.4. A felek azonnali hatállyal (rendkívüli felmondás), a másik félhez intézett írásbeli nyilatkozattal, indokolási kötelezettséggel megszüntethetik a Bankszámlaszerződést, ha a másik fél a Bankszámlaszerződésben, jelen ÁSZF-ben vagy Üzletszabályzatban foglalt valamely kötelezettségét ismételten vagy súlyosan megszegi.",3
"11.20.  A munkahelyen minden munkáltató
külön -külön köteles kijelölni a saját alkalmazottai közvetlen irányításáért felelős
munkahelyi vezetőjét, aki az előzőekben rögzített követelmények megvalósításáért
felelős. A Megrendelő műszaki ellenőre a generál Vál lalkozó kijelölt munkahelyi
vezetőjének adhat csak utasítást, kivéve, ha a munkavégzés során súlyos és
közvetlen veszélyt észlel. Ekkor jogosult a végzett tevékenységet azonnal
felfüggeszteni a munkaterület felelős vezetőjének egyidejű értesítése mellett.",2
"4.16. A vásárlás visszaigazolásának ténye nem akadályozza meg az Eladót abban, hogy a szolgáltatása teljesítését jogos okból megtagadja.  Jogos ok: Az Eladó jogosult a visszaélésszerűen alkalmazott felhasználói felületek értesítés nélküli megszüntetésére azzal, hogy az ilyen jellegű magatartást (akár a vásárlással, akár a szavatossági / a jótállási igényérvényesítéssel összefüggésben) tanúsító Vevő irányában a szolgáltatását nem köteles nyújtani, azonban az esetlegesen teljesített – a már felmerült költségekkel csökkentett, ugyanakkor késedelmi kamat nélküli – Vételárat a Vevő részére vissza kell fizetnie. A felhasználói felület rendeltetésellenes vevői joggyakorlás következtében történő megszüntetéséből eredően Eladót kártérítési kötelezettség nem terheli. A Vevő joggal való visszaélést jelentő magatartásának ilyenkénti minősítése az Eladó kizárólagos jogkörébe tartozik. Visszaélésszerű joggyakorlásnak minősül különösen- de nem kizárólagosan – az elállási jog visszaélésszerű használata, vagy ha a visszaküldött termékről egyértelműen megállapítható, hogy az nem a hétköznapi használatából eredően veszített eredeti minőségéből ...stb.",1
2.6 Moderációt kérni az alábbi módokon lehetséges: - a hardverapro.hu-n a hirdetésben található “Jelentem” feliratú gombbal - a hozzászólások jobb felső sarkában a ••• menüben található “Hozzászólás jelentése” menüpontban,3
"3.2.1.1. A Számlavezetési Keretszerződés megkötését kezdeményezheti bármely nagykorú devizabelföldi vagy devizakülföldi természetes személy; a 14. életévét betöltött kiskorú magyar állampolgár természetes személy a törvényes képviselője jóváhagyásával és kezességvállalásával, továbbá speciális bankszámla típus esetén a 14. életévét be nem töltött kiskorú magyar állampolgár természetes személy részére törvényes képviselője. A szerződéskötés feltétele, hogy a Számlatulajdonos személyazonosítására alkalmas okmányát:",3
"86. A Felek között létrejött adásvételi szerződés alapján az Alza köteles a megvásárolt, megfelelő dokumentációval ellátott termék tulajdonjogának átruházására, illetve a digitális tartalom vagy licensz elektronikus úton történő rendelkezésre bocsátására, melyen a Fogyasztó felhasználási jogot szerez, a Fogyasztó pedig a vételár megfizetésére és a termék, digitális tartalom, licensz átvételére, letöltésére köteles.",3
"A Hitelfevevő a DH1 Hitelszerződés és DH1 Hiteligénylési Adatlap mindazon további adatait, amelyek nem kerültek automatikusan átvételre a tanulmányi rendszerből, a Diákhitel Direktben kitölti. Azt a tényt, hogy a Hitelfevevő valamennyi, a Hitelszerződés érvényes létrejöttéhez szükséges adatot megadta-e, a Diákhitel Központ a Diákhitel Direkt rendszerben automatikusan ellenőrzi, adathiányos vagy a fenti közhiteles nyilvántartásokban kezeltektől eltérő adatokat tartalmazó hiteligénylést a rendszer nem fogad be.",2
"11.5. A Kedvezményezett a támogatott feladat kivitelezése során – a média megjelenéseknél,
rendezvényeken, kiadványokon, könyveken, az ezekkel kapcsolatos reklám és  PR
anyagokon - köteles a Támogató teljes nevének, valamint a támogatás tényének kifogástalan
nyomdatechnikai kivitelezésben történő megjelentetésére. A Kedvezményezett a Támogató
nevének feltüntetésére, illetve használatára kizárólag az Okirat hatálya ala tt jogosult .",4
"Amennyiben Megbízott a bérlés közvetítését nem szerződésszerűen teljesíti, a díjat arányosan csökkenti, ha pedig nem teljesíti, megbízó választása szerint a díjat visszafizeti, vagy a bérlet időtartamát más alkalomra módosítja.",1
"1.4 Bizonyos Szolgáltatások használata és az azokban való részvétele további, időről időre közzétett szabályzatok hatálya alá tartozik, beleértve az Adatvédelmi szabályzatunkat, valamint a Cookie-k és hasonló technológiák szabályzatát, amelyek leírják, hogyan kezeljük az Ön személyes adatait („Szabályzatok”). Amennyiben a Feltételek és a Szabályzatok között ellentmondás merül fel, az adott tárgykör tekintetében a Szabályzatok az irányadók.",2
" Szolgáltató felhívja a Megrendelő figyelmét, hogy a termékek webáruházban feltüntetett vételára nem tartalmazza a termék kiszállításának díját, illetve a szerződés teljesítésével járó egyéb költségeket; ha a Megrendelő a termék házhozszállítását kéri, úgy a Szolgáltató jogosult külön szállítási díjat felszámítani, melynek összegéről a Szolgáltató mindig tájékoztatja a Megrendelőt a webáruház rendeléskezelő felületén, a megrendelés elküldését megelőzően. Szolgáltató a megrendelés teljes folyamata során – annak elküldéséig – biztosítja a megfelelő technikai eszközöket annak érdekében, hogy a Megrendelő az adatbeviteli hibák azonosítását és kijavítását a megrendelés véglegesítése és elküldése előtt el tudja végezni. ",1
"VI.3.1. Azon termékek esetében, melyek az ausztriai raktárból lettek kiszállítva, az Ügyfél felhasználhatja a szállítás során az INTERSPORT által rendelkezésre bocsátott, a visszaküldési címet tartalmazó visszáru-matricát. Ezen termékek visszaküldési címe: INTERSPORT Digital Business GmbH, Flugplatzstraße 10, 4600 Wels, Österreich. (Jelenleg az ausztriai raktárunkból történő kiszállítás technikai okok miatt szünetel.)",3
VII.1. Az INTERSPORT az Ügyfél felé a törvényileg biztosított jogok (lásd 9. pont) mellett önkéntes garanciákat vállal. Az önkéntes garanciák vállalása semmilyen módon nem korlátozza az Ügyfél törvényes szavatossági jogait.,2
2. Az OTP Bank Nyrt. a pénzmosás és a terrorizmus finanszírozása megelőzéséről és megakadályozásáról szóló jogszabály szerinti ügyfél-azonosítás rendjéről hirdetményben tájékoztatja Ügyfeleit.,2
"3. Az OTP Bank Nyrt. - a telefonos csatornán, illetve az OTP Bank Nyrt. honlapján elérhető OTP Chat szolgáltatásban - a mindenkori Soft azonosítás keretében elérhető szolgáltatások köréről szóló Hirdetményekben meghatározott banki és egyéb műveletek lebonyolítását vállalja.",2
"A tranzakciót és partnerét az eladó ezután a tranzakciót követő 90. napig minősítheti, akár sikertelenként is megjelölve az adásvételt, azonban ez a Vatera által felszámított jutalékot nem befolyásolja. A tranzakció eladó általi sikeres minősítésével, vagy ennek hiányában a tranzakciót követő 30 nap elteltével a Vatera általi sikeres minősítésével a Vatera Szolgáltatása teljesül.",2
"6.3 Az Ügyfél az e-bank azonosító kártya és az olvasó bankfióki átvételét követően az olvasóhoz szükséges meghajtóprogramot K&H lakossági e-bank szolgáltatás esetén a https://ebank.khb.hu/lakossag, K&H trambulin e-bank szolgáltatás esetén a https://ebank.khb.hu/trambulin oldalról, míg K&H vállalkozói e-bank szolgáltatás esetén a https://ebank.khb.hu/vallalat Internetes címről letölti, majd a telepítési útmutató szerint telepíti. A telepítést követően a szolgáltatás használható.",1
Termékszavatossági igényként Ön a hibás Áru kijavítását vagy kicserélését kérheti.,4
"A Szolgáltató kötelezettsége nem terjed ki az Eszköz szolgáltatására, és nem vállal felelősséget a Végberendezés
műszaki paraméterei tekintetében.",4
"1.6. A Lakossági Szolgáltatási Keretszerződésben, jelen ÁSZF-ben nem szabályozott kérdésekben 2014. március 15. előtt kötött jogviszonyok tekintetében a Polgári Törvénykönyvről szóló 1959. évi IV. törvény, 2014. március 15. után kötött jogviszonyok tekintetében a Polgári Törvénykönyvről szóló 2013. évi V. törvény, a takarékbetétről szóló 1989. évi 2. tvr., a hitelintézetekről és pénzügyi vállalkozásokról szóló 2013. évi CCXXXVII. törvény (Hpt.), a pénzforgalmi szolgáltatás nyújtásáról szóló 2009. évi LXXXV. törvény (a továbbiakban: Pft.), a Pft. felhatalmazása alapján megalkotott, a pénzforgalom lebonyolításáról szóló MNB rendelet (a továbbiakban: MNB Rendelet), a pénzmosás és a terrorizmus finanszírozása megelőzéséről és megakadályozásáról szóló 2017. évi LIII. törvény és egyéb, a pénzforgalomra vonatkozó jogszabály rendelkezései az irányadók.",1
"1.8. Jelen Erste Lakossági Banki Szolgáltatások ÁSZF a „Lakossági Bankszámla és Lakossági Betét Általános Szerződési Feltételei”, a „Lakossági Bankkártya Általános Szerződési Feltételei” a „Lakossági Netbank Általános Szerződési Feltételei” valamint a „Lakossági TeleBank és SMS Szolgáltatások Általános Szerződési Feltételei című dokumentumok összevonásával jött létre. Amennyiben bármely dokumentum előbb felsorolt jogelőd ÁSZF-ekre hivatkozik a hivatkozott dokumentumon jelen ÁSZF-et kell érteni.",2
"3.1.10. A Fizetési megbízások átvételének időpontja a teljesítési határidők számítása szempontjából (a Bank által közzétett, mindenkor hatályos Hirdetményben meghatározott Banki munkanap kezdő időpontja, illetve az adott fizetési mód vonatkozásában meghatározott végső benyújtási határidő között, aznapi feldolgozásra átvett, kivéve az Azonnali átutalási megbízások, melyek átvétele a nap 24 órájában, a hét minden napján, folyamatosan történik.",0
"20. A betétekből kifizetés mindig a legrégebben elhelyezett összegből történik. Ez azt jelenti, ha egy betétben államilag garantált és az OBA által biztosított összeg is van, a kifizetések mindig az államilag garantált betétet csökkentik. A betétek jogfolytonos átvezetés esetén megőrzik garanciájukat, tehát az államilag garantált betétek továbbra is államilag garantáltak maradnak.",1
• E-mail: a Felhasználó e-mail címére küldött hírlevél vagy rendszer működésével szorosan összefüggő tájékoztató levél.,4
"10.2. A Szolgáltató a szóbeli panaszt azonnal megvizsgálja, és szükség szerint orvosolja. Ha a vásárló a panasz kezelésével nem ért egyet, a Szolgáltató a panaszról és az azzal kapcsolatos álláspontjáról haladéktalanul jegyzőkönyvet vesz fel, s annak egy másolati példányát átadja a vásárlónak. Ha a panasz azonnali kivizsgálása nem lehetséges, a Szolgáltató a panaszról jegyzőkönyvet vesz fel, s annak egy másolati példányát átadja a vásárlónak. ",2
"▪ EU/EGT tagállamból származó külföldi természetes személy esetén: külföldi hatóság által kiállított útlevél, vagy külföldi hatóság által kiállított személyazonosító igazolvány, vagy magyar hatóság által kiállított személyazonosító igazolvány és lakcímet igazoló hatósági igazolvány.",2
"5.3. Vállalkozó kötelezettségei
– Vállalkozó  a munkanemekre érvényes szabvány - és technológiai előírásoknak
mindenben megfelelő, Magyar Szabvány szerinti I. osztályú minőségű teljesítést
vállal az átadási határidőre hiba és hiánymentesen. Nem I. osztályú teljesítést
Megrendelő  jogosult a Vállalkozó  költségére Vállalkozóval  visszabontani és
újraépíttetni. A Vállalkozó  ezt köteles úgy elvégezni, hogy határidő vagy
vállalkozóidíj módosítás ne történjen. Az ebből eredő esetleges határidő -eltolódás
a Vállalkozó  kárfelelőssége.
– Ha az adott munkarész teljesítése nem I. osztályú, de visszabontásától a
Megrendelő  eltekint, a II. osztályú minőség miatt a Megrendelő  az adott
munkatételnél jogosult 20% -os árcsökkentésre. Ez azonban nem érinti a
Megrendelő garanciális és szavatossági igényeit. Azon minőségi hibák
vonatkozásában, amelyek kijavítási költsége a Megrendelő  döntése szerint nem
áll arányban az így elérhető minőségjavulással, illetve olyan területeken állnak
fenn, amelyek ugyancsak a Megrendelő  döntése szerint alapvetően nem sé rtik az
érdekeit, szerződő felek minőségi értékcsökkenésben állapodhatnak meg.
– Vállalkozó  a véglegesen beépített anyagok származási és minőségi bizonylatait
köteles a Megrendelő  részére az adott munkarész teljesítésénél átadni.
– Vállalkozó  tudomásul veszi, hogy munkavégzése alatt más munkanemek
kivitelezői is dolgoznak egyidejűleg a munkaterületen; közös organizációval a
zavartalan munkavégzést biztosítják.
– Vállalkozó  köteles a szerződésben előírt és a törvényes előírásoknak megfelelő
vizsgálatok (ellenőrzések, mérések) lefolytatására. Ezek eredményeit írásban
átadja Megrendelő  részére.
– Vállalkozó  a munka ütemezésénél és annak sorrendi meghatározásánál a
Megrendelő  utasításait köteles figyelembe venni.
– Vállalkozó  köteles a közterületen, a Megrendelő  építéshelyi munkavégzési
területén más Vállalkozó  már korábban elkészült munkájában az általa okozott
bármely kárt megtéríteni, illetve saját költségén kijavíttatni. Vállalkozó  biztosítja
dolgozói részére a munkavégzéshez szükséges gépeket és szerszámokat; ezek
külön költsége nem számolható fel.  – Vállalkozó  köteles a szerződés teljesítését akadályozó valamennyi
körülményről a Megrendelőt  haladéktalanul írásban  cégszerűen aláírt
levélben  értesíteni  és egyben lehetősége szerint saját hatáskörében eljárni
azok elhárítására.
- Vállalkozó  az építés ideje alatt  köteles  építési naplót vezetni, illetve ha a
jogszabály vagy a Megrendelő megköveteli, akkor elektronikus  építési naplót
vezetni ! Az építési naplót naprakész állapotban kell tartani úgy, hogy minden
munkavégzési napon történjen bejegyzés. Ha munkavégzés nem történik,  napi
jelentés nem szükséges, viszont ezt a tényt - a várható munkafolytatási nap
megjelölésével - az utolsó munkavégzési napon be kell jegyezni. Az építési
naplót az építőipari kivitelezési tevékenység végzésének ideje alatt  a papír
alapúépítési naplót az  építési munkaterületen hozzáférhetővé kell tenni.  Az
elektronikus építési naplónak azokat a munkarészeit, amelyek nem kerültek
még az e -építési napló internetes alkalmazásban rögzítésre, a helyszínen
elérhetővé kell tenni azok számára, akik abba bejegyezhetnek, vagy akik abba
betekinthetnek.  A szerződésben megnevezett személyek jogosultak a
Vállalkozó  részéről az  elektronikus  építési naplóba bejegyezni. Vállalkozó  a
munkához álla ndó műszaki képviseletet, a munkák helyszíni irányításával
megbízott képviselőt biztosít. Amennyiben ezt Vállalkozó nem teszi meg, és
dolgozói munkahelyi irányítását Megrendelőnek kell akár csak esetileg is
elvégeznie, úgy Megrendelő jogosult helyi művezet és jogcímen napi 50.000 Ft
+ Áfa összeget a Vállalkozóra terhelni, amelyet  jogosult a Vállalkozó részére
leszámlázni.
– Megrendelő  építésvezetőjének utasításai a megbízás lebonyolítását illetően
Vállalkozó  számára kötelezőek, mindenképpen és azonnal betartandók. A
Megrendelő  jogában áll a Vállalkozótól  - egyes személyek esetében - a
személy cseréjét, vagy munkaterületről való visszavonását kérni. A Vállalkozó
által kinevezett építésvezető és művezető, a Vállalkozó  teljesítése során,
igény szerint bármikor a Megrendelő  rendelkezésére áll. Az építésvezető
cseréje csak a Megrendelő  értesítésével lehetséges. Megrendelő  esetleges
kérésére - megfelelő indok esetén a Vállalkozó  részéről haladéktalanul új
építésvezető kerül kinevezésre.
– Vállalkozó  vállalja, hogy gondosan betartja az alkalmazandó munkajogi
előírásokat, adó -, és társadalombiztosítási törvényeket és jogszabályokat és
fizeti valamennyi, a dolgozók alkalmazásának következtében adódó ezzel
kapcsolatos összes költségét és járulékát. Vállalkozó  minden körülmények
között garanciát vállal a személyzetéért a Megrendelővel  és valamennyi helyi
hatósággal szemben.
– Vállalkozó vállalja, hogy a kivitelezési munkák során kizárólag bejelentett,
szakképzett, vagy betanított, az adott munkahelyi követelményeknek
megfelel ően kioktatott, a szükséges egyéni véd őfelszerelésekkel ellátott
dolgozókat foglalkoztat a munkaterületen a munkavégzés teljes id őtartama
alatt.
– Vállalkozó  egyedül viseli a felelősséget a személyzete egésze higiéniai és
biztonsági feltételeinek minden eszközzel való biztosításáért, valamint az
érvényben lévő törvények által meghatározott higiéniai és biztonsági
szabályok általuk való betartásáért. Megrendelő  az építési területen biztosítja
a Vállalkozónak a WC használatát, valamint kézmosásra  alkalmas vízvételi
helyet, melyek használatáért a Megrendelő a nettó vállakozási díj 0,5% -a +
Áfa összeget számlázza le a Vállalkozó felé megrendelői szolgálta tásként .
– Vállalkozó  építési - vagy reklámtáblát, zászlót, logot stb. csak Megrendelő
engedélyével, általa elfogadott formában és feltételek mellett helyezhet ki. A
Vállalkozó  a szerződés tárgyát képező munkát referenciaként csak a
Megrendelő  előzetes írásbeli engedélyével jogosult feltüntetni.
- A Szerződő felek megállapodnak abban, hogy a munkaterület átadás -átvétele
után az adott munkaterületen a munka irányítását Vállalkozó  végzi, aki felelős
a munkavédelmi, tűzvédelmi és egészségügyi jogszabályok és előírások
maradéktalan betartásáért. A Vállalkozó  köteles dolgozóit az előírásoknak
megfelelően foglalkoztatni, az óvórendszabályokra kioktatni, esetlegesen
védőfelszereléssel ellátni. Ezek megszegéséből eredő minden balesetért és
kárért Vállalkozót  terheli a felelősség.
- Amennyiben Vállalkozó nem tartja be a fentebbi szerződési pontokban
leírtakat, úgy Megrendelőnek jogában áll Vállalkozó dogozóinak megtagadni
a munkaterületre történő belépést. Az ebből adódó határidő csúszásért
Vállalkozó anyagi felelősséggel tartozik. Me grendelőnek jogában áll továbbá
saját belátása szerint egyéni védőfelszereléssel ellátni Vállalkozó dolgozóit
annak érdekében, hogy a munkavégzés folyamatossága biztosított legyen, de
ebben az esetben a védőfelszerelések árát (külön melléklet lista alapján ) a
Megrendelő a Vállalkozóra terheli és értékét, mint megrendelői szolgáltatást
leszámlázza Vállalkozó felé, annak aktuális rész -, ill. végszámlája
esedékességekor.
– Vállalkozó  köteles a felvonulási utakat és az építési helyszínt rendben tartani,
a keletkező hulladékait és építési törmelékeit folyamatosan elszállítani. A
Vállalkozó  köteles továbbá az ideiglenes építéshelyi berendezéseket saját
költségére felépíteni, azokat elbontani.
– Vállalkozó  betartja a mindenkor érvényes és hatályos környezetvédelmi
előírásokat, így különösen az esetlegesen keletkező veszélyes hulladékok
kezelésére vonatkozó szabályokat.
– A Vállalkozó  – alkalmazottaira is kiterjedően - a munkát teljes anyagi
felelősség mellett, saját kockázatára végzi. A munkavégzés során okozott
károkért a károkozó felel. Amennyiben a károkozó személyét egyértelműen
megállapítani nem lehet, úgy az okozott károkért a k árokozás helyszínén  együtt dolgozó vállalkozók együttesen felelnek az általuk végzett munka értékének
arányában.
– A munkaterület átadása során a Vállalkozó felelőssége, hogy a munkaterületen
állapotrögzítés céljából Megrendelő és Vállalkozó közösen teljes kör ű bejárást
tartanak annak érdekében, hogy kés őbbi esetben is a károkozás ténye
egyértelm űen megállapítható legyen
– Felek megállapodnak, hogy a Megrendelő őrzés -védelmi szolgáltatást nem nyújt a
Vállalkozónak, ezért a munkaterületen elhelyezett anyagainak, eszközeinek
őrzése a Vállalkozó saját feladata. Felek megállapodnak, hogy Vállalkozó a
Megrendelővel szemben a munk aterületre bevitt ill. az azon tárolt anyagaiban ill.
eszközeiben bekövetkezett lopás, eltűnés (stb) ill. az azokban keletkezett kár,
károsodás miatt a Megrendelővel szemben nem jogosult igényt támasztani, annak
érvényesítéséről jelen okirat aláírásával ki fejezetten lemond.
– Felek megállapodnak, hogy a Megrendelő jogosult a jelen általános szerződési
feltételekben rögzített megrendelői szolgáltatások értékét és az esetleges
levonásokat a vállalkozó rész -, ill. végszámlájával szemben beszámítással
(kompenzálás) érvényesíteni.
- Vállalkozó a gépeit üzemszünet esetén egy elkülönített helyen köteles tárolni.
Helyszíni karbantartási, utántöltési, javítási munkákat a gépeken csak itt végezhet.
Ezen a helyen Vállalkozó köteles kármentőről gondoskodni.",1
"Aukció: az a Tranzakció, amelynek során a Felhasználók licitálás (elektronikus úton való vételi ajánlat megtétele) útján vásárolhatják meg az Eladó által feltöltött Terméket. Az aukció nyertese az a Felhasználó, aki annak végéig a legmagasabb vételi ajánlatot (licitet) tette, vagy aki a Terméket az Eladó által meghatározott (az aukcióban szereplő) fix áron megvásárolta;",3
"A vállalkozást a békéltető testületi eljárásban együttműködési kötelezettség terheli, ennek keretében kötelesek vagyunk a békéltető testület felhívására határidőn belül válasziratunkat megküldeni a békéltető testület számára. A fogyasztói jogviták online rendezéséről, valamint a /EK rendelet és a 2009/22/EK irányelv módosításáról szóló, 2013. május 21-i 524/2013/EU európai parlamenti és tanácsi rendelet alkalmazásának kivételével a vállalkozás a meghallgatáson egyezség létrehozatalára feljogosított személy részvételét biztosítani köteles. Az online meghallgatáson a vállalkozás egyezség létrehozására feljogosított képviselője köteles online részt venni. Ha a fogyasztó személyes meghallgatást kér, a vállalkozás egyezség létrehozására feljogosított képviselője köteles legalább online részt venni a meghallgatáson. nem tett békéltető testületnél általános alávetési nyilatkozatot.",1
(3) A Bank és a kincstári ügyfél közötti jogviszonyt a Szerződés hozza létre.,4
"8.10. Tilos a feladott hirdetés olyan módon történő módosítása vagy szerkesztése, amely a hirdetésben szereplő termék tárgyára tekintettel tartalmilag új hirdetés feladásának minősülne.",2
"9.7. Amennyiben Kedvezményezett visszafizetési kötelezettségét a Lebonyolító által megjelölt
határidőig  nem teljesíti, a Lebonyolító jogosult a követelést banki beszedési megbízás
benyújtásával érvényesíteni.",3
"A fizetendő végösszegről a vásárló a rendelés visszaigazolásakor értesítést kap. A Szolgáltató a számlát a rendelés feldolgozását visszaigazoló e-mailben, PDF formátumban küldi meg a Felhasználó részére. A Felhasználó jelen ÁSZF elfogadásával belegyezik a számla ilyen módon való kiküldéséhez/fogadásához. Amennyiben a Felhasználó papír alapú számlára is igényt tart, azt a webshop ügyfélszolgálatán kérheti.",4
A DPD jogosult az Ügyfél lejárt számlája (számlái) esetén automatikusan összevezetni (beszámítani) az Ügyfél esetleges túlfizetését a lejárt tartozással (tartozásokkal). ,3
"Ha a szerződés alapján a digitális tartalom szolgáltatása meghatározott időtartamon keresztül folyamatosan történik, a digitális tartalom tekintetében a teljesítés szerződésszerűségét a szerződés teljes időtartama alatt biztosítani kell.",3
Bizonyos esetekben a Belépőjegyek a Rendezvény területén belül is csak bizonyos területek látogatására jogosítanak fel.,4
"A fentiekre tekintettel, ha a Küldemény megsemmisül, teljesen vagy részlegesen elvész, vagy megsérül a DPD felelősségi körében és hibájából, a DPD köteles megtéríteni a ténylegesen keletkezett és bizonyított vagyoni kárt, a kártérítés legmagasabb összege azonban nem haladhatja meg Küldeményenként az 50.000,- forintot.  ",4
"3.5. A Szolgáltatót nem terheli felelősség az abból adódó károkért, ha Felhasználó a jelszavát elfelejti, vagy az illetéktelenek számára bármely nem a Szolgáltatónak felróható okból hozzáférhetővé válik.",3
A Bank jelen ÁSZF-ben meghatározott szolgáltatásokat kizárólag Hitelintézetnek minősülő ügyfelei részére nyújtja.,4
(2) A Szerződő fél által kezdeményezett szerződésmódosításnak minősülnek egyebek mellett az alábbi esetek:,4
"Felhívom a figyelmét, hogy ugyanazon hiba miatt kellékszavatossági és jótállási igényt, illetve termékszavatossági és jótállási igényt egyszerre, egymással párhuzamosan nem érvényesíthet, egyébként viszont Önt a jótállásból fakadó jogok az 1. és a 2. pontban meghatározott jogosultságoktól függetlenül megilletik.",2
10. Fizetési feltételek,4
"b. az egyedi kedvezményeket, illetve minden olyan árelőnyt, amelyet az Alza bármilyen egyedi körülményre tekintettel biztosít az egyedi Fogyasztók számára (például kompenzáció keretében), ",4
"1. A Finanszírozó a finanszírozási szerződéseket belső szervezeti egységei közreműködésével köti meg és módosítja. A szerződéskötésben közreműködő belső szervezeti egységet a Szolgáltatás nyújtásának helye alapozza meg, mely elsődlegesen a Szolgáltató működési engedélye szerinti telephelye. Ha a Szolgáltató tevékenységét több megyét érintő telephelyen végzi, úgy az a szervezeti egység közreműködik, ahol a Szolgáltató központi ügyintézésének helye (ennek hiányában székhelye) található.",2
"12.3 A Zalando ajándékkártyák korlátozottan, a vásárlás napjától számított 5 évig érvényesek. Elvesztés vagy károsodás esetén készpénzre váltás vagy visszatérítés nem lehetséges.",4
"9.7. Amennyiben az átadás -átvételi eljárás Vállalkozónak  felróható okból hiúsul meg,
úgy Megrendelő  a teljes vállalkozói díj 0,15% -át, mint kötbért a Vállalkozóra  terheli.
Ha a vállalkozói díj óra -, vagy napidíjban van meghatározva, akkor a kötbér összege
minimum 1.000.000, -Ft.",3
"1.3. Az Okirat  az ÁSZF -től eltérő feltételeket meghatározhat. Amennyiben az ÁSZF és a z Okirat
azonos tárgyú rendelkezései között bármilyen eltérés van, a z Okirat  rendelkezései az
irányadóak.",2
"Az áru adásvételére irányuló szerződés hibás teljesítése hibásan teljesít, ha az áru hibája a szakszerűtlen üzembe helyezéséből fakad, feltéve, hogy a) az üzembe helyezés az adásvételi szerződés részét képezi, és azt az Eladó végezte el, vagy az Eladó felelősségvállalása mellett végezték el; vagy b) az üzembe helyezést a fogyasztónak kellett elvégeznie, és a szakszerűtlen üzembe helyezés az Eladó által - illetve digitális elemeket tartalmazó áruk esetében a digitális tartalom vagy digitális szolgáltatás szolgáltatója által - rendelkezésre bocsátott üzembe helyezési utasítások hiányosságainak következménye.",3
"A Szerződés teljesítéséért a Vállalkozót megillető vállalkozói díj a Megrendelésben, illetve a Szerződésben kerül rögzítésre.  ",4
"5.10. A fizetendő végösszeg a megrendelés összesítése és visszaigazoló levél alapján minden költséget tartalmaz. A számlát online formában kapja meg. A garancia érvényesítés feltétele a számla bemutatása. Felhasználó köteles a csomagot kézbesítéskor a futár előtt megvizsgálni, és termékeken, csomagoláson észlelt esetleges sérülés esetén köteles jegyzőkönyv felvételét kérni, sérülés esetén a csomagot nem köteles átvenni. Utólagos, jegyzőkönyv nélküli reklamációt Szolgáltató nem fogad el! A csomagok kézbesítése munkanapokon történik 8-17 óra közötti időszakban.",3
"A Páciens tudomásul veszi, hogy vizsgálata és gyógykezelése során legfeljebb egy kísérő lehet jelen.",4
"Akciós ár: Az akcióban szereplő termékekre meghirdetett, az akció ideje alatt leadott megrendelések esetén fizetendő ár.",4
"8.5. Ha a Szolgáltató a Fogyasztó szavatossági vagy jótállási igényének teljesíthetőségéről annak bejelentésekor nem tud nyilatkozni, álláspontjáról – az igény elutasítása esetén az elutasítás indokáról és a békéltető testülethez fordulás lehetőségéről is – öt munkanapon belül, igazolható módon köteles értesíteni a fogyasztót.",1
"4.8 A Bank a hozzá beérkezett bejelentés alapján azonnal intézkedik a letiltás érdekében. A letiltás akkor lép hatályba, amikor a Bank a letiltással összefüggő intézkedéseket, az ehhez szükséges időn belül megtette. A letiltás megtörténtét követően a szolgáltatás igénybevételének lehetősége az adott Ügyfél számára azonnal megszűnik.",1
"11.8.  Az esetlegesen fellépő munka - és tűz - és környezetvédelmi, valamint
munkaügyi hiányosságokból eredő károk és felelősség a Vállalkozót terhelik.",4
"11.4. A Kedvezményezett a megvalósult projekt tevékenységei során, kommunikációjában,
kapcsolódó kiadványaiban köteles  a Nemzeti Tehetség Program, a Támogató nevét és
hivatalos grafikai logóját megjelenít eni. Továbbá köteles  a projektről szóló szöveget és fotót,
valamint a Nemzeti Tehetség Program, a Támogató nevét és hivatalos grafikai logóját
tartalmazó beszámolót honla pján közzétenni oly módon, hogy az a projekt lezárását
követően legalább 1 évig elérhető legyen.",2
"49. A finanszírozási szerződés megszűnik, ha azt az arra jogosult felmondja.",4
A Látogató a jegyén feltüntetett sor és székszámnak megfelelő helyen köteles helyet foglalni. A jegynek megfelelő ülőhely elfoglalásában ültetők segítik a Látogatók eligazodását.,4
1.27 A Felhasználói Fiók anonimizálással történő törléséről az Adatvédelmi tájékoztató IV/5-ös pontja rendelkezik.,2
4.8. Az átvételt a Vevő arra meghatalmazott képviselője a szállítólevélen aláírásával és bélyegzőjével igazolja.,4
"13.1 Ön bármikor szabadon abbahagyhatja a Szolgáltatások használatát. Továbbá mi is szabadon megszüntethetjük vagy felfüggeszthetjük a Szolgáltatásoknak vagy a Fiókjának használatát, ha Ön megsérti a jelen feltételeket vagy az irányelveket, amint azt mi észszerűen eljárva meghatározzuk. A jelen Feltételek a Szolgáltatások használatának megszüntetése vagy felfüggesztése után is érvényesíthetők maradnak Önnel szemben, és az Ön által nekünk kifizetetlen összegek továbbra is esedékesek maradnak.",2
"Az e-hangoskönyv a kosárba tétel után más digitális adattartalomra vonatkozó szolgáltatással („virtuális termékkel”) azonos módon, azoktól függetlenül vagy azokkal egy kosárban, a (fizikai) termékektől külön, kizárólag online előre fizetéssel és elektronikus számlázással rendelhető meg. Az e-hangoskönyv a megrendelés befejezése után néhány percen belül hozzáférhetővé (meghallgathatóvá) válik a Felhasználó profiljából elérhető E-hangoskönyveim menüben az oda beépített lejátszó segítségével, feltéve, és azt követően, ha a Felhasználó kifejezetten, előzetesen beleegyezett a lejátszás megkezdésébe, és a Felhasználó e beleegyezésével egyidejűleg nyilatkozott annak tudomásul vételéről, hogy a teljesítés/lejátszás vásárlástól számított 14 napon belül történő megkezdése esetén elveszíti a fogyasztó és a vállalkozás közötti szerződések részletes szabályairól szóló 45/2014. (II. 26.) Korm. rendelet 20. §-ában foglalt felmondási jogát. Az e-hangoskönyvek a felhasználási jog időtartama alatt, de minimum a vásárlástól számított 12 hónapig elérhetőek a felhasználói fiókból, kivétel ez alól, ha bírósági döntés, vagy más jogi ok miatt kell megszüntetni, felfüggeszteni, vagy korlátozni a forgalmazást, hozzáférést.",2
"A hajóátvételhez szükséges további okmányok:személyzeti lista, mely tartalmazza minden hajón tartózkodó személy nevét, születési idejét és helyét, útlevélszámát, nemzetiségét, kortól függetlenül,hajóvezetői engedély, rádiós vizsgával.",4
"2.8. A használtautó.hu szóösszetétel és logó, továbbá a szalonautó.hu logó a Szellemi Tulajdon Nemzeti Hivatala nyilvántartásában az Üzemeltető javára lajstromozott védjegy. A hasznaltauto.hu és a szalonauto.hu az ISZT által bejegyzett domain név, amelyeknek kizárólagos jogosultja Üzemeltető. Ezen jogvédett szóösszetételek vagy hozzá hasonló megjelölés harmadik személyek által történő bármilyen használata Üzemeltető jogát sérti. Üzemeltető az esetleges jogsértés esetén kész annak elhárítása és kárának megtérítése érdekében minden szükséges jogi lépést megtenni.",4
"8.2 Amennyiben a Hüperion Kft. és Vevő között esetlegesen fennálló fogyasztói jogvita a Hüperion Kft.-vel való tárgyalások során nem rendeződik, az alábbi jogérvényesítési lehetőségek állnak nyitva Vevő számára: Amennyiben a Vevő fogyasztói jogainak megsértését észleli, jogosult panasszal fordulni a lakóhelye szerint illetékes fogyasztóvédelmi hatósághoz. A panasz elbírálását követően a hatóság dönt a fogyasztóvédelmi eljárás lefolytatásáról. A fogyasztóvédelmi elsőfokú hatósági feladatokat a fogyasztó lakóhelye szerint illetékes fővárosi és vármegyei kormányhivatalok látják el, melyek listája az alábbi linkről érhető el: www.kormanyhivatalok.hu/ Békéltető testület eljárásának kezdeményezése a Fogyasztó lakóhelye, tartózkodási helye szerint illetékes, vagy az Ön által a kérelemben megjelölt Békéltető Testületnél. A Békéltető Testület eljárása megindításának feltétele, hogy Ön közvetlenül megkísérelje Társaságunkkal a vitás ügy rendezését. A vállalkozást a békéltető testületi eljárásban együttműködési kötelezettség terheli, ennek keretében kötelesek vagyunk a békéltető testület felhívására határidőn belül válasziratunkat megküldeni a békéltető testület számára. A fogyasztói jogviták online rendezéséről, valamint a 2006/2004/EK rendelet és a 2009/22/EK irányelv módosításáról szóló, 2013. május 21-i 524/2013/EU európai parlamenti és tanácsi rendelet alkalmazásának kivételével a vállalkozás a meghallgatáson egyezség létrehozatalára feljogosított személy részvételét biztosítani köteles. Az online meghallgatáson a vállalkozás egyezség létrehozására feljogosított képviselője köteles online részt venni. Ha a fogyasztó személyes meghallgatást kér, a vállalkozás egyezség létrehozására feljogosított képviselője köteles legalább online részt venni a meghallgatáson.",0
Hatálya: 2025.10.01.,4
5.3. Felhasználó kosárba helyezi a kiválasztott termékeket. Felhasználó bármikor megtekintheti a kosár tartalmát a „Kosár” ikonra kattintva.,4
"A Szerződés a Felek aláírásával, illetve a Megrendelés Visszaigazolás űrlap Vállalkozó általi aláírásával, jön létre. A Megrendelés Visszaigazolás űrlap aláírásával a Vállalkozó változtatás nélkül elfogadja a Megrendelést, valamint jelen Feltételeket. A Megrendelés Visszaigazolás űrlapot, valamint az Egyedi Szerződést a Vállalkozó annak kézhezvételétől számított 3 (három) napon belül fax-on, vagy elektronikus levél (e-mail) mellékleteként visszaküldeni a Megrendelő részére, illetve ugyancsak a kézhezvételtől számított 5 (öt) munkanapon belül köteles és egy általa cégszerűen aláírt eredeti példányt visszajuttatni a Megrendelőhöz. Az Egyedi szerződés akkor jön létre, amikor a Megrendelőhöz visszaérkezett a Vállalkozó által fax-on, vagy elektronikus levél (e-mail) mellékleteként visszaküldött Visszaigazolás űrlap vagy Egyedi szerződés. Amennyiben a Vállalkozó annak ellenére teljesít, hogy a Megrendelés Visszaigazolása űrlapot, vagy az általa aláírt Egyedi Szerződést a jelen pont rendelkezései szerint aláírta és/vagy visszaküldte volna, a Szerződés a felek között a teljesítés ellenére nem jön létre és a teljesítés átvételére a Megrendelő nem köteles. ",2
"3.3.4.6. Amennyiben a Bankszámla bármely okból megszűnik, és a Bank a Számlatulajdonos fennmaradó szabad rendelkezése alatt álló számlaegyenlegéről a megszűnés napjától számított 10 banki munkanapon belül nem rendelkezik, úgy a Bank a Számlatulajdonos fennmaradó szabad rendelkezése alatt álló számlaegyenlegét az átutalás napján érvényes átváltási árfolyamon konvertálja, és átutalja a Számlatulajdonos a www.bankersalmanac.com honlapon publikált bármelyik bankszámlájára, amelyről a Bank értesíti a Számlatulajdonost.",3
"1.24 Amennyiben a Felhasználó fiókjában megadott adataiban változás történik, a Felhasználó e változásokat köteles személyes menüjében átvezetni, ennek elmaradásából eredő felelősség a Felhasználót terheli. A Felhasználó bármikor kezdeményezheti a felhasználói fiókja törlését, A Felhasználói Fiók regisztrációjának megszűnésével az Üzemeltető és a Felhasználó között létrejött jogviszony megszűnik, a Felhasználó hirdetései a Weboldalról automatikusan eltávolításra kerülnek, többé nem elérhetőek.",3
"5.5. Szerződés megkötésére kizárólag magyar nyelven van lehetőség. A megkötött szerződés elektronikus úton megkötött szerződésnek minősül, mely nem tekinthető írásba foglalt szerződésnek, amelyre az elektronikus kereskedelmi szolgáltatások, valamint az információs társadalommal összefüggő szolgáltatások egyes kérdéseiről szóló 2001. évi CVIII. törvényben foglaltak megfelelően irányadóak.",2
Hacsak jelen Általános Szerződési Feltételek („ÁSZF”) szövegéből vagy jogszabály alapján más nem következik;,4
6.1. Az egyedi hirdetési szerződéssel nem rendelkező Felhasználók tekintetében alkalmazott szabályok,4
"2. A Felhasználó az Alkalmazás valamennyi, a BKK Zrt. által elérhetővé tett funkciót igénybe veheti, azonban a BKK Zrt. a Felhasználónak egy korlátozott, személyes, nem kizárólagos, nem kereskedelmi, visszavonható, nem átruházható felhatalmazást nyújt, hogy az Alkalmazásban elérhető tartalmak egyetlen példányát megtekintse (kivéve a forrás- és objektumkódokat), mely általánosságban nyilvánosan elérhető az Alkalmazás használatával, feltéve, hogy",2
A Szerződéstől való Megrendelői elállás vagy rendkívüli felmondás esetén (kivéve: vis maior) a Megrendelőt zálogjog illeti meg a Vállalkozó munkaterületen tárolt munkaeszközein. ,3
"9.4. A Lebonyolító az Okirat visszavonása nélkül is elrendelheti a költségvetési támogatás
részleges – a jogszabálysértéssel, illetve a nem rendeltetésszerű vagy okiratellenes
felhasználással arányos mértékű – visszafizetését. Ilyen esetben a Kedvezményezett a
jogosulatlanul igénybe vett támogatás összegét az Áht. 53/A. § (2) bekezdése szerint köteles
visszafizetni .",3
"K&H e-bank szolgáltatás: A Bank által az Ügyfelek részére nyújtott szolgáltatás, amely során az Ügyfelek a kapcsolódó kondíciókról az ide vonatkozó Hirdetményekben meghatározott, és K&H lakossági e-bank szolgáltatás esetén az https://ebank.khb.hu/lakossag, K&H trambulin e-bank szolgáltatás esetén az https://ebank.khb.hu/trambulin, K&H vállalkozói e-bank szolgáltatás esetén a https://ebank.khb.hu/vallalat internetes címen elérhető szolgáltatásokat vehetik igénybe.",2
"A kellékszavatossági jogok érvényesítésének további feltétele:  a teljesítéstől számított hat hónapon belül a kellékszavatossági igény érvényesítésének a hiba közlésén túl nincs egyéb feltétele, ha a Fogyasztó igazolja, hogy a terméket, illetve a szolgáltatást az ANBANA Kft.  Szolgáltató nyújtotta. A teljesítéstől számított hat hónap eltelte után azonban már a Fogyasztó köteles bizonyítani, hogy az általa felismert hiba már a teljesítés időpontjában is megvolt.",2
"2.6 A jelen Feltételeknek mindig az aktuális változatát kell megjeleníteni, és Ön jogosult kinyomtatni vagy elektronikus példányokat elmenteni.",4
"4. Az érintettek köre: minden természetes személy, aki a BKK közszolgáltatásokhoz, valamint a fővárosi önkormányzati közszolgáltatásokhoz kapcsolódó és közérdeklődésre számot tartó információkról, hírekről, akciókról, kedvezményekről rendszeresen értesülni szeretne, ezért személyes adatainak megadásával feliratkozik a hírlevél-szolgáltatásra.",3
"A lakossági távhőszolgáltatás díjai hatósági árak, a díjakat, az ár-(díj)alkalmazási és díjfizetési feltételeket miniszteri és önkormányzati rendeletek állapítják meg.",4
"Amennyiben a szerződésszerű teljesítés a MÁO ellenőrzési körén kívül eső, a szerződéskötés időpontjában előre nem látható körülmény miatt marad el (pld. az előadás félbeszakad), és nem volt elvárható, hogy az adott körülményt elkerülje vagy elhárítsa (vis maior), úgy a szerződésszerű teljesítés elmaradásáért a MÁO nem felel, és a szerződés megszűnik. Vis maiornak minősül különösen, de nem kizárólagosan a háború, lázadás, zavargás, járvány, terrorcselekmény, sztrájk, baleset, tűzvész, árvíz, súlyon energiaellátási zavar vagy más olyan, előre nem látható és elháríthatatlan akadály, amely a MÁO hatókörén kívül esik, és emiatt nem képes valamely kötelezettségét, szolgáltatását szerződésszerűen teljesíteni. Ebben az esetben a MÁO a jegye és bérletek árát nem köteles visszatéríteni.",0
"3.4.17. A Kedvezményezett által, vagy rajta keresztül kezdeményezett Fizetési megbízás visszavonása iránt a Bank a Kedvezményezett kérelmére, illetve hozzájárulása birtokában intézkedik.",2
"2. Amennyiben Felhasználó kifejezetten és önkéntesen hozzájárult az Alkalmazásban, vagyis az Alkalmazáson keresztül elektronikus levelezés útján vagy e-mailen küldött értesítésben történő marketingtartalmak megjelenítéséhez, és a Felhasználó az applikáció letöltésekor/megnyitásakor, azaz Szeretnék értesülni a BKK ajánlatairól, a hírlevélre feliratkozom jelölőnégyzetet bepipálta, vagy amennyiben a Felhasználó az Alkalmazás használata során a Felhasználói fiókjában a Személyes adatok menüponton belül a Feliratkozom a hírlevélre jelölőnégyzetet utólag bepipálta, és ezáltal feliratkozott a BKK hírlevelére, úgy a BKK a Felhasználónak elektronikus hírlevelet, direktmarketing-vagy egyéb marketingtartalmakat küld.",3
"A Vállalkozó kötelezi magát arra, hogy a Szerződés teljesítéséhez kizárólag olyan személyeket (alvállalkozókat) alkalmaz, akik/amelyek rendezett társadalombiztosítási, egészségbiztosítási jogviszonnyal rendelkeznek. ",4
"2.1 A Bank a vonatkozó ÁSZF, a vonatkozó Hirdetmény és a Bank Üzletszabályzatának Ügyfél/Felhasználó általi elfogadásával K&H e-bank szolgáltatást nyújt az Ügyfél/Felhasználó részére, s e szolgáltatások igénybevételéhez – az Ügyfél rendelkezésének megfelelően – e-bank azonosító kártyát vagy – az ügyfél választása szerint - e-azonosító számot bocsát ki.",3
"FoxPost csomagautomata - A FOXPOST egy egyszerű, rugalmas, érintkezésmentes és környezettudatos csomagátvételi és -küldési mód. Ha megrendelését bármely FOXPOST csomagautomata egyikébe kéri, nem kell egész nap a futárra várnia. Az országos, folyamatosan bővülő csomagautomata-hálózat automatái könnyen hozzáférhetőek az ország számos pontján, hol beltérben, hol kültéren, és reggeltől estig elérhetőek. Miután átadtuk a FOXPOST-nak a csomagot, Ők 1 munkanap alatt kiszállítják az automatába, majd sms-ben küldenek egy értesítőt és egy egyedi kódot, mellyel 3 napig átveheti.",3
"Az igény bejelentésekor az utas visszajelzést kap, ha a kiválasztott járattal az utazni kívánó személyek nem tudnak elutazni, mert azon nincs megfelelő mennyiségű szabad hely. A TELEBUSZ járatot a bejelentéskor megadott személyek vehetik igénybe, további személyek utaztatása csak rendelkezésre álló szabad kapacitás esetén történhet, a járművezető döntése alapján.",3
"88. Az Alza a termékek tulajdonjogát a vételár teljes összegének kifizetéséig fenntartja, a Fogyasztó csak azután szerzi meg a termék tulajdonjogát, hogy a teljes vételárat kifizette. Digitális tartalom esetén az Alza a digitális tartalmat kizárólag a teljes vételár kifizetése után bocsátja a Fogyasztó rendelkezésére.",4
"f. Alza utalvánnyal történő fizetés, ",4
"5.9.1.1. Bármikor aktiválható a „Payment by 1 click” (Fizetés 1 kattintással) fizetési mód, ha az Ügyfél/Vásárló Saját fiókjában a „Bankkártyáim” menüpontba lép és kiválasztja a „Bankkártya hozzáadása” opciót. Az Ügyfél/Vásárló ezt követően a fizetést feldolgozó szolgáltató fizetési felületére kerül átirányításra, ahol bankkártya- adatait megadva egy 70,- forint összegű online bankkártyás fizetést kell végrehajtania a bankkártyája beazonosításához, validálásához. Miután a bankkártyát kibocsátó bank beazonosította a bankkártyát, a „Payment by 1 click” (Fizetés 1 kattintással) fizetési mód automatikusan aktiválásra kerül és az így regisztrált bankkártyához Token kerül létrehozásra. Ettől az időponttól kezdve az Ügyfél/Vásárló használhatja a Payment by 1 click” (Fizetés 1 kattintással) fizetési módot bankkártyája Tokenje segítségével az általa leadott jövőbeni rendelések során történő fizetéskor. Fontos: Az Ügyfél/Vásárló bankkártyáján a kártyakibocsátó bank a 70,- forintos összeget zárolja az Ügyfél/Vásárló által megadott bankkártya-adatok, így a bankkártya beazonosítása céljából, azonban ez az összeg nem kerül levonásra az Ügyfél/Vásárló bankkártyájáról. ",0
DH1 – elektronikus szerződéskötés,4
"17.10 Összeférhetetlenségek. Amennyiben bármely harmadik fél kereskedőpartner további feltételeket biztosít, vagy a jelen Feltételeknél és/vagy a Visszatérítési és Visszaküldési Szabályzatunknál kedvezőbb garanciát kínál, ezen további feltételek az irányadók. A Temu azonban nem vállal felelősséget ezen feltételekért, és Önnek követnie kell a kereskedőpartner utasításait, vagy közvetlenül kell felvennie velük a kapcsolatot annak érdekében, hogy ezen feltételek érvényesüljenek, illetve ha bármilyen kérdése merül fel, vagy úgy véli, hogy bármely feltétel jogellenes vagy érvénytelen. Amennyiben e kiegészítő feltételek bármelyike jogellenes vagy érvénytelen, a kötelező fogyasztóvédelmi jogszabályok az irányadóak. A Temu fenntartja a jogot, hogy eltávolítson vagy korlátozza a hozzáférést bármely olyan információhoz, amely sérti az alkalmazandó törvényeket, amint tudomást szerez róla.",1
d.2. A készpénzben történő befizetés során a fogyasztó köteles figyelembe venni a hatályos jogszabályi rendelkezésekben meghatározott készpénzfizetési limitációkat. Az Eladó nem vállal felelősséget a fogyasztó ezen rendelkezések megszegéséből eredő jogkövetkezményekért.,3
"2.2 Az Ügyfél köteles rendelkezni az e-bank szolgáltatás igénybevételéhez szükséges, a Bank által meghatározott berendezésekkel, illetőleg ilyen berendezések használatára jogosultnak kell lennie. Ezen berendezések valamint a szolgáltatás igénybevételéhez szükséges egyéb eszközök műszaki jellemzőit, használatát az Ügyfél köteles megismerni.",3
47. A DH1 Hiteligénylési Adatlapon feltüntetett adatok ellenőrzése az alábbiak szerint történik:,4
"23. A Finanszírozó a vonatkozó jogszabályok szerint köteles a Szolgáltató által jelentett ellátási esetek, illetve egyes ellátási területeken a finanszírozási szerződésben rögzített, a finanszírozás alapjául szolgáló adatok alapján a finanszírozási díját megállapítani és a jelentés leadásának hónapjában, vagy amennyiben a jogszabály másként rendelkezik, a jogszabály által meghatározott időben a mindenkor hatályos, államháztartás működési rendjére vonatkozó jogszabályi előírások szerint utalványozni a Szolgáltató részére. A Finanszírozó köteles az elszámolt szolgáltatásokról és a finanszírozás keretében folyósított díjakról – a jogszabályban meghatározott módon – a Szolgáltatót havonta értesíteni.",2
"5.2.2.4. Kiemelés kerettel: A kiemelés kerettel Szolgáltatás igénybevétele esetén az adott hirdetés a találati listában megkülönböztetett, kiemelt kerettel jelenik meg a választott időszak végéig. A kiemelés kerettel Szolgáltatás minimum 1 hétre rendelhető meg.",4
"A DPD nem felel a sikertelen kézbesítésért, ha annak oka nem a saját tevékenységi körében keletkezik, hanem a kézbesítéshez szükséges valamely feltétel a feladó, címzett vagy egyéb külső ok miatt nem teljesül.   ",4
"5.2 Ön tudomásul veszi, hogy az Ön által megadott bármely e-mail-címen vagy telefonszámon kommunikálhatunk Önnel az alábbi célokból: (i) az Ön Fiókjával kapcsolatos értesítés; (ii) a Fiókjával kapcsolatos problémák elhárítása; (iii) jogvita rendezése; (iv) tartozás behajtása; (v) a véleményének kikérése felmérések vagy kérdőívek segítségével; (vi) értesítés a megrendelések, a fizetés és szállítás frissítéseiről; (vii) hitelesítési szövegek küldése, beleértve az egyszeri jelszavakat; vagy (viii) amennyiben az egyébként szükséges az Ön Fiókjának karbantartásához vagy a jelen Feltételek, a Szabályzatok, az alkalmazandó törvények és előírások, illetve bármely más, Önnel kötött megállapodásunk érvényesítéséhez az Ön vonatkozó engedélyeinek, beállításainak és preferenciáinak megfelelően. Az általunk küldött szöveges üzenetekre az Ön mobiltelefon-szolgáltatója által alkalmazott szokásos szöveges üzenetküldési díjak vonatkozhatnak.",3
"38. A DH1 legmagasabb összegét a Rendelet 5. § (1) bekezdés a) pontja és 21. § (2) bekezdése rögzíti. Tekintettel az 58. pontban foglaltakra is, a tanulmányi hónaponként igényelhető legmagasabb összeg 150.000,-Ft. A DH1-t a Hitelfevevő választása szerint havonta részletekben vagy tanulmányi félévenként egy összegben veheti fel.",2
"5. Törvényes elállási jog a Zalando áruk tekintetében, amikor Zalando árut vásárol, Önt törvényes elállási jog illeti meg: Az első dolog, amit tudnia kell, hogy ha az áru visszaküldése mellett dönt, hogy ennek érdekében használhatja a megrendeléséhez mellékelt visszaküldési címkét, vagy azt az ügyfélfiókjának oldaláról ki is nyomtathatja. Ha nincs hozzáférése nyomtatóhoz, esetleg problémái adódnak a visszaküldési címke letöltésével, vagy ha új visszaküldési címke szükséges, akkor kapcsolatba léphet az ügyfélszolgálattal új címke igénylése érdekében (elérhetőségeket lásd alább). Kérjük, segítsen nekünk elkerülni a felesleges költségeket azzal, hogy áru visszaküldésekor minden esetben használja a visszaküldési címkét. Ön jogosult a jelen szerződéstől 14 napon belül indokolás nélkül elállni. Az elállási határidő attól a naptól számított 14 nap, amikor Ön vagy az Ön által megjelölt harmadik személy (aki nem a fuvarozó) az utolsó árut is átvette. Az elállási jog gyakorlása érdekében, az erre irányuló szándékát tartalmazó egyértelmű nyilatkozat megküldésével, értesítenie kell bennünket minket (Zalando SE, Valeska-Gert-Str. 5, 10243 Berlin, Telefon: 0680021598, e-mail: elallas@zalando.hu) a szerződéstől való elállásra vonatkozó döntéséről (pl. postai úton küldött levél, fax vagy e-mail). Amennyiben szeretné, ehhez használhatja a mellékelt elállási formanyomtatványt, de ez nem kötelező. Az elállási formanyomtatványt vagy más egyértelmű nyilatkozatot online is kitöltheti és elküldheti a honlapunkon található kapcsolatfelvételi űrlapon keresztül. Ha az elállási nyilatkozatát online nyújtja be, annak kézhezvételéről Önnek késedelem nélkül (pl. e-mailben) visszaigazolást küldünk. Az elállásra vonatkozó határidő Ön által betartottan minősül, amennyiben az elállásra vonatkozó nyilatkozatát a vonatkozó határidő lejárta előtt számunkra elküldi. Ha Ön eláll ettől a szerződéstől, haladéktalanul, de legkésőbb az Ön elállási nyilatkozatának kézhezvételétől számított 14 napon belül visszatérítjük az Ön által teljesített valamennyi ellenszolgáltatást, ideértve a fuvarozási költséget is (kivéve azokat a többletköltségeket, amelyek amiatt merültek fel, hogy Ön az általunk felkínált, legolcsóbb szokásos fuvarozási módtól eltérő fuvarozási módot választott.) A visszatérítéseket ugyanazzal a fizetési móddal dolgozzuk fel, amelyet Ön az eredeti tranzakció során használt, kivéve, ha kifejezetten másképp állapodtunk meg Önnel. A visszatérítésért semmilyen díjat nem számítunk fel Önnek. Visszatarthatjuk a visszatérítés teljesítését, amíg vissza nem kapjuk az árut, vagy amíg Ön nem szolgáltat nekünk bizonyítékot arra vonatkozóan, hogy az árut visszaküldte, attól függően, hogy melyik következik be korábban. Ön köteles az összes árut indokolatlan késedelem nélkül, de legkésőbb attól a naptól számított 14 napon belül visszaküldeni vagy átadni nekünk, amikor Ön a jelen szerződéstől való elállásról értesített minket. A fenti követelményt teljesítettnek tekintendő, ha Ön a 14 napos határidő lejárta előtt visszaküldi az árut. Mi vállaljuk a visszaküldés költségeit, feltéve, hogy Ön az általunk biztosított visszaküldési címkét használja az abból az országból történő szállításhoz, ahová a szállítást végeztük Önnek, ellenkező esetben a visszaküldés költségeit Önnek kell megfizetnie. Ön kizárólag akkor vonható felelősségre a termékben bekövetkezett értékcsökkenésért, ha az a termék jellegének, tulajdonságainak és működésének megállapításához szükséges használatot meghaladó és nem megfelelő használat miatt következett be.",0
"A Vállalkozó a munka végzése során olyan képzett és tapasztalt, a szükséges jogosultsággal rendelkező vezetőket és irányítókat, továbbá szakképzett, betanított és segéd munkaerőt köteles biztosítani, ami a Vállalkozó Szerződés szerinti kötelezettségeinek megfelelő és időben történő teljesítése érdekében szükséges. ",3
"A szerződés hatálya, megszűnése: A személyszállítási szerződés az utazás befejezéséig hatályos. Az utazás akkor fejeződik be, amikor az utas a céljának megfelelő vasútállomáson vagy megállóhelyen az utas a járműről leszáll, illetve a zárt peronként megjelölt területét elhagyja, valamint ha a célja elérése előtt az utazásról (továbbutazásról) jelen Üzletszabályzat rendelkezései szerint lemond, vagy ha az utast a vasúti társaság az utazásból kizárja.",2
"e. az Alza tudomására jut, hogy a Fogyasztó megsértette az adott termék vonatkozásában bevezetett általa előre kommunikált mennyiségi korlátozást.",4
"c) az adott Kártyaszámlához kapcsolódó újabb Kártya igénylése,",4
"Online fizetés: a Vaterán elérhető elektronikus fizetési mód összefoglaló elnevezése, amely a bankkártyás fizetést és a Barion Tárcával (Barion Wallet) történő fizetési lehetőséget foglalja magában, amelyhez a Társaság a Barion Payment Zrt. rendszerét veszi igénybe.",4
"A személyes átadással kézbesítendő könyvelt postai küldemény sikertelen kézbesítése esetén kormányrendelet eltérő rendelkezése hiányában a postai szolgáltató a küldemény fajtájáról, a kézbesítés megkísérlésének napjáról, valamint arról, hogy a küldemény hol és mikor vehető át, írásbeli értesítőt hagy hátra. Az értesítő elhelyezésére a nem könyvelt postai küldemény kézbesítésének a szabályai az irányadók.  ",1
"3. A Felhasználó kijelenti, hogy a BKK Zrt. Adatkezelési tájékoztatójában foglaltakat megismerte.",4
"9.2. Vállalkozó  az olyan okból eredő a késedelmes szakasz és végteljesítés, nem
teljesítés ill. mulasztás esetére, amelyért felelős, késedelmi kötbér fizetésére
köteles, melynek mértékét a felek az alvállalkozói szerződésben határozzák meg.",3
"5.1. A vételár egyéb kikötés hiányában tartalmazza a Termék nettó árát, a Vevő által meghatározott pontos teljesítési helyre (akár helyiség szintjén meghatározott teljesítési pontra) történő szállítás, a (le- és be)rakodás, a csomagolás, a szerelés, az üzembe helyezés, a jótállási- és szavatossági kötelezettségek költségeit, a biztosítást, a különböző adókat, vámokat, az Eladó közterheit – az általános forgalmi adó kivételével – és minden egyéb kapcsolódó díjat és költséget. Erre tekintettel Eladó Vevővel szemben semmiféle egyéb, többlet-térítési vagy költségtérítési igénnyel semmilyen jogcímen nem élhet.",3
"A Vállalkozó köteles valamennyi közreműködőjével betartatni az összes, a Szerződésben általa a Megrendelővel szemben vállalt kötelezettséget. ",4
109. A hibás teljesítés kapcsán érvényesíthető jogok részleteit bővebben a következő fejezetek tartalmazzák.,3
"1. Amennyiben jelen ÁSZF valamely rendelkezése érvénytelen vagy érvénytelenné válik, úgy ez a rendelkezés a megállapodás többi rendelkezését nem érinti.",3
"11.5.1. A rangsorolást befolyásoló kulcstényezők Keresés relevanciája: Rendszerünk előre sorolja azokat a termékeket, amelyek megfelelnek az Ön által beírt keresési kulcsszavaknak vagy böngészési előzményeinek. Ebbe beletartozik a címek, a leírások és kategóriák becslése az Ön kulcsszavai, szűrői, kategóriái és választásai tükrében. Népszerűség: Azok a termékek, amelyeket más vevők sokszor vásárolnak, jó értékeléseket írnak róluk vagy gyakran megtekintenek, előrébb kerülnek, mivel ezek a mutatók jó ügyfélelégedettséget és nagy érdeklődést feltételeznek. Személyre szabás: Ha Ön bejelentkezve használja rendszerünket, akkor az felhasználja a keresési és vásárlási előzményeit és preferenciáit (pl. méret, stílus), hogy az Ön érdeklődéséhez igazítsa a rangsorolást. Ár: A rendszer kiemeli azokat a termékeket, amelyek szerepelnek az Ön preferenciái között vagy amelyek akciósak, ugyanakkor bemutat minden árkategóriát. Promóciók és támogatott tartalom: A különleges promóciók részét képező vagy a kereskedők által támogatott termékek nagyobb láthatóságot kapnak. A támogatott tartalmakat jól láthatóan címkézzük, így biztosítva az átláthatóságot. Elérhetőség: A készleten lévő, azonnal elérhető termékeket előre soroljuk a vásárlási élmény növeléséért. Fenntarthatósági mutatók: A bizonyos fenntarthatósági feltételeknek megfelelő termékek, például a környezetbarát anyagból készült vagy környezetbarát módon előállított termékek szűrhetők, amennyiben Önnek fontosak ezek a tulajdonságok. Ország: Az, hogy melyik Zalando Shopot látogatja, befolyással lehet arra, hogy mely termékek elérhetők az Ön számára.",2
"A Szolgáltató nem vállal felelősséget azokért a károkért, amelyek az Előfizető érdekkörében merülnek fel, ideértve
különösen az olyan kábelhálózaton keletkezett kárt, mely az Előfizető ingatlanában már korábban kiépítésre került
és az Előfizető döntése szerint a Szolgáltató ezen hálózaton keresztül biztosítja a szolgáltatást.
Ha az Előfizető által tett hibabejelentést követő vizsgálat megállapításai szerint a hiba nem a Szolgáltató
érdekkörében merült fel, úgy az átvizsgálással és a kiszállással kapcsolatos költségeket az Előfizető köteles a
Szolgáltató számlája alapján a Szolgáltató számára megfizetni.",2
"A fogyasztó akkor is jogosult – a szerződésszegés súlyához igazodva – az ellenszolgáltatás arányos leszállítását igényelni, illetve a digitális tartalom szolgáltatására irányuló szerződést megszüntetni, ha a kijavítás vagy kicserélés lehetetlen, vagy az az Eladónak aránytalan többletköltséget eredményezne; az Eladó a kijavításra vagy kicserélésre vonatkozó kellékszavatossági jog gyakorlása esetén - a fogyasztó számára okozott jelentős kényelmetlenség nélkül, a digitális tartalom vagy a digitális szolgáltatás jellegére és céljára figyelemmel - a teljesítést a hiba fogyasztó általi közlésétől számított észszerű időn belül térítésmentesen nem teszi szerződésszerűvé; ismételten teljesítési hiba merült fel, annak ellenére, hogy a vállalkozás megkísérelte az áru szerződésszerűvé tételét; a teljesítés hibája olyan súlyú, hogy azonnali árleszállítást vagy a szerződés azonnali megszüntetését teszi indokolttá; vagy az Eladó nem vállalta a szolgáltatás szerződésszerűvé tételét, vagy a körülményekből nyilvánvaló, hogy a vállalkozás észszerű határidőn belül vagy a fogyasztónak okozott jelentős érdeksérelem nélkül nem fogja a szolgáltatást szerződésszerűvé tenni.",3
"8.1. A Lebonyolító - a támogatás igénylésének jogszerűségétől, valamint az Okiratban  foglaltak
megsértésének körülmé nyeitől függően – az Okiratban  meghatározott egyéb esetek mellett
jogosult a támogatás  visszavon ásáról rendelkez ni, ha az alábbiakban foglalt feltételek közül
legalább egy bekövetkezik:

a) a Kedvezményezett jogosulatlanul vette igénybe a támogatást;

b) az O kiratban a megvalósításra meghatározott kezdő időponttól számított hat hónapon belül
a támogatott tevékenység nem kezdődik meg, vagy a Kedvezményezett a támogatás
igénybevételét neki felróható okból nem kezdeményezi, és késedelmét ezen idő alatt írásban
sem menti ki;

c) a Kedvezményezett a támogatásról szóló döntés tartalmát érdemben befolyáso ló valótlan,
hamis vagy megtévesztő adatot szolgáltatott vagy ilyen nyilatkozatot tett a pályázat
benyújtásakor, vagy az O kirat kiadásakor, az elszámolás, illetve az ellenőrzés során lényeges
körülményt elhallgatott, illetve lényeges körülményről, tényről valótlan, hamis adatot
szolgáltatott ;

d) olyan körülmény merül fel, vagy jut a Támogató, vagy a Lebonyolító tudomására, amely
alapján az Ávr. 81. § -ában foglaltak szerint nem adható ki támogatói okirat;

e) a támogatott feladat megvalósítása meghiúsul, tartós akadályba ütközik, vagy az O kiratban
foglalt ütemezéshez képest jelentős az Okirat módosításával nem orvosolható késedelmet
szenved;

f) a Kedvezményezett neki felróható okból megszegi az Okiratból, illetve az azzal kapcsolatos
jogszabályokból eredő kötelezettségeit, így különösen nem tesz eleget ellenőrzéstűrési
kötelezettségének (az ellenőrzés során felróható magatartásával az ellenőrző szerv
munkáját ellehetetleníti), és ennek következtében a támogatott tevékenység szabályszerű
megvalósítását nem l ehet ellenőrizni;

g) a Kedvezményezett az Okiratban meghatározott vagy az Okirat kiadásának feltételeként
jogszabály által előírt nyilatkozatok bármelyikét visszavonja;



10 h) a Kedvezményezett az Okiratban meghatározott beszámoló benyújtásának (pót)határidejét
elmulasztotta, vagy a beszámolót annak Lebonyolító által történő előterjesztését követően a
Támogató nem fogadta el;

i) a Kedvezményezett részéről vagy a Kedvezményezettre tekintettel harmadik személy
részéről nyújtott biztosíték megszűnik, megsemmisül, vagy értéke egyébként számottevően
csökken, és a Kedvezményezett megfelelő új biztosíték, vagy az értékcsökkenésnek
megfelelő további biztosíték nyújtásáról a Támogató, vagy Lebonyolító által megszabott
határidőn belül nem intézkedik;

j) a Kedvezményezett működés e a pályázat  benyújtásának és az Okirat kiadásának időpontja
közötti időszakban nem felelt meg az Áht. 50. § -ában meghatározott követelményeknek ;

k) a Kedvezményezett a Lebonyolító által előírt biztosítékot a Lebonyolító által megjelölt
határidőig nem vagy n em megfelelően nyújtotta be;

l) Lebonyolító tudomására jut, hogy Kedvezményezett a támogatott tevékenységhez szükséges
jogerős hatósági engedélyekkel nem rendelkezik, vagy jogerős végzéssel elrendelt
felszámolási, csőd -, végelszámolási vagy egyéb – a megszün tetésére irányuló, jogszabályban
meghatározott – eljárás alatt áll, vagy a közpénzekből nyújtott támogatások átláthatóságáról
szóló jogszabályok alapján nem részesülhetett volna támogatásban, vagy az Okirat
kiadásának időpontjában nem felelt meg a rendezet t munkaügyi kapcsolatok jogszabályi
követelményeinek;

m) Kedvezményezett a támogatást az Okirattól eltérően, rendeltetésellenesen vagy nem
jogszerűen használta fel;

n) Kedvezményezett jelen ÁSZF 5.3. pontjában  rögzített bejelentési kötelezettségének
meghatároz ott határidőben nem tett eleget .",2
"6.3. Elállás esetén a megrendelt áru(ka)t a Felhasználó köteles a Szolgáltatónak visszaküldeni. Az áru(k) visszaküldésének költségét a fogyasztónak kell viselnie, a Szolgáltató nem vállalja e költség viselését.",4
"2.6.2.1. Bankszámlával rendelkező Ügyfél részére, tevékenysége keretében, a rá vonatkozó jogszabály rendelkezései szerint átvett pénzek bizalmi őrzésére szolgáló elkülönített számla.",2
"Kellékszavatossági igénye alapján a Felhasználó választása szerint kijavítást vagy kicserélést igényelhet, kivéve, ha a választott kellékszavatossági jog teljesítése lehetetlen, vagy ha az a Szolgáltatónak - másik kellékszavatossági igény teljesítésével összehasonlítva - aránytalan többletköltséget eredményezne, figyelembe véve a szolgáltatás hibátlan állapotban képviselt értékét, a szerződésszegés súlyát és a kellékszavatossági jog teljesítésével a Felhasználónak okozott érdeksérelmet; vagy az ellenszolgáltatás arányos leszállítását igényelheti, vagy a hibát a Szolgáltató költségére maga kijavíthatja vagy mással kijavíttathatja.  A Felhasználó a szerződéstől elállhat, ha a Szolgáltató a kijavítást vagy a kicserélést nem vállalta, annak nem tud eleget tenni, vagy ha a jogosultnak a kijavításhoz vagy kicseréléshez fűződő érdeke megszűnt.",1
"6.2. Nem illeti meg az elállási jog a Felhasználót/Vevőt: amennyiben a termék a Vevőnél megsérült, abban a Vevő kárt tesz, használja és azt az Eladó általi, az eredeti állapotában való értékesítésre alkalmatlanná teszi, olyan nem előre gyártott termék esetében, amelyet a fogyasztó utasítása alapján vagy kifejezett kérésére állítottak elő, vagy olyan termék esetében, amelyet egyértelműen a fogyasztó személyére szabtak, a lezárt csomagolású hang-, illetve képfelvétel, valamint számítógépes szoftver példányának adásvétele tekintetében, ha az átadást követően a fogyasztó a csomagolást felbontotta, olyan zárt csomagolású termék tekintetében, amely egészségvédelmi vagy higiéniai okokból az átadást követő felbontása után nem küldhető vissza, olyan termék tekintetében, amely jellegénél fogva az átadást követően elválaszthatatlanul vegyül más termékkel.",1
"Számfüggetlen személyközi hírközlési szolgáltatás: olyan személyközi hírközlési szolgáltatás, amelynél a kapcsolat nem kiosztott számozási erőforrások, nem a nemzeti vagy nemzetközi számozási tervben szereplő hívószám vagy hívószámok igénybevételével valósul meg és amely nem tesz lehetővé kommunikációt nemzeti, illetve nemzetközi számozási tervben szereplő hívószámra vagy hívószámokra. A Szolgáltató által biztosított Wi-Fi és e-mail szolgáltatásra a számfüggetlen személyközi hírközlési szolgáltatás szabályai alkalmazandók.",3
5.1. Egyedi hirdetési szerződéssel nem rendelkező Felhasználókra vonatkozó rendelkezések,4
"Eladó: az a Felhasználó, aki a Vaterán Terméket eladásra kínál, azaz eladás céljából Terméket feltölt;",4
"A Megrendelő a hozzá beérkező kárigényt továbbítja a Vállalkozónak, aki annak vonatkozásában a káreseménnyel kapcsolatban rendelkezésére álló valamennyi okiratot, valamint a káreseménnyel kapcsolatos álláspontját, továbbá a károsulttal történő egyeztetésének és a kárigény teljes körű rendezésének tényét igazoló teljes bizonyító erejű okiratokat 30 naptári napon belül köteles megküldeni a Megrendelőnek. Amennyiben a Vállalkozó a kárigény teljes körű rendezését okiratokkal nem igazolja, úgy a Megrendelő jogosult a benyújtott kárigény általa indokoltnak tekintett részének teljesítési összegét és vonatkozó költségeit (szakértői díj, felmérések stb.) a Vállalkozó soron következő számlájába beszámítani, vagy annak teljes összegét a Vállalkozóval szemben egyéb módon érvényesíteni. ",1
"15. A Szolgáltató a szolgáltatások térítésmentes – jogszabályban meghatározott szolgáltatások esetében részleges térítés ellenében történő – nyújtását nem tagadhatja meg azon jogosult részére, aki a területi ellátási kötelezettségébe tartozik, illetve akinek ellátására területileg nem kötelezett, de az ellátását vállalta.",3
"5.2.2.5. Garanciális hirdetés: A garanciális kiemelés egy külön szerződéskötéssel megrendelhető kiemelési lehetőség, amely kizárólag egyedi hirdetési szerződéssel rendelkező Felhasználóknak érhető el. Célja, hogy azon járműveket kiemelje a találati lista oldalon, amelyek a márkakereskedés által biztosított garanciális programban részt vesznek. A kiemelési lehetőség a szerződéskötés után nem egy hirdetésre, hanem az egész fiókra érvényes külön díj megfizetése ellenében. A garanciális kiemelést egy „Garanciális” megjelölés jelzi, amelynek megjelenítése és a hozzá tartozó beállítások a hirdetésfeladás folyamata alatt, az egyes járművekhez tartozó hirdetésfeladási felületen érhető el.",3
"31.6. nem rendelkezik a Diákhitel Központtal korábban kötött, de megszűnt hitel- vagy kölcsönszerződésből eredő hiteltartozással, illetőleg nem részesült korábban Diákhitel Központtal kötött hitel- vagy kölcsönszerződés vonatkozásában egészségkárosodás bekövetkezése alapján tartozáselengedési kedvezményben,",3
b. két évet meghaladó időtartamú folyamatos szolgáltatás esetén: a szolgáltatás teljes időtartama alatt. ,2
"8.5 A jelen Feltételek lényeges megsértésének minősül, ha a Szolgáltatásokon keresztül megvásárolt Termékek után fizetendő díj megfizetésének megkerülése céljából a Temun kívül szervezi meg a felsorolt termékek adásvételét a harmadik felektől vagy a díjak megfizetését a harmadik feleknek.",3
"1.1 A jelen Feltételek Ön és a(z) Whaleco Technology Limited, egy írországi vállalat között jönnek létre.",4
"16. A Webáruház bárki által látogatható, és lehetőség van saját felhasználói fiók létrehozására is, regisztráció útján. A Fogyasztók a Webáruházában regisztrációval, illetve regisztráció nélkül, vendégként is bonyolíthatnak vásárlást.",4
"5.8. A webáruházban fellelhetőek olyan termékek, melyeket – a termék jellege, tulajdonsága, használhatósága alapján – a Hüperion Kft. kizárólag a szakmája, önálló foglalkozása vagy üzleti tevékenysége körében eljáró Figyelemmel arra, hogy az egyes tartós fogyasztási cikkekre vonatkozó kötelező jótállásról szóló 151/2003. (IX. 22.) Korm. rendelet 1.§ alapján a kötelező jótállás kizárólag a Polgári Törvénykönyv szerinti fogyasztó és vállalkozás közötti szerződés keretében eladott – rendelet 1. mellékletben felsorolt – új tartós fogyasztási cikkekre terjed ki, a vállalkozások részére értékesített termékek esetén a Hüperion Kft-t jótállási A Hüperion Kft. minden esetben egyértelműen megjelöli azon termékeket, amelyek vásárlása esetén a Vásárlónak a megrendelő oldalon adószámot szükséges megadnia, valamint nyilatkozni arról, hogy a szakmája, önálló foglalkozása vagy üzleti tevékenysége körében eljáró Ezen termékek esetében a Vásárló a jelen Ászf-ben meghatározott módon élhet kellékszavatossági igényével.",0
"1.3. Üzemeltető hirdetési helyet biztosít Felhasználói részére gépjárműhirdetéseik elhelyezésére a Weboldalon, termékeik hirdetésére, illetve a hirdetéshez kapcsolódó egyéb szolgáltatásokat nyújt a Weboldalakon keresztül elérhető adatbázisokban, illetve kereső rendszerben. A mobil alkalmazásban a hasznaltauto.hu internetes oldalon elérhető egyes funkciók nem vagy korlátozott módon érhetőek el, ezekre a jelen ÁSZF rendelkezései értelemszerűen alkalmazandók.",4
"A hagyományos levelezésen túl a szerződő Felek a gyors információcsere érdekében a kapcsolatot faxon, illetve elektronikus úton is tartják. A faxon küldött dokumentumokat akkor kell megküldöttnek tekinteni, ha azt a Felek a Szerződésben megjelölt hívószámára küldték meg, és azt a vonatkozó „adási nyugta” igazolta. Az elektronikus úton (e-mailben) küldött dokumentumokat akkor kell megküldöttnek tekinteni, ha azt a Felek a Szerződésben megjelölt e-mail címre küldték meg és a címzett az e-mail címre elküldött üzenet, dokumentáció elolvasását visszaigazolta. A Szerződés teljesítése során a felek közötti kapcsolattartás kizárólag a Szerződésben megjelölt kapcsolattartók útján történik. A kapcsolattartók jogköre nem terjed ki a Szerződés módosítására. ",4
4.1.4.1. A Számlatulajdonos a Számla felett jogszabályban meghatározott kivételekkel szabadon rendelkezhet.,2
"2.7. A Weboldalakon igénybe vehető szolgáltatás bármely eleme és annak egésze, továbbá a Weboldalon az Üzemeltető által elérhetővé tett minden tartalom (beleértve az egyes felhasználói hirdetéseket, a honlap arculatát, tartalmának, adatbázisának összeválogatását, elrendezését és megjelenítését, ott elérhető szoftvereket, forráskódot, logót is) szerzői (ideértve szomszédos és kapcsolódó) jogi védelem – és bizonyos esetekben – iparjogvédelem, büntető jogi, illetőleg polgári jogi védelem alatt áll. Üzemeltető minden jogi eszközt igénybe vesz és fellép a jogellenes cselekményekkel szemben.",4
"12.4 A Zalando ajándékkártyák Zalando ajándékkártyánként 80000 HUF maximális értékre és vásárlásonként 80000 HUF maximális értékű Zalando ajándékkártyára korlátozódnak. Lehetőség van vásárlásonként több Zalando ajándékkártya használatára 80000 HUF maximális értékben. A Zalando Gift ajándékkártyákon maradó mindennemű összeg felhasználható jövőbeni vásárlásokra., A naptári hónaponként felhasználható ajándékkártyák maximális értéke 5000,– euróra korlátozódik. Azügyfélfiókjához naptári hónaponként kapcsolható ajándékkártyák maximális értéke i5000,– euróra korlátozódik.",3
"A szállítás díja minden esetben a Vevőt terheli, amely a Termék vételárával együtt kerül megfizetésre a Vatera részére. A szállítási díj összege az Eladó által megadott paraméterek alapján szállítási szolgáltatóként és szállítási módonként kerül kalkulálásra és feltüntetésre a Vevő számára a szállítási szolgáltató kiválasztására szolgáló oldalon, illetve a megrendelés leadása előtti összesítő oldalon. A szállítási díjak aktuális összege a Díjtáblázatban kerül feltüntetésre. A Vatera a Vevő szállítási igényét a megrendelés leadását követően automatikusan továbbítja a választott szállítási szolgáltató részére. A Vevő a szállítási díj kifizetésével egy digitális szállítókódot vásárol a Termék elküldésére, amelyet a választott szállítási szolgáltató biztosít az Eladó részére, a szállítókód elérhetővé válásáról a Vatera tájékoztatja az Eladót. Egyebekben a Vatera a Szállítási Szolgáltatás nyújtásában nem működik közre, abban nem vesz részt.",2
" 1.3.6. Ha az Eladó a Vásárló által megrendelt Termék(ek) szállítását nem tudja teljesíteni, úgy erről köteles tájékoztatni a Vásárlót, és a Megrendelés ellenértékét 7 napon belül visszatéríteni részére, ha az kiegyenlítésre került, és a Vásárló is kifejezte és elfogadta a szerződés felbontásának tényét. A Felek megállapodhatnak a Megrendelés teljesítésének átütemezéséről és/vagy módosításáról is.",2
"1.10 A Felhasználói Tartalom nyelve a magyar, ettől eltérni csak indokolt esetben lehet.",4
10.4 A hődíjat a hőközponti mérés szerinti távhőszolgáltatás esetén a hőközpontban mért hőmennyiség után kell megfizetni.,4
"A kijavításra vagy kicserélésre vonatkozó kellékszavatossági jog gyakorlása esetén az Eladó - a fogyasztó számára okozott jelentős kényelmetlenség nélkül, a digitális tartalom vagy a digitális szolgáltatás jellegére és céljára figyelemmel - köteles a teljesítést a hiba fogyasztó általi közlésétől számított észszerű időn belül térítésmentesen szerződésszerűvé tenni.",3
"2.1.10. A Bank a Bankszámla megnyitásához szükséges dokumentumok, valamint a közjegyző, illetve az alapító okiratot–bemutatás céljából – közjegyző által készített vagy a társasági szerződést készítő ügyvéd által hitelesített aláírási címpéldány eredeti példányait / az eredeti okiratok alapján a Bank által hitelesített másolatot, vagy a jelen pontban megjelölt dokumentumok elektronikus okirati formában készült példányait becsatolás céljából minden esetben kéri.",2
"1.21 A teljes Felhasználói Tartalom tekintetében az Üzemeltető az elektronikus kereskedelmi szolgáltatások, valamint az információs társadalommal összefüggő szolgáltatások egyes kérdéseiről szóló 2001. évi CVIII. törvény 2.§ lc) pontja szerinti közvetítő szolgáltatónak minősül. Ezen törvény 7.§ (3) bekezdése szerint az Üzemeltető nem köteles ellenőrizni az általa csak továbbított, tárolt, hozzáférhetővé tett információt, továbbá nem köteles olyan tényeket vagy körülményeket keresni, amelyek jogellenes tevékenység folytatására utalnak.",1
"4.3 A Szerződés a Felhasználó által történő aláírását követően, a Szerződésben rögzített időpontban jön létre.",4
"3.4.9. Az átutalási végzés, illetve a kedvezményezett által közvetlenül a Bankhoz benyújtott hatósági átutalási megbízás teljesítésének a visszautasításáról a Bank közvetlenül értesíti az átutalási végzés benyújtóját, a Kedvezményezettet, illetve annak pénzforgalmi szolgáltatóját.",1
"Jelen ÁSZF-ben nem szabályozott kérdésekben a Polgári Törvénykönyvről szóló 2013. évi V. törvény és az egészségügyről szóló 1997. évi CLIV. számú törvény rendelkezései, illetve a mindenkor hatályos magyar jogszabályok az irányadóak.",2
"Az Online fizetéssel megvásárolt Termékek esetén az Üzemeltető azok kiszállítására a Vatera Szállítás igénybevételét biztosítja a felhasználók részére. E szolgáltatás keretében a felhasználók a Vaterán eladásra kínált Termékek kiszállításához külső szállítási szolgáltató partnerek szolgáltatásait veszik igénybe, a szóban forgó szolgáltatók mindenkor hatályos, az alábbi linken elérhető általános szerződési feltételei szerint, a jelen ÁFF-ben rögzített eltérésekkel. Ehhez kapcsolódóan a Vatera a Felhasználók által megadott szállítási adatokat rögzíti, illetve a szállítási igényt továbbítja a választott szállítási szolgáltató részére, nem végez azonban csomagfelvételt, -gyűjtést, -feldolgozást, -szállítást, -kézbesítést, így tevékenysége nem minősül szállítási, illetve postai szolgáltatásnak.",2
4.5.2.3. Utánvéttel történő fizetés esetén a munkanapokon 12:00-ig leadott megrendeléseket még azon a munkanapon (hétvége esetén a következő munkanapon) átadjuk a vevő által választott futárszolgálatnak. ,4
"Ha a panaszos a panaszra adott választ nem fogadja el, vagy a DPD a panaszra határidőn belül nem válaszol, a panaszos a válasz kézhezvételétől vagy a válasz elmaradása esetén a válaszadási határidő lejártától számított 30 napon belül a Hatósághoz (Nemzeti Média- és Hírközlési Hatóság) fordulhat a panasz vagy a panaszkezelés kivizsgálása érdekében.  ",2
"d) A kitöltöttség és az adategyezőség ellenőrzése az Üzletszabályzat 31.1. d) pontjában megjelölt, szabad mozgás és tartózkodás jogával rendelkező személyek tartózkodási jogát igazoló okmány (a továbbiakban: tartózkodási jogot igazoló okmány) alapján történik. Meghatalmazott eljárása esetén a Hitelfevevő tartózkodási jogot igazoló okmányában foglalt adatokról kiállított közjegyzői okirat alapján: az okmány száma, érvényessége és jogcíme.",2
"3.1.1. Számlavezetési Szolgáltatási Keretszerződés (továbbiakban: Számlavezetési Keretszerződés) a Bank és a Számlatulajdonos között bankszámla, mint fizetési számla nyitására és vezetésére, pénzforgalmi szolgáltatás nyújtására, a Számlatulajdonos pénzköveteléseinek és pénztartozásainak nyilvántartására, kezelésére létrejött Számlavezetési Keretszerződés (fizetési számla-szerződés), amely meghatározza a Számlavezetési Keretszerződésen alapuló fizetési megbízások, illetve fizetési műveletek lényeges feltételeit. 2016. december 12-ét megelőzően kötött valamennyi bankszámlára és kapcsolódó szolgáltatásokra, valamint a 2016. december 12-ét követően a Hirdetményben megjelölt bankszámlára a jelen ÁSZF Számlavezetési Keretszerződésre vonatkozó rendelkezései az irányadók.",2
"Szolgáltató törekszik arra, hogy a kijavítást vagy kicserélést legfeljebb tizenöt napon belül elvégezze. Ha a kijavítás vagy a kicserélés időtartama a tizenöt napot meghaladja, akkor Szolgáltató a fogyasztót (Felhasználót) tájékoztatni köteles a kijavítás vagy a csere várható időtartamáról. A tájékoztatás a fogyasztó (Felhasználót) előzetes hozzájárulása esetén, elektronikus úton vagy a fogyasztó (Felhasználót) általi átvétel igazolására alkalmas más módon történik.  Kijavítás iránti igényét a jótállási jegyen feltüntetett garanciális szerviznél (javítószolgálatnál) közvetlenül is bejelentheti.",3
"A járóbeteg-szakellátás teljesítéshez szükséges személyi és dologi feltételeket a Szolgáltató biztosítja; gondoskodik továbbá arról, hogy a teljesítéshez szükséges személyi és dologi feltételek a jogviszony teljes időtartama alatt folyamatosan megfelelő állapotban legyenek, illetve szükség esetén gondoskodik az eszközök cseréjéről, pótlásáról.",2
A közbeszerzési eljárás eredményeként megkötött Szerződés esetében a Vállalkozó közreműködő/alvállalkozó (= Kbt. szerinti alvállalkozó) igénybevételére kizárólag a Kbt. rendelkezéseinek figyelembevételével jogosult. A Kbt. ,4
"2.2.10. A Számlatulajdonos / Rendelkező / Törvényes képviselő megbízásán szereplő aláírást a Bank a Számlatulajdonos érdekeinek védelmében akkor is jogosult összevetni a megadott aláírás mintával, ha a Számlatulajdonos / Rendelkező / Törvényes képviselő személyes megjelenésekor személyazonosításra alkalmas közokiratát bemutatta. Amennyiben a Bank megállapítja, hogy a Számlatulajdonos / Rendelkező / Törvényes képviselő megbízásán megadott aláírása jogosulatlan vagy a bejelentett aláírás mintától eltér, a Bank a megbízás teljesítését visszautasíthatja.",3
"2.2.3. Vatera Vevővédelemmel ellátott Terméket érintő tranzakció esetén a tranzakció akkor minősül sikeresnek és a Társaság azt követően válik jogosulttá a jutalékra, hogy a) a vevő a Termék átvételét követő 72 órán belül visszajelzést adott arról, hogy a Terméket átvette és azt rendben levőnek találta, b) a vevő az a) pontban foglaltak hiányában nem nyújtott be vevővédelmi panaszt a Társaság felé az erre szolgáló felületen, vagy c) vevővédelmi panasz benyújtása esetén a panaszkezelési eljárás lezárul. Ezekben az esetekben a Vatera a tranzakciót sikeresen lezárultként könyveli el és a Termék vételárának - ha pedig a vételár csökkentéséről születik döntés, akkor a csökkentett vételárának - jutalékkal csökkentett összege kerül átutalásra az Eladó részére, amelyhez az Eladó jelen ÁFF elfogadásával kifejezetten hozzájárul.",1
"Ha a fogyasztó nem telepíti észszerű határidőn belül az Eladó által rendelkezésre bocsátott frissítéseket, az Eladó nem felel a szolgáltatás hibájáért, ha az kizárólag a vonatkozó frissítés alkalmazásának hiányából fakad, feltéve, hogy az Eladó tájékoztatta a fogyasztót a frissítés elérhetőségéről és a telepítés fogyasztó általi elmulasztásának következményeiről; és a frissítés fogyasztó általi telepítésének elmulasztása vagy a frissítés fogyasztó általi helytelen telepítése nem az Eladó által biztosított telepítési útmutató hiányosságának tudható be.",3
További információ a Cégadatok - Impresszumban található.,4
"A Bank biztonsági okból az internetbanki-, mobilalkalmazási szolgáltatás igénybevételéhez felhasználó szinten maximális Napi átutalási (tranzakciós) limitet alkalmaz, melynek ügyfél általi megadásának, módosításának szabályait a Lakossági elektronikus csatorna szolgáltatások Hirdetménye tartalmazza.",2
"Kereskedői fiók regisztrálásához a felhasználónak nyilatkoznia szükséges arról, hogy nem magánszemélyként kíván a Vatera felhasználója lenni és a számla kötelező adattartalmi elemeinek feltüntetése érdekében kötelesek adószámot megadni a regisztrációs folyamat során. Érvénytelen, valótlan, vagy hibás adószám megadása esetén, a Vatera fenntartja a jogot a kereskedői fiók felfüggesztésére.",3
"8.3.2.  Amennyiben Vállalkozó  a 8.3.1. pontban rögzített  kötelezettségének nem
tesz eleget, Megrendelő  jogosult a hiba kijavítását Vállalkozó  költségére
saját maga  elvégezni , vagy harmadik fél által elvégeztetni és a munkák
költségét a visszatartott garanciális összeg terhére érvényesíteni.
Amennyiben a hiba kijavítási költsége meghaladja  a garanciális
biztosítékra visszatartott összeg et, úgy a többletet a Megrendelő jogosult
kiszámlázni a Vállalkozó felé.",2
"43. A DH1 Hitelszerződés írásban jön létre a 28. pontban foglaltak szerint. A DH1 Hitelszerződés érvényes létrejöttének (a továbbiakban: DH1 Hitelszerződés létrejötte) feltétele, hogy a Hitelfevevő az alábbi adatokat megadja a DH1 Hiteligénylési Adatlapon:",2
"Termék: áru vagy szolgáltatás, jog és/vagy kötelezettség, amely adásvétel tárgya lehet, összhangban a jelen ÁFF-ben és a hatályos jogszabályokban foglaltakkal;",3
"A hozzájáruló nyilatkozat Páciens vagy a törvényes képviselő/gondviselő általi el nem fogadása esetén az Orvosi Központ a Szolgáltatás nyújtását minden további indokolás nélkül megtagadhatja, azonban korlátozottan cselekvőképes kiskorú esetén a szülő/törvényes képviselő kifejezett akarata ellenére sem utasítható vissza az olyan ellátás, amelynek elmaradása esetén a beteg egészségi állapotában várhatóan súlyos vagy maradandó károsodás következne be vagy az a beteg életét veszélyezteti.",3
"3.2. A Weboldalak megtekintése és az azon történő keresés ingyenesen és regisztráció nélkül történik. A Weboldalakon nyújtott egyes további Szolgáltatások regisztrációt követően ingyenesen, míg más Szolgáltatások visszterhesen érhetőek el.",4
"3.20.2. Vatera Vevővédelem kizárólag magánszemély Felhasználók egymás közötti, a Vatera felületén bonyolított ügyletei tekintetében érhető el, így ezen felhasználók Online fizetés és Vatera Szállítás igénybevételével bonyolított ügyletei esetén kötelező funkcióként. Az Online fizetéssel, így Vatera Szállítással feladott hirdetésben szereplő Termék Vatera Vevővédelem nélkül nem vásárolható meg magánszemély Felhasználó eladótól. A vevővédelmi panasz nem azonos a fogyasztóvédelemről szóló 1997. évi CLV. törvény szerinti fogyasztói panasszal.",2
"Az utasnak azt a tényt, hogy nincs megfelelő menetjegye, legkésőbb a felszállás utáni első jegyvizsgálatkor be kell jelentenie, ellenkező esetben a pótdíj felszámítása nélküli menetjegy váltására többé akkor sem jogosult, ha menetjegy nélküli felszállásra jelen Üzletszabályzat alapján volt lehetősége.",2
"1.7. Amennyiben valamely kérdésekben a jelen ÁSZF nem rendelkezik, vagy az ÁSZF és az Egyedi Megrendelés azonos tárgyú előírásai között eltérés van, úgy az Egyedi Megrendelés rendelkezései irányadók.",2
"12. A Szolgáltató jogosult a szerződött szolgáltatási tevékenységet végző orvosait - szakképesítésük alapján, feladataik ellátásához szükséges mértékben, ezen belül az általa külön meghatározandó feltételekkel – feljogosítani, a szakképesítési és szakmai előírások maradéktalan figyelembe vételével, az egészségbiztosítás keretében igénybe vehető egészségügyi szakellátásokra történő beutalásra, a gyógyszer és gyógyászati segédeszköz, illetve a gyógyászati ellátás támogatással az arra jogosult részére történő rendelésére, valamint a táppénzfizetés alapjául szolgáló keresőképesség elbírálására és igazolására. Az orvos(ok) személyére (családi név és utónév, orvosi bélyegző száma) és a jogosultságára vonatkozó adatokat, valamint az abban bekövetkezett változásokat a Szolgáltató köteles a Finanszírozónak – a Finanszírozó által biztosított elektronikus felületen - bejelenteni. Bejelentés hiányában a jogosultság nem gyakorolható. Amennyiben a Finanszírozó egyéb hivatalos formában tudomást szerez az orvosok működésére vonatkozó változásokról, úgy azt jogosult a nyilvántartó rendszerben rögzíteni.",1
"A vásárlónak törvény adta joga, hogy indoklás nélkül elálljon a vásárlástól, ha valami nem tetszik. Kerékpár vásárlástól való elállás vagy csere esetében tisztában kell lenni azzal, hogy a kerékpár egy közlekedési eszköz. Már kicsi kerékpározás után is látszódni fog a használatbavétel a fékbetéten (a fékbetét nyomot hagy a felnin, amit már nem lehet eltüntetni), felni/tárcsafék fékezési felületén, pedálon, külső gumin, lánckeréken. Poros lesz a külső gumi, lánc stb. és így már újként a kerékpár nem eladható. Kerékpározás után, valószínűleg már csak értékcsökkentett áron tudjuk visszavenni (bővebb infó az “Elállás joga” fejezetben).",2
"1.3.13. Vásárló/Ügyfél által az eMAG ellen kártérítési igény érvényesítése kizárt, ide nem értve a termékfelelősség körébe tartozó olyan kártérítéseket, amelyek esetén az életet, tesi épséget vagy az egészséget érte a károkozás. Kivételnek minősülnek az olyan károk is, amelyeket az eMAG szándékosan vagy súlyosan hanyag módon okozott az Ügyfél/Vásárló részére. Felek rögzítik, hogy az eMAG csak és kizárólag a tipikus, előre látható és ténylegesen bekövetkezett károkért vállal fellelőséget, minden egyéb esetben kizárja azt.",2
"A fentieken túl a Magyar Telekom optikai és koaxiális hálózatán nyújtott helyhez kötött műsorterjesztés
előfizetői szolgáltatásként a Szolgáltató Internet Protokollon keresztül műsorterjesztési szolgáltatást biztosít
különböző átviteli rendszereken keresztül az Előfizetők részére, akként, hogy a képjelek az optikai (GPON) vagy
HFC hálózaton létesített Előfizetői Hozzáférési Ponthoz csatlakozó, a Szolgáltató tulajdonát képező hálózat
végződtető eszköz/digitális elosztó (ONT vagy kábelmodem), valamint az Előfizető által biztosított hagyományos
tévékészülékhez csatlakoztatott Szolgáltató tulajdonát képező Eszköz segítségével, Internet Protokollt használva
jutnak el a Szolgáltató rendszereitől az előfizetői végberendezésig. A szolgáltatás során a Szolgáltató helyhez
kötött internet-hozzáférési szolgáltatásán, az IP gerinchálózatnak egy zárt szegmensén keresztül érhetők el az
Előfizetőhöz kihelyezett, Szolgáltató tulajdonát képező Eszközök (kábelmodem, mediabox). A Szolgáltató által
biztosított optikai (GPON) vagy HFC alapú internet-hozzáférési szolgáltatás megléte nem jelenti automatikusan a
szolgáltatás létesíthetőségét.",1
5.10. A Vevő a megrendelt árut a rendeléskor kiválasztottaknak és Hüperion Kft. által visszaigazoltan elfogadottaknak megfelelően személyesen vagy a Vevő megadott szállítási címén a visszaigazoló e-mailben jelzett időintervallumban futárszolgálat által történő házhozszállítás keretében veheti át.,4
"Amennyiben a Vállalkozó által elvégzett munka új távvezeték szakaszok beüzemelését is magában foglalja, ennek során a meghatározott áramszüneti időtartam 8 óra, 2 óra készenléti idő tartásával. A készenléti időtartamon belül a Megrendelő kérésére a Vállalkozó köteles visszaadni a vonalat (feszültség alá helyezés, munkaterületről való levonulás). A 8 órás vagy a 2 órás időtartam túllépése esetén a Vállalkozó köteles megtéríteni az okozott kárt (pl. ",3
"14.13 A Szerződés módosítása iránti igény - eltérő megállapodás hiányában - az épületrész egészére, továbbá mind a fűtési-, mind a melegvíz-szolgáltatási célú hőellátás megszüntetésére vonatkozik.",4
"• A lemondás kizárólag emailen lehetséges a vizit megkezdése előtt a 24 órával. A rendelő központi email címén. Páciens kifejezetten tudomásul veszi, hogy ha a lefoglalt időpont lemondására a vizit az időpontját megelőző 24 órán belül kerül sor (továbbá, ha az időpontfoglalás ellenére nem jelenik meg a viziten, és előzetesen az időpontot a fent írtak szerint nem módosította), a rendelkezésre állási díj összege nem jár vissza. A Páciens kifejezetten tudomásul veszi, hogy ha tévesen foglal időpontot és a téves foglalását a fentiek szerint nem módosítja a megfelelő szakemberhez történő (eredeti foglalt rendelés megkezdése előtt minimum 24 órával történő) átfoglalással, vagy mondja le a téves foglalását a rendelésmegkezdése előtt minimum 24 órával, a rendelkezési összege nem jár vissza.",3
Megbízó – a charter céggel történt ellenkező megállapodás hiányában – kizárólag az átvételi kikötő országának felségvizein hajózik.,1
"1.18. A Kereskedő hirdetők a Weboldalon meghirdetett járműveiket az Fttv. szerinti kereskedésként, továbbá a fogyasztó és a vállalkozás közötti szerződések részletes szabályairól szóló 45/2014. Korm. rendelet szerinti vállalkozásként kínálják értékesítésre. Kereskedő felhasználó felel azért, hogy a hirdetésben vagy a fogyasztónak minősülő vevő Magánszemély Felhasználónak írt visszajelzésében eleget tegyen a fogyasztó és a vállalkozás közötti szerződések részletes szabályairól szóló 45/2014. Korm. rendelet által megkövetelt fogyasztói jogokra vonatkozó tájékoztatásnak a fogyasztónak minősülő Magánszemély Felhasználók felé. A fogyasztónak minősülő Magánszemély Felhasználók a megvásárolt járművel kapcsolatos fogyasztói jogaikat a hirdetésben megjelölt járművet értékesítő Kereskedővel, mint vállalkozással szemben érvényesíthetik.",0
"Ön köteles a hibát annak felfedezése után haladéktalanul bejelenteni. A hiba felfedezésétől számított kettő hónapon belül közölt hibát késedelem nélkül közölt hibának kell tekinteni. Ugyanakkor felhívjuk a figyelmét, hogy a szerződés teljesítésétől számított két éves elévülési határidőn túl kellékszavatossági jogait már nem érvényesítheti.",4
"9.3. Ha a Lebonyolító az államháztartás központi alrendszerébe tartozó Kedvezményezett
esetében a támogatást visszavonja, a Kedvezményezett a jogosulatlanul igénybe vett
támogatás összegét köteles az okiratsz ám/pályázati azonosítószám, az ÁHT azonosító és az
egységes rovatrend szerinti azonosító (a továbbiakban: ERA) megjelölésével a támogatás
folyósításának évében  előirányzat visszarendezésével ; a támogatás folyósítását
követő évben  a Támogató 10032000 -01220328 -05020041  számú számlájára  15 napon
belül visszafizetni.

Az államháztartás központi alrendszerébe tartozó költségvetési szerv Kedvezményezettet
kamatfizetési kötelezettség nem terheli.",0
"3.13 A szolgáltatás igénybevételével történő rendelkezésekhez a jogosultság igazolása az e-bank azonosító kártya, és a PIN kód, illetve az e-azonosító szám és az egyszer használatos jelszó együttes használatával történik. A Bank nem vizsgálja az e-bank azonosító kártya, és a PIN kód, illetve az e- azonosító szám és az egyszer használatos jelszó használójának a használatra vonatkozó jogosultságát, illetve a használat körülményeit. Az illetéktelen használatból eredő károkért a Bank nem tartozik felelősséggel.",1
"A DPD jogosult szemle nélkül is dönteni a kárigény jogosságáról (jogalap) abban az esetben, ha a rendelkezésére álló adatok (jegyzőkönyv, fényképfelvételek) alapján ez egyértelműen megállapítható. ",3
"Egy Hitelfevevő egyidejűleg legfeljebb kettő, eltérő hitelcélú (DH1 és DH2) érvényes Hitelszerződéssel rendelkezhet.",4
"6.2.7. Üzemeltető egyoldalú módosításra jogosult amennyiben: ● az utolsó módosítás óta eltelt idő alatt a fogyasztói árindex változása, ● a jogszabályi környezet megváltozása, ● az új szolgáltatások bevezetése vagy a már meglévők megfelelő minőségének biztosítása, ● vagy a gazdasági, műszaki illetve egyéb körülményekben bekövetkezett lényeges változás ezt indokolja.",3
"5.8.2.4. A megrendelt terméket - az Ügyfél előzetes jelzése alapján, melyet az online vásárlás során megjelölhet - személyesen is átveheti a Vállalkozás átvevőhelyén: a 4400 Nyíregyháza, Szalag út 33. szám alatt. Ilyen esetekben a vásárlást az áru értékén felül semmilyen kiszállítási díj nem terheli.",4
"Az Ügyfél teljes mértékben felelős a saját Küldeménye / csomagolása nem megfelelősége miatt okozott minden kárért, mely a DPD vagy a szállításban közreműködő harmadik személy eszközeiben, tárgyaiban, vagy más, a DPD-nek átadott Küldeményben keletkezik, valamint minden ezzel kapcsolatos személyi sérülésért és azok költségéért. ",2
"Részleges érvénytelenség, magatartási kódex - Ha az ÁSZF valamely pontja jogilag hiányos vagy hatálytalan, attól még a szerződés további pontjai érvényben maradnak és a hatálytalan vagy hibás rész helyett a vonatkozó jogszabályok rendelkezései alkalmazandóak. nincs a fogyasztókkal szembeni tisztességtelen kereskedelmi gyakorlat tilalmáról szóló törvény szerinti magatartási kódexe. lényeges tulajdonságaira vonatkozó tájékoztatás",2
"Az áraink forintban értendők, és tartalmazzák a jogszabályokban előírt áfát (bruttó árak). Minden tőlünk telhetőt megteszünk annak érdekében, hogy internetes áruházunk árai pontosak legyenek, ha azonban ennek ellenére hibás árak jelennének meg, nem vagyunk kötelesek az árut a hibás áron értékesíteni. Ilyen esetben a terméket felkínálhatjuk Önnek a helyes áron, Ön pedig jogosult a fenti 2. pontban meghatározottak szerint a szerződéstől elállni. Hibás különösen az az ár többek között, amely nyilvánvalóan hibás vagy aránytalan.",3
"A vonaton hivatalos magyarországi pénznemben, készpénzben bankkártyával, hitelkártyával lehet fizetni, ha a technikai feltételek lehetővé teszik. A készpénzzel történő fizetés akkor lehetséges, ha az utas a menetjegy árának és a pótdíjnak a pontos összegét adja át vagy a menetjegy ellenőrzést végző munkavállaló rendelkezik elegendő váltópénzzel.",3
"b) jogosult indokolás nélkül elutasítani a Szerződés megkötését, amelyről – a nyomtatványok egyidejű visszaküldése mellett – haladéktalanul értesíti a benyújtó kincstári ügyfelet.",3
"A vasúti társaság a regisztrációt követő 15 napon belül a munkáltató részére hozzáférést biztosít a jogosult munkavállalók személyes adatainak (név, születési idő) és a hozzájuk rendelt kódok nyilvántartására szolgáló adatbázishoz. A munkáltató felelős azért, hogy egy munkavállaló részére egy egyedi kód kerüljön átadásra.",2
"A teljesítést a lehető legrövidebb időn belül meg kell kezdeni, a pontos időpontot a Felek Egyedi Szerződéses Megállapodásban állapíthatják meg.",3
"a. az egyedi promóciós kódok, kuponok keretében nyújtott engedményeket, melyek nem minden Fogyasztó számára érhetőek el automatikusan, ",4
A fogyasztó és a vállalkozás közötti szerződések részletes szabályairól szóló 45/2014. (II.26.) Korm. rendelet .,4
"Helyhez kötött szolgáltatás igénybevételének műszaki feltétele az Előfizető ingatlanáig kiépített hálózat megléte,
amelyen a Szolgáltató által biztosított szolgáltatások a jelen ÁSZF 1. sz. melléklet 2. sz. Szolgáltatási területek
Függelékében megjelölt településeken (területen), a Szolgáltató Földrajzi Szolgáltatási Területén, vagy
Társszolgáltató szolgáltatási területén vehetők igénybe.",2
"Az (a)-(e) pontokban felsorolt esetekben a díjfizetés kötelezettje a szolgáltatási díjon felül az Önk. Rend.-ben meghatározott pótdíjat köteles fizetni. Ennek összege a Felhasználó által lekötött hőteljesítménynek egy naptári napon folyamatosan harminc (30) percnél hosszabb ideig történt túllépése esetén a jogosulatlanul igénybevett többletteljesítmény Felhasználóra vonatkozó éves alapdíjának kétszerese, az egyéb szerződésszegés esetén a Felhasználóra, díjfizetőre vonatkozó éves alapdíj háromszorosa.",3
"b. másodsorban a Fogyasztó az ellenszolgáltatás (azaz a vételár) arányos leszállítását igényelheti, vagy végső esetben a szerződéstől elállhat. Ezen b) pontban ismertetett igényeket akkor választhatja a Fogyasztó, ha az Alza a kijavítást vagy a kicserélést nem vállalta, annak nem tud megfelelő határidőn belül tud eleget tenni, vagy ha a Fogyasztónak a kijavításhoz vagy kicseréléshez fűződő érdeke megszűnt. Jelentéktelen hiba miatt elállásnak nincs helye.",3
"6. A Finanszírozó és a Szolgáltató a jogok gyakorlása és a kötelezettségek teljesítése során a jóhiszeműség és tisztesség követelményének megfelelően, kölcsönösen együttműködve kötelesek eljárni.",2
a. a Fogyasztó a regisztrált e-mail címéről küldött üzenetben vagy a regisztrált telefonszámon keresztül az Ügyfélszolgálattól kérheti a felhasználói fiókja törlését;,4
"A Páciens az egészségügyi ellátás nyújtása során tájékoztatja az orvost, szolgáltatást nyújtó ellátó személyt minden olyan releváns adatról, információról és körülményről és tényről, amely szükséges és indokolt a kórtörténet megismeréséhez, így kifejezetten, de nem kizárólagosan az alábbiakról: korábbi betegségéről, esetleges műtétek, gyógykezelés, Páciens által szedett gyógyszerek, egészségkárosító kockázati tényezői, egyes gyógyszerek összetevőivel szembeni érzékenység.",4
"11.3. A Szolgáltató fenntartja minden jogát szolgáltatásának valamennyi elemére, a domain-neveire, az azokkal képzett másodlagos domain nevekre, valamint az internetes reklámfelületeire.",3
▪ tőketartozás,4
"A Finanszírozó jogosult a Szolgáltatónak címzett írásbeli nyilatkozatával a finanszírozási szerződést azonnali hatállyal felmondani mindazon esetben, amikor a jogszabály a részére a felmondást lehetővé teszi.",3
"5. Az Ügyfél terhére érkező fizetési megbízásokon a közlemény rovatban feltüntetett adatokat, vagy utasításokat – mivel azok a fizetés címzettjének szólnak – az OTP Bank Nyrt. nem vizsgálja, jogait és kötelezettségeit ezek nem érintik.",2
Jelen ÁSZF hatálya Szolgáltató weblapján (www.kerekparguru.hu) és aldomainjein történő jogviszonyokra terjed ki. Jelen ÁSZF folyamatosan elérhető a következő weboldalról: www.kerekparguru.hu/aszf,3
"A Szolgáltató kötelezettséget vállal arra, hogy a járóbeteg-szakellátásokat saját egészségügyi személyzete és Szerződött Partnerei igénybevételével nyújtja a Szolgáltató honlapján https://mentahaz.hu a Szakrendeléseink menüpont alatt megjelölt szakrendeléseken. Az Orvosi Központ nyitvatartási idejét és rendelőintézetének elérhetőségét a Szolgáltató honlapján teszi közzé, egyúttal kötelezettséget vállal arra, hogy a Pácienst előzetes bejelentkezés alapján a fent jelölt rendelőiben fogadja és részére Szolgáltatási díj ellenében járóbeteg szakellátást nyújt.",3
"27. A Hiteltartozás elévülésére a Ptk. vonatkozó rendelkezései irányadók. Az elévülést megszakítja a követelés teljesítésére irányuló írásbeli felszólítás, a követelés összegéről szóló értesítés, a részletfizetés engedélyezése vagy ezen engedély megszüntetése, illetőleg a követelés behajtása során eljáró állami adóhatóság, önálló bírósági végrehajtó vagy közjegyző bármely végrehajtási cselekménye. A Hitelfelvevő nem hivatkozhat elévülésre, ha a Diákhitel Központ valamely fentiek szerinti felszólítása, értesítése vagy egyéb nyilatkozata azért nem került kézbesítésre, mert a küldemény átvételét a Hitelfelvevő megtagadta, a küldeményt nem kereste, vagy a kézbesítés azért hiúsult meg, mert a Hitelfelvevő elköltözött, azonban új lakcímét nem jelentette be sem a Diákhitel Központ, sem a központi lakcím-nyilvántartás felé.",2
"21. A Szolgáltató köteles a szolgáltatással összefüggő, pályázat vagy jogszabályi kötelezettség alapján nyilvántartott, a Finanszírozó finanszírozási feladatainak ellátásához szükséges további adatokat a Finanszírozó írásbeli felhívására, az abban meghatározott határidőre megküldeni.",2
"4.5.2.6. A csomagok őrzési ideje 1 hét. 1 hét után, amennyiben a vásárló írásban nem jelzi, hogy később venné át a csomagot, a rendelést töröljük.",4
"4.1. A webáruház kerékpárokat, kerékpár kiegészítőket, alkatrészeket és ruházatot forgalmaz. A megvásárolható termékek köre a fenti legördülő főmenüben és az oldalsó menüben is megtalálhatóak.",4
"Ha a szerződés egyszeri szolgáltatásról vagy egyedi szolgáltatási cselekmények sorozatáról rendelkezik az ellenkező bizonyításig vélelmezni kell, hogy a teljesítés időpontjától számított egy éven belül a fogyasztó által felismert hiba már a teljesítés időpontjában fennállt. Nem teljesít hibásan ugyanakkor az Eladó, ha bizonyítja, hogy a fogyasztó digitális környezete nem kompatibilis a digitális tartalom vagy a digitális szolgáltatás műszaki követelményeivel, és erről a szerződés megkötését megelőzően világos és közérthető módon tájékoztatta a fogyasztót.",2
"2. A Felhasználó tudomásul veszi, hogy az Alkalmazás egyes Szolgáltatásait csak abban az esetben jogosult használni, ha a jelen ÁSZF-et magára nézve kötelezően elfogadta, illetve regisztrált.",3
"A Vállalkozó köteles a hibás művet, illetve a beépített anyagot kijavítani, illetve amennyiben a Megrendelővel egyeztetett határidőn belül erre nem képes, köteles ésszerű időn belül a munkát újra elvégezni, illetve a beépített anyagot kicserélni.  ",4
"A fogyasztót terheli annak bizonyítása, hogy az elállás jogát e rendelkezéssel összhangban gyakorolta. a fogyasztó elállási nyilatkozatát annak megérkezését követően köteles elektronikus adathordozón visszaigazolni. kötelezettségei a fogyasztó elállása esetén visszatérítési kötelezettsége - Ha a fogyasztó a 45/2014. (II. 26.) Korm. rendelet 22. §-nak megfelelően eláll a szerződéstől, az Eladó legkésőbb az elállásról való tudomásszerzésétől számított tizennégy napon belül visszatéríti a fogyasztó által ellenszolgáltatásként megfizetett teljes összeget, ideértve a teljesítéssel összefüggésben felmerült költségeket, így a szállítási díjat is. Felhívjuk a figyelmét, hogy ez a rendelkezés nem vonatkozik a legkevésbé költséges szokásos fuvarozási módtól eltérő fuvarozási mód választásával okozott többletköltségekre. visszatérítési kötelezettségének módja - A 45/2014. (II. 26.) Korm. rendelet 22. §-nak megfelelő elállás vagy felmondás esetén az Eladó a fogyasztónak visszajáró összeget a fogyasztó által igénybe vett fizetési móddal megegyező módon téríti vissza. A fogyasztó kifejezett beleegyezése alapján az Eladó a visszatérítésre más fizetési módot is alkalmazhat, de a fogyasztót ebből adódóan semmilyen többletdíj nem terhelheti. A Fogyasztó által hibásan és/vagy pontatlanul megadott bankszámlaszám vagy postai cím következtében történő késedelem miatt az Eladó-t felelősség nem terheli.",3
"b. a fogyasztási cikk három alkalommal történő kijavítást követően ismét meghibásodik, ",4
"Nyilvános helyen történő üzemeltetés: Bármely a banki, illetőleg az otthoni számítógép-használat körén kívül eső hely.",2
"A Megrendelő a Szerződésből eredő jogait és kötelezettségeit az E.ON Hungária csoport tagjaira, vagy harmadik félre engedményezheti. Az E.ON Hungária csoport tagjai jogosultak az engedményezéssel érintett követelést és a Vállalkozó felé fennálló egyéb tartozást összevezetni. ",3
"10.3 Az alapdíjat a BKM NONPROFIT Zrt. tulajdonában álló hőközpontból való hőellátás esetén az épületnek, épületrésznek az Önk. Rend. 27.§ (5)-(7) bekezdései alapján meghatározott légtérfogata után, ha a hőközpont nem a BKM NONPROFIT Zrt. tulajdonában áll, a Szerződésben lekötött legnagyobb hőteljesítmény, illetőleg annak az egyes épületrészekre légtérfogat-arányosan jutó része után kell fizetni.",2
"4.1. A Felhasználó a regisztrációját követően bejelentkezik a webshopba, vagy regisztráció nélkül is megkezdheti a vásárlást.",4
"A kötelező jótállásról szóló 151/2003. (IX. 22.) Korm. rendelet hatálya alá tartozó termékek kapcsán a jótállás időtartama egy év. E határidő elmulasztása jogvesztéssel jár. A jótállási határidő a fogyasztási cikk fogyasztó részére történő átadása, vagy ha az üzembe helyezést a vállalkozás vagy annak megbízottja végzi, az üzembe helyezés napjával kezdődik. Ön - választása szerint-az alábbi jótállási igényekkel élhet:",2
"5.10. Adatbeviteli hibák javítása: Felhasználó a szerződési jognyilatkozatának megtétele, a megrendelési folyamat lezárása előtt minden esetben vissza tud lépni az előző fázisba, ahol javítani tudja az adatok elektronikus rögzítése során felmerülő hibás adatokat.",4
"114. Elállás esetén a Fogyasztó a hibás termékkel együtt szerzett bármely egyéb terméktől is elállhat (így alkatrészek, tartozékok), ha a Fogyasztótól nem várható el észszerűen, hogy azokat (vagyis a hibátlan egyéb termékeket) megtartsa.",3
"6.2.3.1. eXtra keret funkció: Az eXtra keret funkció keretében az egyedi hirdetési szerződéssel rendelkező Felhasználók az alábbi két módon egyenlíthetik ki az igénybe vett Szolgáltatások ellenértékét: (a) Felhasználó által előre feltöltött egyenleg: egyedi hirdetési szerződéssel rendelkező Felhasználók az adminisztrációs felületükön belül, az eXtra funkció részét képező Egyenlegfeltöltés gombra kattintással tudják elérni az eXtra feltöltése aloldalt. Az eXtra feltöltése aloldalon a Felhasználónak lehetősége van arra, hogy saját magának feltöltsön egy tetszőleges összeget bankkártyás fizetéssel vagy banki átutalással (díjbekérő generálással). Az ily módon feltöltött keret esetében a Felhasználó előre kifizeti az általa igénybe venni kívánt Szolgáltatások ellenértékét Üzemeltetőnek. Az erre a keretre feltöltött összeget Üzemeltető nyilvántartja a Felhasználó adminisztrációs felületén belül, az eXtra funkció Egyenleg (tranzakciók) aloldalán a „Felhasználható feltöltött összeg” megjelölésű sorban. Ez az összeg kizárólag Szolgáltatások igénybevételére használható fel Felhasználó választása szerint. Egyedi hirdetési szerződéssel rendelkező Felhasználó a keretre feltöltött, azaz előre megfizetett összeg erejéig szabadon vásárolhat Szolgáltatásokat Üzemeltetőtől addig, amíg az adminisztrációs felület felhasználási jogosultsága fennáll. Amennyiben Felhasználó az adminisztrációs felületén keresztül vesz igénybe egy Szolgáltatást oly módon, hogy azt aktiválja, akkor annak ellenértékét Üzemeltető automatikusan levonja Felhasználónak az adminisztrációs felületén felhasználó által feltöltött keretként nyilvántartott összegből. Ha megszűnik Felhasználó adminisztrációs felületre vonatkozó felhasználási joga, akkor az általa előre megfizetett és az adminisztrációs felületen szereplő keretre feltöltött összeget elveszíti, azzal kapcsolatban semmilyen igényt nem érvényesíthet Üzemeltetővel szemben. (b) Biztonsági összeghatár: Üzemeltető az eXtra funkció Egyenleg (tranzakciók) aloldalán tartja nyilván az adott Felhasználó számára Szolgáltatások vásárlására biztosított, Felhasználó által utólag fizetendő keretösszeget a „Biztonsági összeghatár” sorban. A biztonsági összeghatár összegét Üzemeltető a saját döntése alapján biztosítja azon – eXtra szolgáltatásra előfizetett – Felhasználóknak Szolgáltatások megvásárlására, akik az Üzemeltető Szolgáltatásait szerződésszerűen és a jogszabályoknak megfelelően használják. Amennyiben Felhasználó szeretné módosítani a biztonsági összeghatárt, akkor ezt az eXtra funkción belül az eXtra keretmódosítás gomb megnyomásával elérhető aloldalon keresztül kezdeményezheti az aloldalról letölthető eXtra szolgáltatás módosító megállapodás dokumentum kitöltésével, és az aláírt módosítás Üzemeltetőnek történő elküldésével. A keretösszeget csak felfelé lehet módosítani. Amennyiben Üzemeltető visszaigazolja a módosítást, akkor az eXtra funkcióban megemeli ezzel egyidejűleg a Felhasználónak biztosított biztonsági összeghatárt. Felhasználó a biztonsági összeghatár összege erejéig jogosult Szolgáltatásokat igénybe venni. A biztonsági összeghatár terhére igénybe vett Szolgáltatás ellenértékét Üzemeltető levonja a biztonsági összeghatár rendelkezésre álló keretösszegéből, és a levont összegről, azaz az igénybe vett Szolgáltatás díjáról Üzemeltető havonta utólag elektronikus számlát bocsát ki Felhasználó számára, amelynek összegét Felhasználó köteles 15 napon belül kiegyenlíteni. A biztonsági összeghatár keretösszegét csak két fordulónap közötti időszakban lehet felhasználni, ugyanis a fordulónap végén a beállított biztonsági összeghatár keretösszege törlődik, amennyiben azt eddig az időpontig nem használta fel Felhasználó, ugyanakkor a fordulónapot követő újabb időszak kezdetén a biztonsági összeghatár keretösszege feltöltődik az Üzemeltető által meghatározott összeggel. A biztonsági összeghatár keretének fordulónapjai közötti időtartam: minden hónap 21. napjának 00:00-tól a következő hónap 20. napjának 23:59-ig terjedő időtartam. Üzemeltető bármikor jogosult indokolás nélkül megszüntetni az eXtra szolgáltatáson belül a biztonsági összeghatár terhére történő Szolgáltatás igénybevételt bármely Felhasználóval szemben, amely esetben Felhasználó az eXtra szolgáltatáson belül elérhető más fizetési lehetőségekkel tudja kiegyenlíteni az általa igénybe vett Szolgáltatások ellenértékét. A Felhasználó adminisztrációs felületén belül, az Egyenleg (tranzakciók) gomb alatt elérhető eXtra aloldalon aggregált formában szerepel a „Még felhasználható” sorban a Felhasználó által előre feltöltött keret összegéből, valamint az Üzemeltető által biztosított Biztonsági összeghatár keret összegéből még felhasználható összeg. Ugyancsak az előző két keret összegéből felhasznált aggregált összeget mutatja a „Felhasznált összeg” sorban szereplő egyenleg.",1
"5. A BKK Zrt. jogosult az Alkalmazás használatával kapcsolatban szolgálati közleményeket, adminisztrációs üzeneteket és más információkat küldeni a Felhasználók részére. A Felhasználó jelen ÁSZF elfogadásával kifejezetten hozzájárul ahhoz, hogy a BKK Zrt. ilyen üzeneteket küldjön részére.",4
"132. Nem jogosult a Fogyasztó elállni a szerződéstől, ha az elállás a hiba jellegére tekintettel nem indokolt, így különösen, ha a hiba késedelem nélkül kijavítható; ebben az esetben a Fogyasztó a hiba ingyenes kijavítására jogosult.",4
"5.2.2.3. Akciós ár kiemelése: Az akciós ár kiemelése Szolgáltatás igénybevételével az adott hirdetés akciós ára ”Akciós” megjelöléssel jelenik meg a listázásban, a hirdetés adatlapon és a kiemelt hirdetések között a főoldalon. Az akciós ár kiemelése Szolgáltatás minimum 1 hétre rendelhető meg.",4
- A Számlatulajdonos és a Bank jogosult egymással tableten rögzített kézi aláírás digitalizálásán alapuló biometrikus hitelesítéssel ellátott írásbeli elektronikus aláírással ellátott elektronikus okirat útján szerződést kötni a Bank Üzletszabályzatában és a mindenkori elektronikus szerződéskötésre vonatkozó hirdetményben foglaltakkal összhangban.,3
"9.2. Szolgáltató a szóbeli panaszt azonnal megvizsgálja, és szükség szerint orvosolja. Ha a vásárló a panasz kezelésével nem ért egyet, a Szolgáltató a panaszról és az azzal kapcsolatos álláspontjáról haladéktalanul jegyzőkönyvet vesz fel, s annak egy másolati példányát átadja a vásárlónak. Ha a panasz azonnali kivizsgálása nem lehetséges, a Szolgáltató a panaszról jegyzőkönyvet vesz fel, s annak egy másolati példányát átadja a vásárlónak.",4
"1. Általános szerződési feltételnek (a továbbiakban: ÁSZF) minősül az olyan szerződési feltétel, amelyet az egyik fél több szerződés megkötése céljából egyoldalúan, a másik fél közreműködése nélkül előre meghatároz, és amelyet a felek egyedileg nem tárgyalnak meg. Az Általános szerződési feltétel csak akkor válik a felek megállapodása, illetőleg a szerződés részévé, ha a másik fél annak tartalmát elismerte, és ha azt a másik fél kifejezetten, ennek hiányában ráutaló magatartással elfogadta. Jelen ÁSZF a Ptk. 6:77. §-ában hivatkozott általános szerződési feltételnek tekintendő, és akként kezelendő.",0
A DH1 Hitelszerződés,4
"Szolgáltató valamennyi Szolgáltatásra irányadó eljárása az igénybejelentés elfogadása esetén
Az igénybejelentés elfogadása esetén a Szolgáltató az értesítéssel egyidejűleg ajánlatot tesz az Előfizetőnek az
igénybejelentés alapján az Előfizetői Szerződés megkötésére, és ennek keretében az Előfizetői Szerződés
megkötését megelőzően Szolgáltató biztosítja az Előfizetőnek, hogy a Szolgáltató ajánlatát tartalmazó
szerződéses tartalmat megismerje. Az Előfizetői Szerződés megkötését megelőzően Szolgáltató tartós
adathordozón az Előfizető rendelkezésére bocsátja az Előzetes Tájékoztatást, a Szerződés-összefoglalót, valamint
az Egyedi Előfizetői Szerződés tervezetét, annak érdekében, hogy az Előfizető a Szolgáltatásra, és az előfizetői
jogviszonyra vonatkozó minden fontos és lényeges, az Eht. és az Eszr. által meghatározott információt
megismerjen.",0
"3. A finanszírozási szerződés hatályba lépésének napja – ellenkező megállapodás hiányában – a finanszírozási szerződés megkötését követő hónap első napja. Amennyiben a finanszírozási szerződés megkötésének napja a hónap első napja, a finanszírozási szerződés annak megkötésével egyidejűleg lép hatályba.",3
"(6) A Bank a Központi Statisztikai Hivatal által, a Központi Statisztikai Hivatal honlapján közzétett előző éves fogyasztói árindex (infláció) változása esetén jogosult a kapcsolódó, a 8.",3
"10. Amennyiben a BKK Zrt. az Alkalmazást megszünteti, akkor – ha ez észszerűen megoldható – erre a Felhasználót kellő időben figyelmezteti.",4
"Az átvételt meg kell tagadni továbbá akkor is, ha a DH1 Hitelszerződésen és/vagy a DH1 Hiteligénylési Adatlapon feltüntetett adatok illetőleg az aláírás nem egyeznek meg a 2-2 példányon, illetve az Üzletszabályzat 47. pontjában meghatározott adatok nem vagy nem pontosan, illetve az okiratok ellenőrzése alapján nem a tényleges állapotnak megfelelően kerültek kitöltésre.",3
"A Feladó a Küldemény DPD részére való átadásával a Címzettet felhatalmazza a Küldeménnyel való rendelkezés jogával (kézbesítési hely és idő maximum egy-egy alkalommal történő megváltoztatása).  Ha a Címzett él a DPD által felkínált átirányítási opcióval, akkor az Ügyfél / Feladó ezzel hozzájárul ahhoz, hogy az ő utasítási jogai a kézbesítés körében megszűnnek. Ilyen esetekben ezek a jogok már az első kézbesítési kísérlet előtt átszállnak a Címzettre.   ",3
"5.1. A megrendelések feldolgozása nyitvatartási időben történik. Megrendelés leadásra a nyitvatartási időn kívül is van lehetőség, ez esetben a megrendelés a következő nyitvatartási napon kerül feldolgozásra.",4
2.11 Az Ügyfél az általa a szolgáltatás használatára felhatalmazott Felhasználókat és hozzáférési jogainak terjedelmét az Adatlap elnevezésű nyomtatványon adja meg a Banknak.,1
Szolgáltató követelheti az áru nem rendeltetésszerű használatából fakadó károk megtérítését.,4
"b. ha a végső ár magasabb: erről az Alza e-mailben tájékoztatja a Fogyasztót, amint az előrendelt termék készleten lesz, és a Fogyasztó vagy visszalép a vásárlástól, vagy ha továbbra is meg kívánja vásárolni az előrendelt terméket, akkor köteles a különbözetet az Alza részére megfizetni az Alza teljesítését megelőzően.",3
8.6.1. Üzemeltető jogosult a hirdetésben hibásan megadott kivitel javítására a moderációs eljárás során.,2
"VI.3. Az Ügyfél köteles az termékeket indokolatlan késedelem nélkül, de legkésőbb elállási nyilatkozatának INTERSPORT-tal való közlésétől számított 14 napon belül az INTERSPORT számára visszaküldeni.",3
"c. olyan termék tekintetében, amely jellegénél fogva az átadást követően elválaszthatatlanul vegyül más termékkel,  ",4
"A Vaterán megvásárolt Termékek vételárának és a Vatera Szállítás díjának megfizetésére Online fizetés érhető el a Vaterán a Barion rendszerén keresztül az alábbi esetekben - Vatera Vevővédelemmel ellátott Termékek megvásárlásánál; - kereskedői fiókkal rendelkező Felhasználó által meghirdetett Termékek esetén, ha az eladó az online fizetést engedélyezi (a felhasználói fiókjában a termékhirdetés adatlapján történő beállítással); - Termékek Csomagajánlatban történő megvásárlása esetén (amely esetben a csomagban foglalt több Termékre vonatkozó egyszeri Vatera Szállítás díja, mint szállítási díj kerül felszámításra).",4
"5.11. A megrendelés akkor válik hatályossá, amikor az a Szolgáltató számára hozzáférhetővé válik. A Szolgáltató a megrendelés megérkezését a Felhasználó által megadott e-mail címére visszaigazolja. A termék adásvételére vonatozó szerződés akkor minősül a felek között elektronikus úton létrejött szerződésnek, ha azt a Szolgáltató visszaigazolja. Amennyiben a visszaigazolás Felhasználó megrendelésének elküldésétől számított, a szolgáltatás jellegétől függő elvárható határidőn belül, de legkésőbb 48 órán belül Felhasználóhoz nem érkezik meg, Felhasználó az ajánlati kötöttség vagy szerződéses kötelezettség alól mentesül. A megrendelés és annak visszaigazolása akkor tekintendő a Szolgáltatóhoz, illetve az Felhasználóhoz megérkezettnek, amikor az számára hozzáférhetővé válik. Szolgáltató kizárja a visszaigazolási felelősségét, ha a visszaigazolás azért nem érkezik meg időben, mert Felhasználó rossz e-mail címet adott meg regisztrációja során, vagy a fiókjához tartozó tárhely telítettsége miatt nem tud üzenetet fogadni.",0
"4.1. Kedvezményezett a támogatás felhasználása során a Támogató, Lebonyolító kikötéseinek,
valamint a számviteli, adóügyi és társadalombiztosítási jogszabályok előírásainak
megfelelően köteles eljárni.",3
"Megbízó csak írásban (ajánlott levél, visszaigazolt fax vagy e-mail) mondhatja le a hajót. A bérleti díj alább meghatározott része a lemondás időpontjának megfelelően hajóbérleti szerződés foglalójának minősül. A felek a foglaló jogi természetével tisztában vannak. A foglaló összege a teljes hajóbérleti díj:30%-a indulás előtt több mint 60 nappal,50 %-a a 60. és 40. nap között,100 %-a 40 napon belül.",2
"Ha a kijavítást vagy a kicserélést a Fogyasztó nem kérte, illetve nem kérhette, úgy igényelheti az ellenszolgáltatás arányos leszállítását, vagy a hibát a Szolgáltató költségére Ő is kijavíthatja, illetve mással kijavíttathatja, vagy - végső esetben - a szerződéstől is elállhat.",2
IV. AZ ÁSZF ELFOGADÁSA,4
"Egyes gyártók kibővített jótállást adnak a vázra. Ilyenkor önnek a vásárlást követően blokkal, vagy számlával, a gyártó oldalán be kell regisztrálni, mert előfeltétele a kibővített jótállásnak. Mivel csak az első tulajdonos regisztrálhatja a jótállást, ezért csak az után regisztrálja be, ha végleg eldöntötte, hogy a kerékpárt megtartja és nem áll el a vásárlástól. Regisztrált kerékpárt nem tudunk visszavenni.",3
"4.11. Az ÁSZF-nek megfelelő hirdetéseket Üzemeltető a feladásra szolgáló gomb nem szerződött partnernek minősülő Felhasználó által történő használatát követően a lehető legrövidebb időn belül, legfeljebb 48 órán belül közzéteszi és egy hónap időtartamra elérhetővé teszi a Felhasználó által használt adott Weboldalon..",1
"▪ a Hitelfevevőnek a fenti a.a)-a.e), b) és d) pontokban megjelölt adatait,",1
"A jótállási kötelezettség nem terjed ki az elemi csapás, rongálás vagy más szakszerűtlen működtetés, beavatkozás által okozott károk kijavítására. ",4
10.3. A Szolgáltató minden felelősséget kizár a honlap használói által tanúsított magatartásokért. A honlap használója kizárólagosan és teljes mértékben felelős saját magatartásáért. A Szolgáltató a jogszabályi keretek közt az eljáró hatóságokkal teljes mértékben együttműködik az esetleges jogszabálysértések felderítése érdekében.,3
"A kijavított, vagy kicserélt termékre/műre a jótállási időszak újból kezdődik. ",4
"44. A Felek bármelyike jogosult a Szolgáltató és a Finanszírozó által aláírt finanszírozási szerződés módosítását írásban kezdeményezni azzal, hogy a jelen ÁSZF-ben és jogszabály által is rögzített szerződési feltételek nem módosíthatóak.",3
"Ha az utas az elővételben váltott menetjegyével a menetjegy érvényességének kezdete előtt kezdi meg utazását, és a menetjegy cseréjét elmulasztotta a vonaton a jegyvizsgáló az utazás teljes viszonylatára új menetjegyet ad ki a jegynélküli utas esetében alkalmazandó pótdíj felszámításával. Az utas birtokában lévő, fel nem használt menetjegyről a jegyvizsgáló igazolást ad, melynek visszatérítése kérhető.",2
"120. A kötelező jótállással érintett termékek: Azon tartós fogyasztási cikknek minősülő termékeket, melyekre a kötelező jótállás vonatkozik a 10/2024. (VI. 28.) IM rendelet tartalmazza, amennyiben az e jogszabályban felsorolt termékek eladási ára eléri a 10 000 forintot.",3
"A megrendelt termék hibája esetén Megrendelő - választása szerint - kellékszavatossági jogát gyakorolhatja vagy termékszavatossági igényt érvényesíthet. Megrendelőt nem illeti meg az a jog, hogy ugyanazon hiba miatt kellékszavatossági és termékszavatossági igényt egyszerre, egymással párhuzamosan érvényesítsen. Termékszavatossági igény eredményes érvényesítése esetén azonban a kicserélt termékre, illetve annak kijavított részére vonatkozó kellékszavatossági igényét az Megrendelő a gyártóval szemben érvényesítheti.",2
Ön az Eladóval szemben érvényesítheti kellékszavatossági igényét.,4
4.1. Felhasználó regisztráció nélkül is megkezdheti a vásárlást.,3
"10.11 A távhőszolgáltatással kapcsolatos díjfizetési kötelezettség és más pénztartozás a társasház tulajdonostársait és a lakásszövetkezet tagjait nem terheli egyetemlegesen. Épületrészenként külön-külön történő díjfizetés esetén a Felhasználó az egyes Díjfizetők, továbbá a Díjfizető más Díjfizetők díjtartozásának megfizetéséért nem tartozik felelősséggel.",3
"A mellékletek a jelen ÁSZF szerves részét képezik, így a törzsrész és a mellékletek együttesen alkalmazandóak. Az egyes mellékletek és a törzsrész közötti eltérés esetén a melléklet irányadó.",2
"Amennyiben az utas jelen Üzletszabályzat feltételeit elfogadja, és a közforgalmú vasúti személyszállítási szolgáltatás a vasúti társaság által a közforgalmú menetrendben meghirdetett járatokkal lehetséges, a vasúti társaság köteles a személyszállítási szolgáltatás igénybevételét valamennyi utazni kívánó személy számára hátrányos megkülönböztetés nélkül lehetővé tenni.",1
"9.3. Az írásbeli panaszt az webáruházunk 30 napon belül írásban megválaszolja. A panaszt elutasító álláspontját megindokolja. A válasz másolati példányát 3 évig megőrzi, s azt az ellenőrző hatóságoknak kérésükre bemutatja.",4
"Felhívjuk figyelmét, hogy ugyanazon hiba miatt kellékszavatossági és termékszavatossági igényt egyszerre, egymással párhuzamosan nem érvényesíthet. Termékszavatossági igényének eredményes érvényesítése esetén azonban a kicserélt termékre, illetve kijavított részre vonatkozó kellékszavatossági igényét a gyártóval szemben érvényesítheti.",4
"107. Az önkéntes jótállás esetén a jótállás feltételeit a jótállás nyújtója (többnyire a termék gyártója) határozza meg, mely feltételeket általában a termékhez csatolt vagy digitálisan elérhető jótállási nyilatkozat tartalmazza, illetve a csomagoláson található tájékoztatás vagy reklám tartalmazhatja. Az önkéntes jótállással érintett termékek köre tágabb lehet, mint a kötelező jótállással érintett termékek köre.",3
"11.17.  A Vállalkozónak csak olyan, a helyszínen épített munkaállványt, előre gyártott
munkaállványt és gördíthető munkaállványt szabad használni, amelyet a vonatkozó
nemzetközi szabvány előírásai vagy az azzal legalább egyenértékű műszaki
megoldás szerint tervezt ek, méreteztek, és a stabilitást ellenőrizték. Az elkészült
állványokat használatbavétel előtt, valamint hosszú megszakítás, vagy viharos
időjárás után minden alkalommal át kell vizsgálni. A vizsgálat pontos idejét és
eredményeit írásban kell rögzít eni. Az állványt használatba venni csak a vizsgálat
kedvező eredménye után, megfelelő engedély alapján szabad.
A munkahelyen alkalmazott munkaállás (állvány, pódium, kezelőjárda) kialakítása,
elhelyezése, rögzítése feleljen meg a munkavégzés jellegének, a várható
igénybevételnek, tegye lehetővé a biztonságos munkavégzést, a szükséges
anyagok és eszközök tárolását, a biztonságos közlekedést, fel - és lejutást.",3
"c) ÁSZF,",4
"A Küldemény felvételét végző futárnak nem kötelessége megállapítani, eldönteni, hogy a csomagolás megfelelő védelmet nyújt-e a feladott terméknek a szállítás során.  ",4
"(4) A Kártyabirtokos az elektronikus fizetési eszközt a fizetési eszköz kibocsátására és használatának feltételeire vonatkozó szerződésben foglalt szabályoknak megfelelően használhatja. Köteles minden, az adott helyzetben általában elvárható intézkedést megtenni annak érdekében, hogy az elektronikus fizetési eszközt és a használatához szükséges egyéb eszközt - így a személyazonosító kódot (PIN kódot) vagy egyéb kódot - biztonságbantartsa.",2
5.6. A számla fizetési határideje a számla Vevő általi kézhezvételétől számított 30 naptári nap. A fizetés módja átutalás.,4
"8. A BKK Zrt. a Felhasználó Alkalmazást is használó eszközein tárolt egyéb szoftvertermékek, illetve adatfájlok meghibásodásáért, adatvesztéséért, illetve az ebből eredő következményekért nem vállal felelősséget, ezért Felhasználó az adattárolókat érintő tevékenysége során köteles különös gondossággal eljárni.",4
"c.j) Hitelfevevő Magyarországon bejegyzett hitelintézetnél vezetett saját bankszámlaszáma, amelyre a Hitelfevevő a DH1 folyósítását kéri,",2
Nem fogyasztóval kötött szerződés esetén a jogosult az átvétel időpontjától számított 1 éves elévülési határidő alatt érvényesítheti szavatossági igényeit.,3
"▪ Személyazonosító okmány: személyazonosító igazolvány, útlevél, 2001. január 1-jét követően kiállított gépjárművezetői engedély, menekült státuszt igazoló személyi igazolvány, letelepedett, bevándorolt státuszt igazoló személyazonosító igazolvány, EGT állampolgár tartózkodási engedélye, tartózkodási jogot igazoló okmány (regisztrációs igazolás, tartózkodási kártya, állandó tartózkodási kártya),",3
4.1.3.1. A Számla felett a Számlatulajdonos által szabályszerűen bejelentett Rendelkező a bejelentett Rendelkezési jogára vonatkozó kikötéseknek megfelelően rendelkezhet.,1
"Csomagajánlat: az a Tranzakció, amely során a Vevő az Eladó által külön hirdetésben meghirdetett fix áras, legalább 2 (kettő) vagy több Termékét egy csomagban megrendelheti, azaz több Termék megvásárlása és kiszállítása történik egy Tranzakció során.",4
A jótállás kezdetének időpontja a Megrendelő és a Vállalkozó által közösen lebonyolított sikeres (műszaki) átadásátvételnek a napja. ,4
"A Szolgáltatások Mobilalkalmazáson keresztül történő igénybevételéhez szükséges a Regisztráció során megadott email cím megerősítése. Facebook, vagy Google fiókkal, vagy Apple ID-vel történő regisztráció esetén az email cím megerősítése automatikusan történik.",4
"A Felek a Szerződés teljesítése során tudomásukra jutott adatokat, információkat, üzemi és üzletpolitikai eseményeket üzleti titokként kezelik, azokat csak a Szerződés teljesítéséhez szükséges mértékben használják, és erre nézve a feladatok ellátásában résztvevő munkatársaikat, közreműködőiket is nyilatkoztatják.  ",4
"Megrendelő a termék kijavítását vagy kicserélését kérheti, kivéve, ha az ezek közül a Megrendelő által választott igény teljesítése lehetetlen vagy a Szolgáltató számára más igény teljesítéséhez képest aránytalan többletköltséggel járna. ",3
"A vasúti társaság egyes személyszállító vasúti járművek belterében – valamint a vonat közlekedése során, a vonat közlekedésével közvetlenül érintett területen – az utasok és a vasúti társaság munkavállalói, illetve megbízottjai életének, személyének, testi épségének és vagyontárgyainak, valamint a járművei, berendezései, eszközei, egyéb vagyontárgyai és a nemzeti vagyon védelme céljából a mindenkor hatályos uniós és nemzeti jogszabályok figyelembevételével és az Sztv.-ben meghatározott rendelkezések betartásával, elektronikus biztonságtechnikai rendszeren keresztül – a vasúti társaság által végzett közérdekű feladat megfelelő ellátása érdekében – kamerás megfigyelést folytat. A megfigyelés során képfelvételt (a továbbiakban: képfelvétel) rögzít, valamint azt felhasználás hiányában a rögzítést követő 16. napig tárolja, majd ezt követően automatizált módon törli. A vasúti társaság a kamerás megfigyelésről és az ezzel összefüggésben végzett adatkezelésről a vonat belterében elhelyezett – a kamerás megfigyelésre vonatkozó piktogrammal is ellátott – adatkezelési tájékoztatóban nyújt tájékoztatást, mely tájékoztatás a vasúti társaság honlapján számára folyamatosan hozzáférhető és letölthető.",0
"• Amennyiben a Szolgáltató mondja le az előzetesen foglalt vizit időpontját a rendelkezésre állási díj visszajár a Páciensnek. A sikeresen megvalósuló vizitet követően végszámla kerül kiállításra, melyből a kifizetett rendelkezésre állási díj levonásra kerül. Időpont lemondásánál vagy módosításánál a Páciens részére elvész az eredeti időpont. A fizetéssel kapcsolatos mindennemű költség a pácienst terheli.",3
"5.8. „Payment by 1 click” (Fizetés 1 kattintással) fizetési mód: a Weboldalba integrált fizetést feldolgozó szolgáltató által nyújtott fizetési szolgáltatás, amely az Ügyfelek (Vásárlók) számára online bankkártyás fizetési lehetőséget biztosít a Weboldalon történő vásárlás során.",3
A teljes összeg kifizetéséig az áruk a mi tulajdonunkat képezik.,4
Magyar Telekom Nyrt. Általános Szerződési Feltételei elektronikus hírközlési szolgáltatások igénybevételére vonatkozóan Egyéni előfizetők részére (rövid megnevezése más iratokban: Lakossági ÁSZF),4
"Antikvár könyvek megrendelése során, Szolgáltató a kiválasztott könyv mellett, illetve leírásában Libri Antikvárium, illetve Antikvár Partner kifejezésekkel jelzi, hogy az adott könyvre leadott rendelés teljesítésében a Libri Antikvárium Kft. (székhely: 1053 Budapest, Kossuth Lajos utca 4.; cégjegyzékszám: 01-09-974775; adószám: 23712568-2-41), vagy partnerei révén a Szolgáltató lesz-e a közreműködő (a számla kiállítója, illetve a csomagolásban és a kiszállításban résztvevő).",2
"13. A Szolgáltató jogosult – a Finanszírozónak történő előzetes bejelentést követően – közreműködő igénybevételére. Ha a Szolgáltató a finanszírozási szerződésében foglalt szolgáltatások nyújtásához másik egészségügyi szolgáltatót vesz igénybe, akkor a közöttük létrejött, közreműködésre irányuló szerződésben a közreműködőnek kötelezettséget kell vállalnia arra, hogy a Finanszírozó és a finanszírozással kapcsolatos ellenőrzési tevékenységet végző más szerv, szervezet számára biztosítja mindazokat az ellenőrzési jogokat, amelyek a Finanszírozót a vele szerződött szolgáltatóval szemben megilletik és teljesíti mindazon kötelezettségeket, melyek a szerződött szolgáltatót a Finanszírozóval szemben az ellenőrzés során terhelik. A Szolgáltató a közreműködő tevékenységéért úgy felel, mintha maga járt volna el. A Szolgáltató köteles a közte és a közreműködő között létrejövő szerződés megkötéséről a Finanszírozót haladéktalanul tájékoztatni, valamint a Szolgáltató köteles megküldeni a Finanszírozó részére a közreműködő nyilatkozatát arra vonatkozóan, hogy Szolgáltatónak a Finanszírozó és a finanszírozással kapcsolatos ellenőrzési tevékenységet végző más szerv, szervezet ellenőrzésével kapcsolatos jogait és kötelezettségeit ismeri és azt magára nézve kötelezőnek elfogadja. A nyilatkozat hiányában a Finanszírozó jogosult a közreműködővel ellátandó szolgáltatás vonatkozásában a finanszírozási szerződés megkötését, illetve a már megkötött finanszírozási szerződés módosítását megtagadni. A Szolgáltató köteles továbbá a közreműködő tevékenységének megkezdését megelőzően Finanszírozónak átadni a közreműködő működési engedélyét, valamint ha a jogszabály kivételt nem tesz a közreműködő teljes bizonyító erejű magánokiratba foglalt nyilatkozatát arra vonatkozóan, hogy a nemzeti vagyonról szóló törvény rendelkezései szerint átlátható szervezetnek minősül.",1
"3.4.8. Az értesítést a Bank a/ haladéktalanul, de legkésőbb a Fizetési megbízás átvételét követő Banki munkanapon; b/ terhelési nap megjelölése esetén a terhelés napját követő Banki munkanapon; c/ a sorba állítás időtartamának lejártát követő Banki munkanapon teszi meg papír alapú vagy elektronikus Bankszámlakivonat formájában. Az értesítést az Ügyfél Banknál bejelentett levelezési címére küldi ki, illetve elektronikusan az adott elektronikus csatornán az Ügyfél számára elérhetővé teszi. A Bank jogszabály rendelkezésén vagy megállapodáson alapuló ellenjegyzéssel ellátott, valamint csatolt okiratot tartalmazó papíralapú fizetési megbízást és az okiratot tartalmazó papíralapú fizetési megbízások teljesítésének visszautasítása esetén a fizetési megbízást és az okiratot visszaküldi az ügyfélnek.",0
"8.4.  A jegyzőkönyv másolatát haladéktalanul, igazolható módon a fogyasztó rendelkezésére kell bocsátani.",3
"A Vállalkozó a Szerződés aláírásával akként nyilatkozik, hogy a Szerződés elválaszthatatlan részét képező dokumentumokat és a Megrendelő által a rendelkezésére bocsátott egyéb dokumentumokat, a szükséges és megfelelő szakmai kompetencia birtokában saját felelősségére ellenőrizte, az azokban foglalt tényeket, előírásokat ismeri. Vállalkozó a díjat ezen információk figyelembevételével, kellően nagy szakmai tapasztalatára alapozva és a teljesítés helye ismeretében állapította meg. A Vállalkozó a létesítmény funkciójának, céljainak megfelelő és rendeltetésszerű használatához, a teljes körű I. osztályú minőségi követelményeknek megfelelő megjelenésű és minőségű megvalósításhoz, zavartalanul használható állapotához szükséges munkákat kalkulálni tudta, és a műszaki és igényszintbeli bizonytalanságokat is figyelembe vette. ",1
"Ha a szerződés a digitális tartalom vagy digitális szolgáltatás meghatározott időtartamon keresztül történő folyamatos szolgáltatásáról rendelkezik, az Eladó felel a digitális tartalommal kapcsolatos hibáért, amennyiben a hiba a szerződésben meghatározott időtartam alatt következik be, vagy válik felismerhetővé.",3
"Az utas kérésére a vonat 15 percet meghaladó késésről és/vagy a kimaradásáról, valamint az azt okozó akadály tényéről és időtartamáról a vasúti társaság igazolást ad. A vasúti társaság részéről – ha az lehetséges – a vonaton a TT ellenőr adja ki, és ezt a tényt feljegyzi az utas menetjegyére. Amennyiben a vasút-villamoson nincs igazolás adására alkalmas személy, az utas igazolás iránti igényét az Üzletszabályzat IV. Fejezet 2.2. pontjában meghirdetett telefonszámon, e-mail címen jelezheti.",1
"A Vállalkozó köteles az átadás-átvétel időpontjáig a már elkészült műrészekben keletkezett harmadik fél által okozott károkat (baleset, lopás, rongálás stb.) kijavítani, helyreállítani, pótolni, amiért Megrendelő felé kárigénnyel nem élhet. ",4
"3.18.3. A szállítási díj és a szállítási idő minden esetben függ a választott szállítási módtól, szállítási szolgáltató választása esetén annak szerződési feltételeitől, díjazásától, az esetleges kedvezményektől. A szállítási díj összege a vásárlást összesítő oldalon kerül feltüntetésre. Vatera Szállítás esetén a szállítási díjról a Vatera állít ki számlát, amelynek értéke közvetített szolgáltatást tartalmaz.",3
"Termékszavatossági igény érvényesítése esetén Önnek kell bizonyítania, hogy a termékhiba a gyártó általi forgalomba hozatal időpontjában fennállt.",4
"A sorozatkezelés elmaradásából vagy késedelmes legfolytatásából származó, Páciensnek felróható károkért a Szolgáltató saját felelősségét teljes mértékben kizárja.",3
"Ha az utas által felmutatott menetjegyért fizetett összeg nem fedezi az utas által igénybe vett szolgáltatás Menetdíjtáblázatban a menetjegy váltása időpontjában meghirdetett árát, az utas menetjegye elégtelen.",3
13.11 A szerződésszegéssel összefüggő rendelkezéseket a Tszt. 49-51.§-ai és az Önk. Rend. 23.§-a tartalmazzák.,4
"Ha az utas célállomása közvetlen vonattal több útvonalon is elérhető, az utas a vasúti társaság jegyértékesítéssel foglalkozó munkavállalójával közösen határozza meg, hogy a menetjegy melyik útvonalon át kerüljön kiadásra. A vasúti társaság jegyértékesítéssel foglalkozó munkavállalója az utast kérésére tájékoztatja a leggyorsabb és a legolcsóbb eljutási lehetőségről, valamint kérésre más, kerülő útvonalra is kiadja a menetjegyet.",3
"ad) a bankközi pénzpiaci kamatlábak/hitelkamatok változása,",3
"A Felhasználó a 45/2014. (II.26.) kormányrendelet 29. § (1) a) pontja értelmében kifejezett, előzetes beleegyezését adja a szállítási szolgáltatás igénybevételével ahhoz, hogy a szolgáltatás nyújtója a szolgáltatás egészének teljesítését annak megrendelését követően haladéktalanul megkezdje, és tudomásul veszi, hogy a szolgáltatás egészének teljesítését követően az elállási/felmondási jogát elveszti.",3
"A fogyatékossággal élők vagy csökkent mozgásképességű személyek mozgását segítő alábbi gyógyászati segédeszközei: kerekesszék, járókeret, rollátor, bot, mankó(k), sétapálca, kézipoggyászként akkor vihető be, ha ott úgy elhelyezhető, hogy az utasok autóbuszon belüli szükséges mozgását nem gátolja, elmozdulás ellen biztosítható és az utasok testi épségében, magukkal vitt poggyászaikban, az autóbuszban és annak felszerelési tárgyaiban kárt vagy szennyeződést nem okozhat.",4
"A jótállási határidő a fogyasztási cikk fogyasztó részére történő átadása, vagy ha az üzembe helyezést a vállalkozás vagy annak megbízottja végzi, az üzembe helyezés napjával kezdődik. Ha a fogyasztó a fogyasztási cikket az átadástól számított hat hónapon túl helyezteti üzembe, akkor a jótállási határidő kezdő időpontja a fogyasztási cikk átadásának napja. A Szolgáltató csak abban az esetben mentesül a jótállási kötelezettség alól, ha bizonyítja, hogy a hiba oka a teljesítés után keletkezett. Jótállási igényét a Felhasználó a 151/2003. (IX. 22.) Korm. rendeletben és a 19/2014. NGM rendeletben foglaltak szerint érvényesítheti.",3
"A Vállalkozó köteles biztosítani minden, a munkavégzéshez szükséges árut, anyagot, szerkezetet, eszközt és minden egyéb dolgot, legyen az ideiglenes vagy állandó jellegű. A munkaeszközök helyszínre szállítása után a Vállalkozó minden munkaeszközét úgy kell tekinteni, hogy arra kizárólag a munkavégzéshez van szükség.  ",4
"3/9. A tranzakció meghirdetésekor a Termékhez nem kapcsolódó úgynevezett keresőszavak megjelentetése nem megengedett. Az azonos aukciókat, tranzakciókat, keresőszavakat tartalmazó terméklapokat a Vatera eltávolíthatja, a sorozatosan a Termék nem megfelelő kategóriájában tranzakciót indító, keresőszavakat megjelentető vagy azonos Termékeket többször is meghirdető Felhasználó hozzáférését a Vatera szolgáltatásai használatához mérlegelése alapján időlegesen figyelmeztető jelleggel felfüggesztheti vagy ezt követően véglegesen kizárhatja abból.",2
"Ha a Fogyasztó az adásvételi szerződést teljes egészében vagy az adásvételi szerződés alapján szolgáltatott áruk egy része tekintetében szünteti meg, úgy a Fogyasztónak az Eladó költségére vissza kell küldenie az Eladónak az érintett árut és az Eladónak haladéktalanul vissza kell térítenie a Fogyasztó részére az érintett áru vonatkozásában teljesített vételárat, amint az árut vagy az áru visszaküldését alátámasztó igazolást átvette. a fogyasztó nála bejelentett szavatossági igényéről jegyzőkönyvet köteles felvenni, és annak másolatát haladéktalanul, igazolható módon a fogyasztó rendelkezésére kell bocsátania.",2
115. A dolognak a kicseréléssel vagy a kijavítással érintett részére a kellékszavatossági igény elévülési ideje (két év) újból kezdődik.,3
"Az írásbeli panaszt, valamint a jegyzőkönyvben rögzített szóbeli panaszokat a Szol-gáltató érdemben megvizsgálja, a vizsgálat eredményét és a tett intézkedéseket 1 hónapon belül írásban közli a panasz benyújtójával. Ha a Szolgáltató a panaszt elutasítja, azt megindokolja és írásban tájékoztatást ad a panaszosnak, hogy panaszával – annak jellege szerint – mely hatóság vagy a békéltető testület eljárását kezdeményezheti, és megadja azok elérhetőségét.",1
"A szolgáltatás akkor minősül teljesítettnek, ha a digitális tartalom vagy - az ahhoz való hozzáféréshez szükséges vagy annak letöltésére alkalmas - bármely megoldás a fogyasztóhoz, illetve a fogyasztó által e célból kiválasztott fizikai vagy virtuális eszközre került. biztosítania kell, hogy a fogyasztó értesítést kapjon a digitális tartalom olyan frissítéseiről - ideértve a biztonsági frissítéseket is -, amelyek a digitális tartalom vagy digitális szolgáltatás szerződésszerűségének fenntartásához szükségesek, valamint megkapja azokat.",3
"A DPD jogosult a szolgáltatásokat felfüggeszteni, amennyiben igazolható módon az Ügyfél gazdasági, pénzügyi, jogszerű működésével kapcsolatban negatív eseményekről szerez tudomást, így különösen: csőd, felszámolás, végelszámolás, törvényességi felügyeleti eljárás, NAV- és egyéb végrehajtás, adószám felfüggesztés. ",3
"Ha a szerződés arról rendelkezik, hogy a digitális tartalom szolgáltatására vagy a digitális szolgáltatás nyújtására vagy hozzáférhetővé tételére a szerződésben meghatározott időtartam alatt kerül sor, a Szolgáltató akkor módosíthatja a digitális tartalmat vagy szolgáltatást a szerződésszerű teljesítés e rendelet szerinti követelményeit meghaladóan, ha ez a szerződés megfelelő indokot is megjelölő rendelkezésén alapul; a módosítással kapcsolatban a fogyasztót semmilyen többletköltség nem terheli; a fogyasztót világos és közérthető módon tájékoztatták a módosításról; és a 11.e. bekezdés szerinti esetben a módosítást megelőzően a Szolgáltató észszerű időben, tartós adathordozón tájékoztatja a fogyasztót a módosítás jellemzőiről és idejéről, a (2) bekezdés szerinti megszüntetési jog gyakorlásának lehetőségéről, valamint arról, ha a fogyasztónak lehetősége van a (4) bekezdés szerint a módosítás mellőzését kérni. A fogyasztó jogosult a fenti d) pontja szerinti tájékoztatás kézhezvételétől vagy a szerződés módosításától számított harminc napon belül a szerződést díjmentesen megszüntetni, ha a szerződés megváltozott feltételekkel történő teljesítése hátrányosan érinti a digitális tartalomhoz vagy a digitális szolgáltatáshoz való hozzáférését, illetve annak használatát, kivéve, ha a módosítás hátrányos hatása csekély mértékű. Ha a fogyasztó e bekezdés szerint megszünteti a szerződést, a 373/2021. (VI. 30.) Korm. rendelet 22. § (8) bekezdését és a 24-26. § rendelkezéseit megfelelően alkalmazni kell. Az előző rendelkezés nem alkalmazható, ha a Szolgáltató biztosítja a fogyasztó számára, hogy többletköltség nélkül megtartsa a módosítás nélküli digitális tartalmat vagy digitális szolgáltatást, feltéve, hogy a teljesítés a módosítás nélkül is szerződésszerű marad. (373/2021. (VI. 30.) Korm. rendelet 27. §)",0
"13.3 A Feltételek minden olyan rendelkezése, amelynek természeténél fogva fenn kell maradnia, a jelen Feltételek megszűnése után is fennmarad, ideértve többek között a tulajdonjogi rendelkezéseket, a szavatossági kizárásokat és a felelősségkorlátozásokat.",1
"4.2. A Kedvezményezett  a támogatás  összegét  az Okirat  5.1. pont jában meghatározott
támogatási időszakot terhelő, a támogat ott tevékenység  megvalósításával összefüggésben
felmerült és igazoltan e célra fordított, az EPER -ben elfogadott költségterv ben feltüntetett
költségek kiegyenlítésére használhatj a fel. A támog atás elszámolása során csak a támogatási
időszakot terhelő számlák számolhatók el.",1
"A vasúti társaság az alkalmazott árakról a vasútállomásokon és megállóhelyeken kifüggesztett utastájékoztató hirdetményekkel, illetve szórólapokkal ad tájékoztatást. Az alkalmazott kedvezmények igénybevételének részletes feltételei a Díjszabásban, külön rendelkezésekben és a honlapon minden esetben megtalálhatók.",3
"A fogyasztó kötelezettségei elállása vagy felmondása esetén visszaszolgáltatása - Ha a fogyasztó a 45/2014. (II. 26.) Korm. rendelet 22. §-nak megfelelően eláll a szerződéstől, köteles az Árut haladéktalanul, de legkésőbb az elállás közlésétől számított tizennégy napon belül visszaküldeni, illetve az Eladónak vagy az Eladó által az Áru átvételére meghatalmazott személynek átadni. A visszaküldés határidőben teljesítettnek minősül, ha a fogyasztó az Árut a határidő lejárta előtt elküldi. visszaszolgáltatásával kapcsolatos közvetlen költségek viselése",3
"A jogszabályok rendelkezéseinek megfelelően a web-áruházak kötelesek 48 órán belül visszaigazolni a Vásárló megrendelését. Abban az esetben, ha a Vásárló Belépőjegyet vásárol a Szolgáltató rendszerén keresztül, a jegyvásárlás a fizetés sikeres megtörténte után gyakorlatilag azonnal, valós időben megtörténik, és a Vásárló a megrendelt Belépőjegyeket elektronikus formában azonnal kézhez kapja. Így a 48 órán belüli megrendelés-visszaigazolás helyett a Vásárló magát a Belépőjegyet is tartalmazó visszaigazoló e-mailt (vagy más elektronikus formátumú üzenetet) veszi kézhez.",3
"A MÁO a vásárlás során megadott adatok elektronikus rögzítése során felmerült hibák azonosítását és kijavítását az alábbi eszközök útján biztosítja a Vevők részére. Bérletújítás esetén a bejelentkezési felület automatikus visszajelzést ad a Vevő részére, ha a megadott e-mail cím vagy vevőazonosító nem megfelelő. A vásárláshoz szükséges, azonban ki nem töltött adatsorokról a rendszer automatikus visszajelzést ad a Vevő részére. Ha a vásárlás során a Vevő valamely adatot helytelenül rögzített, a hiba kijavítása érdekében a „Vissza” gomb megnyomásával térhet vissza a korábbi felületre.",1
"4.5.1.1. Bankkártyás fizetés: A www.fonallak.hu áruházban lehetőség van bankkártyás fizetésre a Six Payment Services és a Big Fish Gateway Payment közreműködésével. A vásárló az online fizetési lehetőség választásával elfogadja a következő adattovábbítási nyilatkozatot is: „Elfogadom, hogy az ANBANA Kft. 2112 Veresegyház, Nádor u. 8. által a(z) www.fonallak.hu felhasználói adatbázisában tárolt alábbi személyes adataim átadásra kerüljenek a BIG FISH Internettechnológiai Kft. (székhely: 1066 Budapest, Nyugati tér 1-2.), mint adatfeldolgozó részére. A továbbított adatok köre: név-előtag, vezetéknév, keresztnév, számlázási cím, szállítási cím, telefonszám, e-mail cím, bankkártyaszám utolsó négy számjegye. Az adattovábbítás célja: a fizetési tranzakciókhoz szükséges adatkommunikáció lebonyolítása a kereskedő és a fizetési szolgáltató rendszere között, a tranzakciók visszakereshetőségének biztosítása a kereskedő partnerek számára.” ",0
"A Helyhez kötött telefonszolgáltatás vagy hangszolgáltatás előfeltétele a megfelelő hálózati kapcsolat (pl. kábeles hozzáférés esetén a kábeltelevíziós hálózat, réz-érpáras hálózatokon igénybe vehető hagyományos telefon Szolgáltatások vagy hangszolgáltatások esetén az ilyen hálózat) megléte illetőleg kiépítése.",3
"Amennyiben az Előfizető mobil rádiótelefon készülékének operációs rendszere lehetővé teszi, a „112” Egységes Európai Segélyhívószámra irányuló hívás esetén a tartózkodási hely pontosabb meghatározására irányuló adatátadásra kerül sor. Az Előfizető mobil rádiótelefon készülékébe beépített helymeghatározó rendszer által megállapított pozíciót az Előfizető mobiltelefon készüléke automatikusan adat SMS formájában a segélyhívó szervezetnek átadja. A segélyhívó szervezet számára küldött SMS hazai hálózatban díjmentes. ",0
"5. A BKK Zrt. az Alkalmazást „adott állapotában”, „minden hibájával együtt” és „megtekintett formájában” biztosítja a Felhasználók részére, és a megfelelő minőséggel, teljesítménnyel, pontossággal, eredményességgel kapcsolatos teljes kockázat a Felhasználót terheli.",3
5.2.2. Az egyedi hirdetési szerződéssel rendelkező Felhasználók az alábbi Szolgáltatásokat vásárolhatják meg hirdetésenként:,3
"Amennyiben a biztosító nem téríti meg a páciens felé a teljes összeget, az igénybe vett szolgáltatás utólagos pénzügyi visszatérítésére nincs mód.",4
"A gyártó akkor mentesül termékszavatossági kötelezettsége alól, ha bizonyítani tudja, hogy: az Árut nem üzleti tevékenysége körében gyártotta, illetve hozta forgalomba, vagy a hiba a tudomány és a technika állása szerint a forgalomba hozatal időpontjában nem volt felismerhető vagy az Áru hibája jogszabály vagy kötelező hatósági előírás alkalmazásából ered.",3
"103. Hibás teljesítés esetén a Fogyasztó legerősebb joga a jogszabályon alapuló kötelező jótállás, melyet jogszabály a 10/2024. (VI. 28.) IM rendeletben felsorolt, 10 000 Ft feletti eladási árú tartós fogyasztási cikkekre biztosít két vagy három évre. Azon tartós fogyasztási cikkek meghibásodása esetén, melyekre a kötelező jótállás vonatkozik a Fogyasztónak a hiba tényének közlésén túl, csak azt kell igazolnia, hogy a terméket az Alzától vásárolta. Az Alza ugyanakkor bizonyíthatja, hogy nem történt hibás teljesítés, mivel a hiba a teljesítést követően (pl. azt követően, hogy az Alza a megvásárolt terméket a Fogyasztónak átadta) keletkezett.",1
"3.6. Üzemeltető a Szolgáltatásaihoz szorosan kapcsolódó, tájékoztató üzeneteket küld a Felhasználók e-mail címére (rendszerüzenet), a Szolgáltatás teljesítésének részeként.",3
"5.5. Felhasználó kiválasztja a szállítási címet, majd a szállítási és fizetési módot, melyek a Felhasználó választása alapján a következőek lehetnek:",4
"38. A Szolgáltató a Finanszírozó által megjelölt határidőn belül köteles a Finanszírozó által megállapított hiányosságokat megszüntetni és a hibákat kijavítani, ezek megtörténtét a Finanszírozónak jelenteni, melynek ellenőrzésére a Finanszírozó jogosult.",3
"47. A megrendelés részletei nem hozzáférhetőek olyan harmadik felek számára, akik az ügyletben nem voltak érintettek, ez alól kivételt képez a hatályos jogszabályok alapján a bíróságok, hatóságok vagy egyéb harmadik felek részére történő kötelező adatszolgáltatás.",4
"13.2. Az Eladó szavatolja, hogy az általa leszállított áru hiba- és hiánymentes, valamint megfelel a hatályos jogszabályokban és a szerződésben, valamint a Vevő idevonatkozó utasításaiban, vasútüzemi előírásaiban foglalt követelményeknek, munkavédelmi, tűzvédelmi, egészségügyi és környezetvédelmi előírásoknak. Az Eladó az áru minőségét minőségi tanúsítvánnyal, műbizonylattal igazolja.",2
"134. A Fogyasztó a fenti 131. pontban bemutatott választott jogáról másikra térhet át. Az áttéréssel okozott költséget azonban köteles az Alzának megfizetni, kivéve, ha az áttérésre az Alza adott okot vagy az áttérés egyébként indokolt volt. Ezen szabály a kellékszavatossági jogok érvényesítése esetén is irányadó.",3
"A Vevő legkésőbb az elállás közlésétől számított tizennégy napon belül köteles a terméket visszaküldeni, illetve a vállalkozásnak vagy a vállalkozás által a termék átvételére meghatalmazott személynek átadni. A visszaküldés határidőben teljesítettnek minősül, ha a fogyasztó a terméket a határidő lejárta előtt elküldi, vagy a vállalkozásnak átadja.",2
"b) a biztosított ellátására vonatkozó dokumentumokba és az elszámolás alapjául szolgáló nyilvántartásokba való betekintésre,",4
"10.5 Ön elismeri, hogy a termékek megfelelnek az ügyletnek vagy a tervezett vásárlásnak, ha: (i) megfelelnek a Temu oldalon megadott leírásnak, és rendelkeznek a Temu oldalon bemutatott tulajdonságokkal; (ii) alkalmasak arra a célra, amelyre az ilyen típusú árukat általában használják; és (iii) olyan minőségűek és teljesítményűek, mint az azonos típusú áruk esetében szokásos és észszerűen elvárható. A nemzeti fogyasztóvédelmi jogszabályok törvényes jogokat biztosítanak Önnek, beleértve a termék megfelelőségére vonatkozó jogi garanciát. A helyi jogszabályok értelmében jogosult lehet különösen (a) a Szolgáltatások megfelelőségének biztosítására, vagy (b) a szerződés felmondására. Ön gyakorolhatja ezeket a jogait a harmadik fél kereskedőpartnerekkel szemben.",2
"Ha a fogyasztó az ellenszolgáltatás arányos leszállítására vagy a szerződés megszüntetésére jogosult, az Eladó haladéktalanul, de legkésőbb e jog gyakorlásáról való tudomásszerzésétől számított tizennégy napon belül köteles teljesíteni visszatérítési kötelezettségét.",4
"1.9. A Citi Europe plc Magyarországi fióktelepe és az Erste Bank Hungary Zrt. között 2015. szeptember 2. napján létrejött szerződésállomány átruházási megállapodás alapján a Citibank lakossági üzletága által kezelt szerződésállomány a Magyar Nemzeti Bank engedélyével átruházásra került az ERSTE BANK HUNGARY Zrt. részére. A szerződésállomány átruházással érintett lakossági betéti- és számlaszerződések szerződési feltételeire 2019. május 02. napjától jelen ÁSZF vonatkozik. A Citibanktól átvett szerződésállományhoz tartozó folyószámlahitel szerződésekre vonatkozó rendelkezéseket a Fogyasztási hitelek c. általános szerződési feltételek tartalmazzák. Amennyiben bármely dokumentum a jogelőd „Erste Lakossági Banki Szolgáltatások Általános Üzleti Feltételei Citibanktól átvett Ügyfelek részére” c. ÁSZF-re hivatkozik a hivatkozott dokumentumon jelen ÁSZF-et, illetve folyószámlahitel esetén a Fogyasztási hitelek c. általános szerződési feltételeket kell érteni. (hatályos 2019. május 02. napjától)",2
Az Ügyfélnek a rendelés bármely szakaszában és a megrendelés Szolgáltató részére való elküldéséig a Webáruházban bármikor lehetősége van az adatbeviteli hibák javítására a megrendelési felületen (pl. termék törlése a kosárból az „X” ikonra kattintva).,2
"A vasúti társaság az utazás közbeni tájékoztatási kötelezettségének a rendelkezésre álló hangos utastájékoztatási eszközökkel és a rendelkezésre álló vizuális utastájékoztatási eszközökkel, ezek hiányában élőszóval tesz eleget.",3
A tőketartozás a folyósítás napján a folyósított DH1 összegével növekszik.,4
"37. A Hitel igénybevételére vonatkozó, 36. pont alapján megváltoztatott jogosultsági időt a Diákhitel Központ köteles a tanulmányi félév megkezdése előtt legalább 7 nappal két országos napilapban, a www.diakhitel.hu honlapján, valamint a felsőoktatási intézményekben hirdetményként közzétenni.",2
"1/1. Az Üzemeltető online felületet biztosít Felhasználói részére Termékeik eladásra kínálására, értékesítésére, megvásárlására, illetve a Termékek és szolgáltatások hirdetéseinek böngészéséhez kapcsolódó egyéb szolgáltatásokat nyújt a Vaterán keresztül elérhető adatbázisban, illetve kereső rendszerben. A Vatera által működtetett szolgáltatásai elérhetőek mindazok számára, akik - ha a jelen ÁFF eltérően nem rendelkezik - regisztrálnak, valamint jog-és cselekvőképes személyek, vagy gazdálkodó szervezetek. A regisztrációval a Felhasználó elismeri, hogy - természetes személy, aki 18. életévét legkésőbb a regisztráció napján betöltötte, és a Polgári Törvénykönyvről szóló 2013. évi V. törvény (a továbbiakban: Ptk.) szerint nem cselekvőképtelen (Ptk. 2:8. §.), vagy 14. életévét betöltötte és nem cselekvőképtelen (Ptk. 2:11-12.§). vagy természetes személy, aki 18. életévét legkésőbb a regisztráció napján betöltötte, és a Polgári Törvénykönyvről szóló 2013. évi V. törvény (a továbbiakban: Ptk.) szerint nem cselekvőképtelen (Ptk. 2:8. §.), vagy 14. életévét betöltötte és nem cselekvőképtelen (Ptk. 2:11-12.§). vagy - vállalkozás (Ptk. 8:1. § 4.), amely törvényes képviselője vagy meghatalmazottja útján eljárva kereskedői fiókot nyit, - és minden esetben a saját, vagy az általa képviselt gazdálkodó szervezet nevében, valós felhasználói adatai, illetve elérhetőségei megadásával regisztrál.",2
"8.12. Üzemeltető fenntartja magának a jogot, hogy a jelen ÁSZF-ben meghatározottak szerinti Szolgáltatás nyújtásának megtagadásával érintett Felhasználó IP címéről érkező ismételt regisztrációt megtagadja, illetve a már létrejött ismételt regisztrációt törölje, felé a Szolgáltatás nyújtását a jövőben megtagadja. A Kereskedő Felhasználót erről a döntéséről Üzemeltető e-mailben 30 nappal korábban értesíti.",2
• Szsztv.: a személyszállítási szolgáltatásokról szóló 2012. évi XLI. törvény,2
"A fizetés során becslést biztosítunk ügyfeleinknek a vámok, adók és díjak („Importdíjak”) tekintetében, valamint az Európai Unió területén a vámkezelést is elintézzük a nevükben. Jogunkban áll, hogy a fizetés során Importdíj-letét fizetésére kérjük Önt annak érdekében, hogy garantálhassuk ezen Importdíjak az Ön nevében történő kifizetését. Felhívjuk az Európai Unióban tartózkodó ügyfelek figyelmét, hogy ha az importált termékek összértéke meghaladja a vonatkozó jogszabályok által meghatározott küszöbértéket, akkor Importdíjakat vethetnek ki az Ön által vásárolt termékekre. Ha a tényleges Importdíjak magasabbak a becsült Importdíj-letétnél, akkor nem számítunk fel további díjakat. Ha a tényleges Importdíjak alacsonyabbak az általunk megbecsült Importdíj-letétnél, akkor a különbözetet automatikusan visszatérítjük a megrendeléshez használt fizetési mód használatával. A visszatérítés összegét e-mailben erősítjük meg. A visszatérítés feldolgozására akkor kerül sor, amikor a fuvarozóktól megkapjuk a tényleges importdíjakat igazoló számlát.",1
(4) Az érvényes módosítást tartalmazó Adatlap egy-egy eredeti példányát a nyomtatványt aláírók kapják kézhez.,3
"A Belépőjegy fajtájától függően digitális és analóg biztonsági megoldásokat tartalmazhat, amely védi a Belépőjegyet a hamisítás ellen. Amennyiben a Szolgáltató, a Rendezvényszervező, vagy a Rendezvény helyszínén közreműködő biztonsági szolgálat azt észleli, hogy a Belépőjegyen a biztonsági jelek sérültek, hiányosak, azokon szándékos rongálás jeleit vélik felfedezni, vagy azokat reprodukáltnak, másoltnak ítélik meg, a Belépőjegy felmutatójától a Rendezvényre történő belépést megtagadhatják, illetve a Rendezvény területének elhagyására szólíthatják fel. Az ilyen indoklással történt kitiltás miatt Vásárló semmilyen kártérítési igénnyel nem léphet fel a Szolgáltatóval szemben.",1
"8. Az Alza Applikáció használatára (azon történő böngészés, megrendelés, vásárlás, reklamáció, egyéb ügyintézés stb.) is jelen Fogyasztói ÁSZF, különösen a Webáruházzal kapcsolatban megfogalmazott rendelkezések az irányadóak, kivéve, ha az Alza Applikációra ellenkező vagy kiegészítő rendelkezést rögzít a jelen Fogyasztói ÁSZF.",2
"3.3.4. A Bankszámlaszerződés hatálya, megszűnése",2
"Visszatérítés módja: A visszatérítés során az eredeti ügylet során alkalmazott fizetési móddal azonos fizetési módot alkalmazunk, kivéve, ha más fizetési mód alkalmazásához kifejezett belegyezését adta. Más visszatérítési mód alkalmazása esetén a Felhasználót semmilyen többletköltség nem terheli.",3
"14.1. A szerződés közös megállapodással bármikor megszüntethető. Megszűnik a szerződés a benne foglalt kötelezettségek maradéktalan teljesítésével, illetve a határozott időtartam lejártával.",3
"A Szolgáltatási Időszak az Egyenleg-felhasználási Időszakból és az azt követő Rendelkezésre Állási Időszakból
áll. A különböző értékű egyenlegfeltöltéshez, és az egyes díjcsomagokhoz tartozó Szolgáltatási Időszakok
időtartama – az Egyenleg-felhasználási Időszak hosszának függvényében – egymástól eltérhet. A Szolgáltatás
igénybevételéhez tartozó egyenlegfeltöltési értékeket és a hozzájuk tartozó Egyenleg-felhasználási Időszakokat a
jelen ÁSZF 2. számú melléklete tartalmazza. A Szolgáltatási időszak végén az Előre Fizető Előfizető elveszti a
Szolgáltatások igénybevételére vonatkozó jogosultságát, azzal, hogy az Ügyfélszolgálatra érkező hívások és a
segélyhívások továbbra is kezdeményezhetőek.",2
"44. A papíralapú szerződéskötést az erre a célra rendszeresített magyar nyelvű formanyomtatványon lehet kezdeményezni. A formanyomtatvány DH1 Hitelszerződésből és DH1 Hiteligénylési Adatlapból áll. A formanyomtatványt kizárólag elektronikus úton lehet kitölteni a www.diakhitel.hu honlapon, a Diákhitel Direkt portálon keresztül és kitöltés után kell kinyomtatni 2 példányban (2 példány Hiteligénylési Adatlap és 2 példány Hitelszerződés), ezt követően a 46. pontban foglaltak szerint aláírni és leadni.",1
"1.7. A jelen ÁSZF értelmezésében és az ÁSZF-ben nem szabályozott kérdésekben a magyar jog az irányadó, különösen a Polgári Törvénykönyvről szóló 2013. évi V. törvény („Ptk.”),az elektronikus kereskedelmi szolgáltatások, az információs társadalommal összefüggő szolgáltatások egyes kérdéseiről szóló 2001. évi CVIII. (Elker. tv.) törvény, a fogyasztó és a vállalkozás közötti szerződések részletes szabályairól szóló 45/2014. (II. 26.) Korm. rendelet rendelkezései, a Polgári perrendtartásról szóló 2016. évi CXXX. törvény (Pp.) a vonatkozó egyéb jogszabályok rendelkezései a felekre külön kikötés nélkül is irányadóak.",0
"Szolgáltató a közforgalmú menetrend szerinti járattal történő utazásra vonatkozó ajánlatát menetrendbe foglalja és abban teszi közzé. A közszolgáltatási szerződés alapján végzett közforgalmú menetrend szerinti járatok menetrendje az ellátásért felelőssel, mint megrendelővel (helyközi közlekedésben: közlekedésért felelős miniszter, helyi közlekedésben: települési önkormányzat) kötött közszolgáltatási szerződés alapján készül, annak mellékletében szerepel. A járatoknak a menetrend szerinti közlekedtetése a Szolgáltató számára kötelezettség.",1
"10.10 Hőközponti hőmennyiségmérés szerinti távhőszolgáltatás esetén a BKM NONPROFIT Zrt. által havonta elszámolt hőfelhasználás újbóli szétosztása a díjfizetők között a Felhasználó által alkalmazott költségmegosztók adatai alapján a TKSZ és az Önk. Rend. rendelkezései szerint, utólagos elszámolásra a BKM NONPROFIT Zrt-vel kötött külön szerződés alapján lehetséges.",3
"A teljesítés ideje az az időpont, amikor a Megrendelő felé - a Megrendelő által elfogadottan - a Szerződés szerint maradéktalanul teljesített a Vállalkozó.  ",4
"A munkavállalók és ügyfelek adataihoz való hozzáférés csak annyiban megengedett, amennyiben arra a Szerződés teljesítése érdekében feltétlenül szükség van. ",4
"Ha a részleges elvesztés vagy a megsérülés a kézbesítéskor azonnal nem ismerhető fel, azt a legrövidebb időn belül, de legkésőbb a kézbesítéstől számított 3 munkanapon belül kell írásban jelezni a DPD honlapján keresztül. A határidők elmulasztása jogvesztéssel jár.  ",4
"14.2 A Felhasználó felmondási szándékának írásos bejelentését követően a BKM NONPROFIT Zrt. tizenöt (15) napon belül köteles a felmondás feltételeiről, az előírt eljárásról a Felhasználót írásban tájékoztatni.",3
"7.1. Ha a Vállalkozó  a tervdokumentációban kiírt, vagy a költségvetésben megjelölt
anyagokat a szükséges időben beszerezni nem tudja, előzetes megrendelői
jóváhagyás után  jogosult időben beszerezhető, azonos műszaki paraméterű és
használati értékű más anyaggal helyettesíteni, de a többletköltségek a
Megrendelőre  nem háríthatók át.",2
"8.3 Minden olyan építészeti vagy épületgépészeti átalakítást előzetesen be kell jelenteni a BKM NONPROFIT Zrt. részére, amely a felhasználási helyen a díjfizetés alapjául szolgáló légtérfogat- vagy a hőteljesítmény-szükséglet növekedését eredményezi. A BKM NONPROFIT Zrt. a bejelentéstől számított harminc (30) napon belül tájékoztatja a Felhasználót a megnövekedett távhőigény kielégítésének feltételeiről és az átalakítás végrehajtásával kapcsolatos előírásokról. Az előbbi feltételekről a feleknek előzetesen meg kell állapodniuk. Az átalakítás befejezését a Felhasználó írásban közli a BKM NONPROFIT Zrt.-vel a befejezést követő nyolc (8) napon belül, amelynek alapján a felek a közszolgáltatási szerződést a megnövekedett légtérfogatnak (hőteljesítmény igénynek) megfelelően, épületrészenkénti díjszétosztás esetén a díjfizetőkre és a hődíj új szétosztási arányaira is kiterjedően módosítják (Tszt. 36.§, TKSZ 4.1-4.4. pontok, Önk. Rend. 15.§ ).",0
"Egyedi előfizetői szerződés: az Előfizetői szolgáltatás nyújtására és igénybevételére vonatkozó, de az Eszr. 11. § szerinti adatokat tartalmazó dokumentum",2
"A gyártó/forgalmazó akkor mentesül a termékszavatossági kötelezettség alól, ha bizonyítani tudja, hogy a terméket nem üzleti tevékenysége körén belül gyártotta, illetve hozta forgalomba; vagy a hiba a tudomány és technika állása szerint a forgalomba hozatal időpontjában nem volt felismerhető; vagy a termék hibája jogszabály, illetve kötelező hatósági előírás alkalmazásából ered. A gyártónak/forgalmazónak a mentesüléshez elegendő egy okot bizonyítania.",3
"9.3 Megbízó a jelen ÁSZF elfogadásával kifejezetten átvállalja szerzői, hirdetés- és médiajogi, versenyjogi továbbá a polgári jogi szabályok be nem tartása miatt, az átadott reklámanyagokkal/hirdetésekkel kapcsolatban a Libri Könyvkereskedelmi Kft.-re esetlegesen kiszabott bírságok és kártérítési, illetve polgári jogi igények megtérítését.",3
"• Alkalmazás: a BudapestGO mobilalkalmazás, a BKK Zrt. által a jelen ÁSZF-ben meghatározottak szerint működtetett, a BudapestGO Felhasználók számára a Budapesten hozzáférhető önkormányzati közszolgáltatásokhoz és közérdeklődésre számot tartó egyéb szolgáltatásokhoz kapcsolódó információkhoz hozzáférést és az ezekkel kapcsolatos ügyekben kommunikációs felületet biztosító mobil alkalmazás, mellyel a Szolgáltatás igénybe vehető. Ingyenesen elérhető AppStore-ban és a Google Play Áruházban. Az Alkalmazás informatikai üzemeltetője: a BKK Zrt. szerződéses partnere az Alkalmazás megfelelő működéséhez szükséges informatikai feladatok ellátására (jelenleg a Telekom Rendszerintegráció Zrt.)",2
"5.8.1.2. A kerekparguru.hu oldalról megrendelhető termékek árai változtatásának jogát fenntartjuk azzal, hogy a módosítás a kerekparguru.hu oldalon való megjelenéssel egyidejűleg lép hatályba.",4
"3. Az Alkalmazásban elérhető Szolgáltatásokról a BKK Zrt. és a Felhasználó között online szerződés (a továbbiakban: Szerződés) jön létre, amely kizárólag elektronikus adatátvitel útján az Alkalmazáson keresztül köthető meg, és nem minősül írásbeli szerződésnek. A Szerződés a regisztráció aktiválásakor jön létre. Az Alkalmazás meglátogatása, az azon való barangolás, illetve a regisztráció folyamatának elindítása önmagában nem hozza létre a Szerződést (vagy egyéb szerződést) a BKK Zrt. és a Felhasználó között.",2
"10.1 A Bank fenntartja a jogot arra, hogy az ÁSZF-ben és a vonatkozó Hirdetményekben foglaltakat a bel- és külföldi pénzügyi viszonyok, a jogszabályok, vagy az ÁSZF-ben foglalt szolgáltatásra, valamint az Ügyfélre vonatkozó kockázat megváltozását felismerve, ahhoz, valamint a Bank üzletpolitikájához igazodva egyoldalúan módosítsa. A módosításra irányuló ajánlatról a Bank a szerződési feltételek esetén közvetlenül, Hirdetményi kondíciók esetén Hirdetmény útján a módosítás hatálybalépése előtt 30 naptári nappal értesíti az Ügyfelet. Amennyiben a módosítást az Ügyfél nem fogadja el, jogosult a szerződést az ajánlat kézhezvételétől, illetve a Hirdetmény közzétételétől számított 30 naptári napon belül felmondani (mely esetben a Bank a szolgáltatást letiltja), ellenkező esetben az Ügyfélre vonatkozóan a módosítás hatályba lép. A 30 naptári napos felmondási idő lejáratáig a szerződés az eredeti feltételekkel áll fenn.",1
8.1. A mennyiségi és minőségi átvétel a Vevő arra meghatalmazott képviselőinek részvételével történik. Az áru mennyiségi és/vagy minőségi ellenőrzését a Vevő az átvétel során ellenőrzi. Az átvétel nem zárja ki a Vevő szerződésszegésből eredő későbbi igényérvényesítésének jogát.,3
17. A Szolgáltató köteles az általa nyújtott szolgáltatásokról a jogszabályban meghatározott adattartalmú nyilvántartásokat vezetni.,3
"3/10. Jótékonysági árverést kizárólag a Vatera előzetes engedélyével a részletes feltételeket írásban rögzítve lehet indítani. A Vatera fenntartja annak jogát, hogy hozzájárulását indokolás nélkül megtagadja, bármikor visszavonhassa.",4
"A DPD az Ügyfelek Szolgáltatás keretén belül megismert adatait a mindenkor hatályos adatvédelmi szabályoknak megfelelően kezeli és tárolja, az adatokat a vonatkozó jogszabályok szerint és feltételek mellett adhatja át Hatóságoknak / harmadik személyeknek. A DPD Ügyfelekkel kapcsolatos adatvédelmi szabályait az Adatvédelmi Szabályzat tartalmazza, melynek hatályos szövege a DPD honlapján elérhető. ",1
"Amennyiben a Vállalkozó a teljesítés során valamely közművet, létesítményt megrongál, köteles azt saját költségén helyreállítani. A rongálás tényét köteles a Megrendelő képviselőjének vagy műszaki ellenőrének is bejelenteni. ",4
15. Az együttműködési és tájékoztatási kötelezettség,4
"11.4. Tilos webáruházak tartalmának, illetve egyes részeinek adaptációja vagy visszafejtése; a felhasználói azonosítók és jelszavak tisztességtelen módon történő létesítése; bármely olyan alkalmazás használata, amellyel a webáruházak vagy azok bármely része módosítható vagy indexelhető.",3
"Annak érdekében, hogy a Vevő és a Látogató a jelen ÁSZF rendelkezéseit egyszerűen megismerhessék, a jelen ÁSZF-et a saját honlapján elektronikusan és jegypénztáraiban nyomtatott formában bárki számára hozzáférhető módon közzéteszi. Az internetes elérhetőség a nyomtatott jegyen és bérleten feltüntetésre kerül.",4
"d.6. A megrendelés feldolgozási ideje a befizetés Eladó bankszámlájára történő beérkezésétől számítottan akár harminc (30) napot is igénybe vehet. A feldolgozási időbe nem számítanak bele az esetlegesen felmerülő, Eladónak nem felróható késedelmek, mint például a banki átfutási idő vagy vis maior események. Az Eladó törekszik a lehető legrövidebb feldolgozási időre, de a megadott időtartam tájékoztató jellegű.",3
"Amennyiben a Megrendelő igénymódosítása vagy a hatósági előírások módosítása, illetve a Vállalkozó - teljesítés során felmerülő, az eredetitől eltérő műszaki tartalommal rendelkező - igénye eltérést határoz meg, úgy azt írásban közli a Vállalkozóval.  ",2
"A szerződés a vállalt Szolgáltatás teljesítésével szűnik meg. A szerződés akkor is megszűnik, ha a Küldemény a DPD-n kívül álló okokból nem kézbesíthető és Szolgáltató azt a Feladónak visszaszállította, amennyiben a Küldemény a Feladónak vissza nem küldhető és/vagy a Feladó a Küldemény visszaküldéséről lemond és annak megsemmisítése megengedett, vagy a Szolgáltatás díja nem került kiegyenlítésre.  ",3
"A fogyasztót a 45/2014. (II. 26.) Korm. rendelet 20. § szerint megilleti az indokolás nélküli elállás joga. A fogyasztó az elállási jogát a) Áru adásvételére irányuló szerződés esetén aa) az Árunak, ab) több Áru adásvételekor, ha az egyes Áruk szolgáltatása eltérő időpontban történik, az utoljára szolgáltatott Árunak, ac) több tételből vagy darabból álló áru esetén az utoljára szolgáltatott tételnek vagy darabnak, ad) ha az árut meghatározott időszakon belül rendszeresen kell szolgáltatni, az első szolgáltatásnak, a fogyasztó vagy az általa megjelölt, a fuvarozótól eltérő harmadik személy általi átvételének napjától számított határidőn belül gyakorolhatja, mely határidő 14 naptári nap.",2
"− papíralapú szerződéskötés esetén ezen okirat, valamint az ennek mellékletét képező DH1 Hiteligénylési Adatlap Hitelfelvevő általi Diákhitel Direkt felületen történő kitöltését, kinyomtatását, majd személyes megjelenés során történő adategyeztetését, aláírását és leadását követően, a Diákhitel Központ részéről történő átvételével,",4
"12.2.2.  Az építőanyagok, építési termékek
tárolását, mozgatását az anyagtermék sajátosságait figyelembe vevő és a
körny ezetet nem veszélyeztető, a környezeti károkozást kizáró módon,
szakszerűen kell végezni.",2
"2.6.2.5. A Bank – amennyiben jogszabály eltérően nem rendelkezik - a letéti számlán kezelt összegeket csak a Számlatulajdonos által meghatározott célú megbízások teljesítésébe vonja be, egyéb megbízások fedezete szempontjából figyelmen kívül hagyja.",3
Ingó dolog (Áru) hibája esetén Ön - választása szerint - kellékszavatossági igényt vagy termékszavatossági igényt érvényesíthet a  szabályai szerint.,2
1.7. Előzetes tájékoztatás tartalma,4
17.8 Kedvezményezett harmadik felek. A 16. szakaszban foglaltak kivételével a jelen Feltételek nem tartalmaznak harmadik félnek szánt kedvezményezetteket.,3
"   Ha Ön eláll a szerződéstől, haladéktalanul, de legkésőbb a visszaküldött termék Szolgáltatóhoz való beérkezésétől számított 14 napon belül visszatérítjük az Ön által teljesített valamennyi ellenszolgáltatást, ideértve az Ön által megadott szállítási címre való kiszállítással felmerülő szállítási költséget is (kivéve azokat a többletköltségeket, amelyek amiatt merültek fel, hogy Ön az általunk felkínált, legolcsóbb szokásos fuvarozási módtól eltérő fuvarozási módot választott.) Amennyiben az elállási szándékát a csomag futárnak való átadása után jelzi a Szolgáltatónak és a futárszolgálattól a csomagot nem veszi át, úgy a csomag Szolgáltatóhoz történő visszaszállításának költsége a Fogyasztót terheli. A szolgáltató a csomag visszaszállítási költségét a Fogyasztó által megadott e-mail címre továbbított díjbekérő alapján érvényesíti. A díjbekérő eredménytelensége esetén a Szolgáltató követelése érvényesítésével, behajtásával harmadik személyt bíz meg, melynek költségei a Fogyasztóra hárulnak.  A visszatérítés során az eredeti ügylet során alkalmazott fizetési móddal egyező fizetési módot alkalmazunk, kivéve, ha Ön más fizetési mód igénybevételéhez kifejezetten a hozzájárulását adja; e visszatérítési mód alkalmazásából kifolyólag Önt semmilyen többletköltség nem terheli. A visszatérítést mindaddig visszatarthatjuk, amíg vissza nem kaptuk a terméket, vagy Ön nem igazolta, hogy azt visszaküldte: a kettő közül a korábbi időpontot kell figyelembe venni. ",1
"1.7 A szállítási határidőről minden egyes termék részleteit tartalmazó oldalán, valamint a megrendelés leadása előtt tájékoztatjuk Önt.",4
"Digitális elemeket tartalmazó áru esetében az Eladónak biztosítania kell, hogy a fogyasztó értesítést kapjon az áru digitális tartalmának vagy az azzal kapcsolatos digitális szolgáltatás olyan frissítéseiről - ideértve a biztonsági frissítéseket is -, amelyek az áru szerződésszerűségének fenntartásához szükségesek, valamint biztosítania kell, hogy a fogyasztó meg is kapja azokat. a frissítés elérhetővé tételét, ha az adásvételi szerződés a digitális tartalom vagy a digitális szolgáltatás egyszeri szolgáltatásáról rendelkezik, akkor az áru és a digitális elemek típusa és célja, valamint az egyedi körülmények és a szerződés jellege alapján a fogyasztó által észszerűen elvárható; vagy a digitális tartalom meghatározott időszakon keresztül történő folyamatos szolgáltatásról rendelkezik, akkor két évet meg nem haladó időtartamú folyamatos szolgáltatás esetén az áru teljesítésétől számított két éves időszakon keresztül kell biztosítania.",2
"Kellékszavatossági igény érvényesítése során, ha a termékkel kapcsolatos kellékszavatossági igény érvényesítése nem személyesen történik, az érintett termék visszaszállítását, cseréjét Szolgáltató saját költségére végzi az általa kiválasztott és megbízott szolgáltató közreműködésével, feltéve, ha a Felhasználó (vásárló) ezen igényét előzetesen, Szolgáltató ügyfélszolgálatán bejelenti a törvényes határidőn belül. A Szolgáltatóval történő előzetes egyeztetés, a panasz bejelentése nélkül visszaküldött termékek postaköltségét, szállítási díját Szolgáltató meg nem téríti.",1
" Amennyiben a Szolgáltató (vagy közreműködője) az ellenőrzés során a Finanszírozóval nem működik együtt, a helyszíni szemlét, a szükséges iratokat dokumentációkat a közösen egyeztetett és elfogadott határidőben, de legkésőbb a Finanszírozó – írásbeli – felszólítását követő 30 napon belül nem biztosítja anélkül, hogy akadályoztatását hitelt érdemlően igazolná, a Finanszírozó jogosult a Szolgáltató mulasztása esetén a teljes egészségügyi szolgáltatás vonatkozásában a finanszírozási szerződést azonnali hatállyal felmondani.",2
"1.17. A megrendelőlap aláírásával megrendelt Szolgáltatások kivételével a Szolgáltatások vonatkozásában a Felhasználó és Üzemeltető között online szerződés jön létre, amely nem minősül írásbeli szerződésnek. Üzemeltető jogosult meghatározott Szolgáltatások tekintetében írásbeli szerződéses formát meghatározni a Szolgáltatás igénybevétele feltételeként, amely írásbeli megállapodásban a szerződő felek a jelen ÁSZF rendelkezéseitől eltérően is rendelkezhetnek. A szerződéskötés nyelve kizárólag a magyar. Az online szerződést Üzemeltető nem rögzíti, így az a szerződéskötést követően nem érhető el. Az online szerződés létrejöttét az elektronikusan elmentett hirdetési adatok és az igénybe vett Szolgáltatásokra vonatkozó adatok igazolják. A Felhasználó által a Weboldalra feltöltött tartalmat a Felhasználó köteles archiválni.",2
b) a Szerződő fél által írásban és az illetékes Kincstári számlavezető hely aláírása mellett erre a célra meghatalmazott természetes személy(ek).,4
"Az Ügyfél kötelezettséget és teljes felelősséget vállal azért, hogy olyan adatokat bocsát a DPD rendelkezésére, amely adatok vonatkozásában az adatok felhasználása sem az Ügyfél, sem érintett harmadik személyek (különösen a Címzett) jogait és jogos érdekeit nem sérti, és amely adatok és felhasználásuk vonatkozásában a szükséges felhatalmazással rendelkezik. Vonatkozik e rendelkezés különösen a Címzett telefonszámának, e-mail címének a szolgáltatás teljesítéséhez szükséges módon és terjedelemben történő felhasználására. A DPD a fenti rendelkezésekre tekintettel kizárja minden irányú felelősségét az Ügyfél által rendelkezésre bocsátott, és a szolgáltatás teljesítése körében felhasznált adatokkal és adatkezeléssel kapcsolatosan.   ",3
"8.3 A Szolgáltatások tartalmazhatnak linkeket vagy kapcsolatokat olyan harmadik fél webhelyeihez vagy szolgáltatásaihoz, amelyek nem a mi tulajdonunkban vannak vagy nem a mi irányításunk alatt állnak. Nem rendelkezünk ellenőrzéssel, és nem vállalunk felelősséget harmadik felek webhelyeinek vagy szolgáltatásainak tartalmáért, pontosságáért, adatvédelmi szabályzatáért vagy gyakorlatáért, illetve az azokon kifejtett véleményekért. Ezenkívül nem fogjuk és nem is tudjuk felügyelni, ellenőrizni, cenzúrázni vagy szerkeszteni harmadik fél webhelyeinek vagy szolgáltatásainak tartalmát. Ön tudomásul veszi és elfogadja, hogy nem vagyunk felelősek a harmadik felek webhelyeihez vagy szolgáltatásaihoz való hozzáféréséből vagy azok használatából eredő kockázatokért. Arra bátorítjuk Önt, hogy amikor elhagyja a Szolgáltatásokat, legyen körültekintő, és olvassa el minden egyes meglátogatott vagy használt harmadik fél weboldalának vagy szolgáltatásának felhasználási feltételeit és adatvédelmi szabályzatát.",2
"4.6. Amennyiben a Vállalkozás olyan terméket rendel, amely nincs készleten, úgy a teljes megrendelése egyedi rendelésnek minősül, a szerződéstől való elállás nem lehetséges.",3
2.1.17. Hat hónapnál rövidebb ideje fennálló keretszerződés Számlatulajdonos általi felmondása esetén a Bank az ügyféltől ellenértékre jogosult. Az ellenérték nem haladhatja meg a felmondás tényleges és közvetlenül felmerülő költségeit. E tekintetben a Banknak a Számlatulajdonos felé elszámolási kötelezettsége áll fenn.,3
"A Vatera Szállítás vonatkozásában a Felhasználók a Termék szállítására kiválasztott szállítási szolgáltató által működtetett vevőszolgálat igénybevételére jogosultak és kötelesek, az adott szállítási szolgáltató általános szerződési feltételeiben meghatározott feltételek szerint.",2
"A Szolgáltató Mobil internet-hozzáférési szolgáltatása a Felhasználók által megosztottan használt hálózati
erőforrások felhasználására, azaz osztott erőforrásokra épül. A Felhasználók egymás adatátviteli sebességét is
befolyásolhatják, ezáltal ezeknek az erőforrásoknak a túlzott igénybevétele, akár egy Előfizető részéről is, minden
más Felhasználó számára negatív hatást (negatív felhasználói tapasztalatot) válthat ki, ez a mobilinternet
szolgáltatások alapvető jellemzője. A hálózati erőforrások fentiek szerinti használata leronthatja a hálózat
teljesítményét és ezzel a szolgáltatás minőségét. A fentiek figyelembevételével a hálózat rendeltetésszerű
működésének biztosítása és az átlagos ügyfélélmény javítása érdekében az Internet Szolgáltatók Tanácsa által a
Szolgáltató fenntartja magának a jogot a letölthető adatmennyiség korlátozása nélkül az adatsebesség lassítására
az alábbiak szerint:",4
"A Mobil Szolgáltatás igénybevételének előfeltétele a megfelelő hálózati kapcsolat megléte, amely az Előfizetői
SIM kártya aktiválásával valósul meg.",4
"Általánosan érvényesülő szabály, hogy: az Eladónak a saját költségére kell biztosítania a kicserélt áru visszavételét ha a kijavítás vagy kicserélés olyan áru eltávolítását teszi szükségessé, amelyet az áru jellegének és céljának megfelelően - a hiba felismerhetővé válása előtt - üzembe helyeztek, akkor a kijavításra vagy kicserélésre vonatkozó kötelezettség magában foglalja a nem megfelelő áru eltávolítását és a csereként szállított vagy kijavított áru üzembe helyezését vagy az eltávolítás, illetve üzembe helyezés költségeinek viselését. kijavításának vagy kicserélésének elvégzésére nyitva álló észszerű határidőt attól az időponttól kell számítani, amikor a Fogyasztó közölte a hibát a vállalkozással.",2
"6.4 A Felhasználó a Szerződés mellékletét képező üzemviteli megállapodás keretében meghatározhatja a fűtési szolgáltatás beindítására, leállítására, a fűtés és a melegvíz ellátás mértékére vonatkozó igényét. A megállapodásban megjelölt hőmérsékleti értékek a felhasználási hely egészére vonatkozó irányértékeknek minősülnek, amelyeket a BKM NONPROFIT Zrt. a felhasználási helyen a hőfokszabályozó megfelelő beállításával és folyamatos üzemeltetésével köteles biztosítani. A felhasználási helyen belüli egyes épületrészek kívánt mértékű fűtése és melegvízzel való ellátása a felhasználói berendezések megfelelő állapotban tartásával és üzemeltetésével a Felhasználó feladata.",1
"44. Amennyiben az Alza a Fogyasztó ajánlatát nem tudja elfogadni, azaz a megrendelést nem tudja teljesíteni, a Fogyasztót a megrendelés elutasításáról tájékoztatja, és intézkedik a Fogyasztó által előre kifizetett vételár és szállítási költség visszatérítéséről. Az Alza kizárja felelősségét azért, ha ezen felül a Fogyasztónak bármilyen kára keletkezne a Fogyasztó ajánlatának (azaz a megrendelésnek) az elutasítása következtében.",4
"Ha az utas a tartozását határidőben nem egyenlíti ki, a vasúti társaság a követelés behajtásáról jogi úton gondoskodik, vagy a követelés behajtásával mást bíz meg, illetve a követelést értékesítheti. Az utólagos behajtás többletköltségei az utast terhelik.",3
A Felek a Csomagajánlatra vonatkozó értékelésüket a Csomagajánlat Vevő általi elküldését követő 10. naptól tehetik meg.,2
"30. Az Alza nem garantálja a Fogyasztó számára valamennyi szállítási mód igénybevételének a lehetőségét. Egyes szállítási módokat attól függően ajánlja fel az Alza a Fogyasztónak, hogy az adott szállítási mód elérhető-e a megadott címen, illetve milyen szállítási kapacitások állnak az Alza rendelkezésére az adott pillanatban. A szállítás várható ideje és költsége a kiválasztott szállítási mód függvényében változik.",3
"4.4 A Libri Könyvkereskedelmi Kft. nem vállal felelősséget a hirdetésekben előforduló esetleges hibák miatt bekövetkező károkért, továbbá azért sem, ha a kár egy hirdetés megjelenésének elmaradásából következik be (azaz elmaradt haszon címén a Libri Könyvkereskedelmi Kft. nem vonható felelősségre).",4
"3.2.1. A Bank jogosult harmadik személy közreműködését igénybe venni, ha ezt a Számlatulajdonostól kapott megbízás teljesítése érdekében szükségesnek ítéli. Számlatulajdonos e tekintetben az ehhez szükséges adatok mértékéig a Bankot a Banktitok megtartásának kötelezettsége alól felmenti. A Bank a közreműködőért úgy felel, mintha saját maga járt volna el. Ha azonban a közreműködő felelősségét jogszabály állapítja meg, a Bank felelőssége is ehhez igazodik.",3
11.2. Minden vásárló egyszerre csak egy ügyfélfiókkal rendelkezhet a Zalandónál. A többszörös regisztrációk törlésére vonatkozó jogunkat fenntartjuk.,4
"A vállalkozás jótállási kötelezettsége alól csak abban az esetben mentesül, ha bizonyítja, hogy a hiba oka a teljesítés után keletkezett. A jótállás nem vonatkozik a termékleírásban feltüntetett hibákra.",3
"7.1 Az Ön törvényes elállási jogának sérelme nélkül lehetőséget biztosítunk Önnek arra, hogy az árut a kézhezvételtől számított 30 napon belül visszaküldje. Ez a visszaküldési lehetőség lehetővé teszi Önnek, hogy a 14 napos elállási határidő lejárta után is (lásd a fenti "" Elállási joggal kapcsolatos tájékoztatás "" című részt), az áru átvételétől számított 30 napon belül (ez a határidő az áru átvételétől kezdődik), az áru hozzánk vagy Zalando partnertől való vásárlás esetén a Zalando partnerünkhöz történő visszaküldésével, elálljon a szerződéstől.",2
"6.1. Vállalkozó  alvállalkozó igénybevételére jogosult, a Vállalkozó az alvállalkozók
tevékenységéért teljes körű felelősséget vállal. Az alvállalkozókat az általuk végzett
munka nevesítése mellett a z építési -, vagy az  elektronikus  építési naplóban rögzíteni
kell.",3
"Üzleti előfizető: az a vállalkozás, amely a 2004. évi XXXIV. törvény 3. § (1) bekezdése szerint kis- és középvállalkozásnak minősül és Egyedi előfizetői szerződést köt.",0
"10.2 A távhőszolgáltatási díjak nem tartalmazzák a felhasználói berendezések üzemeltetéséhez, továbbá vízmelegítés-szolgáltatásnál a felmelegített közműves ivóvíz, víz- és szennyvízdíját.",4
2.3 Az Ügyfél/Felhasználó az e-bank szolgáltatás keretében banki szolgáltatásokat vehet igénybe. A szolgáltatási kört a Bank ügyfélforgalom számára nyitva álló helyiségeiben és az interneten közzétett Hirdetmény tartalmazza.,4
"A helyi közlekedésben alkalmazott bérletek használatához szükséges igazolványok kiállítása és érvényesítése a Szolgáltató honlapján közzétett autóbusz-állomásainak pénztárainál történhet. A pénztárak, valamint a megbízott más értékesítők jegyzékét, a pénztárak nyitvatartási idejét Szolgáltató a honlapján közzéteszi.",4
Ön a vállalkozással szemben érvényesítheti kellékszavatossági igényét.,4
"8.2. Amennyiben a Vállalkozó ellen a garanciális időszak alatt csődeljárás indul,
vagy az illetékes bíróság a Vállalkozó felszámolását rendeli el, úgy e tényt a
Vállalkozó garanciális helytállási kötelezettsége körében a Vállalkozó részéről
felróható szerződéss zegésnek minősítik, mely esetben Vállalkozó garanciális
kötelezettsége megszűnik. Ezzel egyidejűleg a Vállalkozó véglegesen elveszíti
a garanciális visszatartásra/levonásra való jogosultságát akképpen, hogy a
Megrendelő a garanciális visszatartással/levoná ssal megegyező összegű
kötbért jogosult a Vállalkozóval szemben felszámítani és azt a garanciális
visszatartással/levonással szemben beszámítani. Ebben az esetben a
szerződésszegés miatti Megrendelői kötbérigény és a garanciális visszatartás
a felszámolást  elrendelő végzés előtti napon, illetve a csődeljárás iránti kérelem
benyújtását megelőző napon válnak esedékessé.",2
A jelen pontban foglalt titoktartási kötelezettség a Feleket a Szerződés bármely okból történő megszűnését követően időbeli korlátozás nélkül terheli. ,2
"Törvényes képviselő (Lakossági Előfizető esetén): Amennyiben az Előfizető korlátozottan cselekvőképes vagy
cselekvőképességében részlegesen korlátozott természetes személy, úgy a Szerződés megkötéséhez törvényes
képviselőjének vagy gondnokának (a gondnokság alá helyezésről szóló dokumentum bemutatása/átadása mellett)
szükséges. A cselekvőképességében részlegesen korlátozott személynek a bíróság ítéletében meghatározott
ügycsoportokra vonatkozó jognyilatkozatának érvényességéhez a Törvényes képviselő hozzájárulása szükséges.",0
2.2.8. Személyes megjelenés esetén a Számlatulajdonos / Rendelkező / Meghatalmazott / (személyazonosító igazolvány illetve a vonatkozó jogszabályban személyazonosításra alkalmas más közokirat) bemutatásával jogosult a Bankszámla felett rendelkezni.,4
"A szerződés megszüntetése esetén a Szolgáltató köteles visszatéríteni a fogyasztó által ellenszolgáltatásként megfizetett teljes összeget. Ha azonban a teljesítés a szerződés megszüntetése előtt meghatározott ideig szerződésszerű volt, az erre az időszakra járó ellenszolgáltatást nem kell visszatéríteni. Ez utóbbi esetben az ellenszolgáltatásnak azt a részét kell visszatéríteni, amely a nem szerződésszerű teljesítés időszakára vonatkozik, valamint azt a fogyasztó által előre megfizetett ellenszolgáltatást, amely a szerződés megszüntetésének elmaradása esetén a szerződés hátralévő időtartamára járt volna.",2
"4.6. Amennyiben a Szerződés tárgya sorozattermékek szállítása, vagy fajta és mennyiség szerinti szállítás, Vevő az átadott Termékekből jogosult mintát venni. A mintában fellelt esetleges minőségi vagy mennyiségi hibát az ellenkező bizonyításáig a teljes szállítmányra vetítetten a mintavétel során megállapított hibaszázaléknak megfelelő arányban meglévő hibának kell tekinteni. Az ellenkező tényállás bizonyítása az Eladó feladata.",1
"A szállítási szolgáltatók csak abban az esetben fogadnak el kárigényt, ha a csomag eleget tesz az adott szállítási szolgáltató átalános szerződési feltételeinek. A csomagban bekövetkezett tényleges károkért a szállítási szolgáltató felel, mind az Eladó, mind a Vevő a kárigényét a szállítási szolgáltató általános szerződési feltételeiben meghatározottak szerinti módon közvetlenül a szállítási szolgáltató felé jogosult érvényesíteni.",3
"13.2 Ha Fiókja bármilyen okból megszűnik, a Fiókjához kapcsolódó összes Tartalom és Jutalom elveszik és törlődik. A fennmaradó Jutalmakat a megszűnés hatálybalépésének időpontja előtt kell megpróbálnia felhasználni.",3
"4.15. Az Eladó és a Vevő között az Egyedi adásvételi szerződés az eladói visszaigazolás megküldésével, a termék Vevő általi átvételéig jön létre. Az egyedi adásvételi szerződés megkötésével összefüggésben a Vevő kifejezetten elfogadja, hogy a termékrendelés véglegesítése számára – a választott fizetési és szállítási módnak megfelelően – egyben vételár-teljesítési és termék-átvételi kötelezettséget is keletkeztet.",2
"A teljesítéstől számított hat hónapon belül a kellékszavatossági igénye érvényesítésének a hiba közlésén túl nincs egyéb feltétele, ha Ön igazolja, hogy a terméket, illetve a szolgáltatást az INTERSPORT nyújtotta. A teljesítéstől számított hat hónap eltelte után azonban már Ön köteles bizonyítani, hogy az Ön által felismert hiba már a teljesítés időpontjában is megvolt.",3
"▪ Adóigazolvány, vagy az állami adóhatóság által kiállított adóazonosító jelet igazoló hatósági bizonyítvány,",4
"6.4. A beszámoló és mellékleteinek benyújtásával Kedvezményezettnek hitelt érdemlően
bizonyítania kell a pályázati program Okirat szerinti megvalósulását .",3
"Ön 14 napon belül jogosult indokolás nélkül elállni e szerződéstől. Az elállási határidő attól a naptól számított 14 nap elteltével jár le, amelyen Ön vagy az Ön által megjelölt, a fuvarozótól eltérő harmadik személy a terméket átveszi.",3
1.4. Jelen ÁSZF a kihirdetés napjától hatályos.,2
"Vállalkozó előlegre jogosult, köteles az előleg összegével azonos összegű előleg-visszafizetési biztosítékot nyújtani. Az előleg-visszafizetési biztosítéknak mindaddig érvényesnek kell lennie, amíg az előleg visszafizetésre vagy levonásra nem kerül. A biztosíték szolgáltatásának kötelezettségét a Megrendelő számlájára történő befizetéssel vagy biztosítási szerződés alapján, kezességvállalást tartalmazó kötvény átadásával, bankgarancia vagy banki kezesség útján lehet teljesíteni, a Kbt. 126. § (6) a) alapján. A kezességvállalást tartalmazó kötvény, vagy banki kezesség minden esetben csak olyan lehet, amelyben a kezest nem illeti meg a sortartási kifogás, azaz a kezes nem követelheti, hogy a Vevő a követelést először az Eladótól hajtsa be. Amennyiben a Vállalkozó előleget kíván igényelni, akkor a szerződés aláírásával egyidejűleg köteles ezt írásban jelezni a Megrendelő számára egy előlegbekérő levél útján. A Megrendelő az előleget legkésőbb az építési munkaterület átadását követő 15 napon belül fizeti ki a Vállalkozó részére egy összegben, az előleg kifizetésének feltétele azonban az előleg-visszafizetési biztosíték rendelkezésre bocsátása.  ",0
"2.6.1. Óvadéki számla A Bank a pénzforgalmi Bankszámla mellett egyéb elkülönített Bankszámlák megnyitását és vezetését is vállalja. A Számlatulajdonos tudomásul veszi, hogy a pénzforgalmi Bankszámlához kapcsolódóan elkülönített fedezeti Bankszámla nyitását olyan pénzeszközök kezelése céljából kérheti, amelyek szabad rendelkezése alól kikerültek. Az e Bankszámlákon kezelt összegeket a Bank – amennyiben jogszabály eltérően nem rendelkezik – csak az elkülönített Bankszámla céljának megfelelő megbízások teljesítésébe vonja be, egyéb megbízások fedezete szempontjából figyelmen kívül hagyja.",2
7.13. Üzemeltető jogosult megtenni a Felhasználó felelősségre vonásához szükséges lépéseket. Üzemeltető a hatályos jogszabályok szerint együttműködik a hatóságokkal a felelősségre vonás érdekében.,4
6.2. Az egyedi hirdetési szerződéssel rendelkező Felhasználók tekintetében alkalmazott szabályok,4
"5.1 Ön tudomásul veszi, hogy elektronikus úton kaphat tőlünk üzeneteket, például e-maileket, szöveges üzeneteket, mobilos push-értesítéseket, valamint a Szolgáltatásokon keresztül vagy azokban megjelenő értesítéseket és üzeneteket („Push-üzenetek”). Ahol azt a jogszabály előírja, megszerezzük az Ön hozzájárulását az ilyen Push-üzenetek kézbesítéséhez, az alkalmazandó jogszabályok által megkövetelt feltételeknek megfelelően. Ön tudomásul veszi, hogy az Alkalmazás Ön általi használatakor a vezeték nélküli szolgáltatója díjat számíthat fel az adat- és szövegesüzenet-küldésért és/vagy egyéb vezeték nélküli hozzáférésért, a Push-üzenetekhez kapcsolódó hozzáférést is beleértve. Egyeztessen vezeték nélküli szolgáltatójával annak meghatározása érdekében, hogy milyen díjak vonatkoznak a Szolgáltatások Ön általi elérésére és használatára, a tőlünk érkező Push-üzenetek fogadását is beleértve. Kizárólag Ön a felelős minden olyan díjért, költségért vagy kiadásért, amely a Szolgáltatások az Ön mobileszközére történő letöltésével, telepítésével és/vagy azon történő használatával kapcsolatban felmerül, a Push-üzenetek fogadását is beleértve. Ön továbbá azt is tudomásul veszi és elfogadja, hogy minden olyan feltétel, megállapodás, értesítés, közlés és egyéb kommunikáció és dokumentum, amelyet elektronikus úton bocsátunk rendelkezésére, ugyanolyan joghatással bír, mint az „írásban” küldött.",3
"Az olyan küldemények esetében, amelyeknél maga az eredeti csomagolás is értéket képvisel (pl. LEGO-doboz), az Ügyfél (Feladó) köteles magát az eredeti csomagolást is olyan áruvédelemmel ellátni, amely alkalmas az eredeti csomagolás sértetlen állapotának megőrzésére, összhangban a jelen ÁSZF csomagolásra vonatkozó rendelkezéseivel. Abban az esetben, ha a Feladó az eredeti csomagolást kívülről nem látja el további, megfelelő áruvédelemmel, akkor a DPD nem tehető felelőssé a Küldemény belső tartalma (ideértve az eredeti csomagolást is) sérüléséért. ",4
"5.2. A vásárlónak jogában áll eldönteni, hogy a megrendelését, az elérhető fizetési módok közül (beleértve az előre fizetést is) melyiket választja. Egyes fizetési módok többletköltséggel járhatnak, amelyről az eMAG a Megrendelés során tájékoztatja a vásárlót. Az általános forgalmi adóról szóló 2007. évi CXXVII. törvény (Áfa tv.) alkalmazásában nem minősül előlegfizetésnek, ha az ellenértéket megfizetni köteles fél saját döntése alapján előbb fizet, mint a teljesítési időpont. Az ár, a fizetési mód és a fizetési határidő minden Megrendelésben meg van jelölve. Az Eladó számlát bocsát ki a Vásárló számára a megrendelt Termékeket illetően, a Vásárló kötelessége továbbítani a számla hatályos jogszabályok szerinti kibocsátásához szükséges összes adatot és információt.",0
8.1. Fogyasztó és vállalkozás közötti szerződésben a felek megállapodása a rendelet rendelkezéseitől a fogyasztó hátrányára nem térhet el.,0
"Javasoljuk, hogy akkor is helyezze a kosárba az Árut, ha nem biztos abban, hogy az adott Árut meg kívánja vásárolni, mert ezzel az Ön számára egy kattintással áttekinthetővé válik, hogy az adott pillanatban melyek az Ön által kiválasztott Áruk, és azokat egy képernyőn megjelenítve tudja megtekinteni és összehasonlítani. A Kosár tartalma a megrendelés véglegesítéséig – a ""Rendelés véglegesítése"" gomb megnyomásáig – szabadon módosítható, a kosárból tetszés szerinti Áruk eltávolíthatóak, a kosárba tetszés szerint újabb Áruk helyezhetőek, illetve a kívánt darabszám megváltoztatható. a kiválasztott Árut a Kosárba helyezi, úgy külön ablak ugrik fel „ hozzáadtuk a kosárhoz” szöveggel.  nem kíván több Árut kiválasztani, úgy kattintson a „Tovább a pénztárhoz” gombra! Amennyiben a kiválasztott Árut szeretné ismét megnézni, vagy újabb Árut szeretne a kosárba helyezni, úgy kattintson a „Vissza az Áruhoz” gombra!",3
"5.2. Az Ávr.  95/B. § (3) bekezdé se alapján az Okirat eredeti célja a Kedvezményezett
kezdeményezésére - a 95. § (1) bekezdésében foglaltakon túl - akkor is módosítható, ha a
támogatott tevékenység eredeti célja meghiúsul, tartós akadályba ütközése az Okiratban
meghatározott határidőhöz k épest előreláthatóan eléri, vagy meghaladja a három hónapos
késedelmet, ideértve az ezen határidő -módosítások miatt változó támogatási intenzitás
esetét is. A Kedvezményezett által kezdeményezett Okiratban meghatározott eredeti cél
módosításáról a Támogató  a kezdeményezés beérkezésétől számított negyvenöt napon
belül dönt.",2
"1.4 Egy Felhasználó (az Üzemeltető előzetes írásbeli engedélye nélkül) egy Felhasználói Fiókkal rendelkezhet, melyet más részére nem engedhet át.",4
"A Vállalkozó felelős az általa vagy alvállalkozója, közreműködője által a Szerződés teljesítésével összefüggésben vagy a Szerződésen kívül a Megrendelőnek vagy harmadik személynek okozott minden kárért. A Vállalkozó többek között kártérítésre kötelezhető abban az esetben is, ha a Szerződésben foglalt kötelezettségeit nem megfelelően teljesíti, vagy a teljesítési határidőt nem tartja be, és a Megrendelőnek ebből következően kára keletkezik. ",3
"A hatályos jogszabályok értelmében tilos Magyarországon 18. életévet be nem töltött személy részére alkohol, valamint szexuális tartalmú terméket értékesíteni, tizennyolc éven aluliak számára pornográf, valamint olyan tartalmat elérhetővé tenni, amely a szexualitást öncélúan ábrázolja, illetve a születési nemnek megfelelő önazonosságtól való eltérést, a nem megváltoztatását, valamint a homoszexualitást népszerűsíti, jeleníti meg. Amennyiben a Felhasználó a regisztráció során megadta születési évét, úgy alkohol- vagy szexuális tartalmú termék, valamint pornográf, szexualitást öncélúan ábrázoló, születési nemnek megfelelő önazonosságtól eltérő, nem megváltoztatását, homoszexualitást népszerűsítő, megjelenítő termék megrendelése esetén azt a Szolgáltató érvényes nyilatkozatnak tekinti a tekintetben, hogy jogosult-e a Felhasználó részére a megrendelt termék értékesítésére. Ellenkező esetben a Felhasználónak az adott termék megrendelésekor külön nyilatkozatot kell kitöltenie életkorára vonatkozólag. A Felhasználó teljes körű szavatosságot vállal az előző bekezdésben hivatkozott, a regisztrációkor megadott felhasználói adatok valóságtartalmáért. Amennyiben utóbb kiderül, hogy az általa megadott adatok bármelyike, így különösen alkohol- vagy szexuális tartalmú, továbbá pornográf, szexualitást öncélúan ábrázoló, születési nemnek megfelelő önazonosságtól eltérő, nem megváltoztatását, homoszexualitást népszerűsítő, megjelenítő termék megrendelése esetén a Felhasználó által megadott életkor nem felelt meg a valóságnak, és ebből a Szolgáltatót bármilyen kár éri illetőleg a Szolgáltatóval szemben bármilyen joghátrányt érvényesítenek, a Felhasználó köteles a Szolgáltatóval szemben maradéktalanul helytállni, és a Szolgáltató fenntartja jogát, hogy a Felhasználóval szemben kártérítési igényt érvényesítsen.",1
"Ha a Vállalkozó a Megrendelő előzetes írásbeli hozzájárulása nélkül alkalmaz közreműködőt, vagy megszegi a közreműködő bevonásával kapcsolatban a jelen pontban rögzített kötelezettségeit, akkor a Megrendelő felhívja a Vállalkozót a jelen Feltételekbe ütköző módon alkalmazott közreműködő haladéktalan lecserélésére. Ennek elmulasztása esetén a Megrendelő jogosult a Szerződés azonnali hatályú felmondására. ",1
"1.5. A felek között elektronikus úton megkötendő szerződés nem minősül írásba foglalt szerződésnek. A szerződés rögzítésre kerül, az utóbb hozzáférhető. A szerződés nyelve magyar. A Szolgáltató Magatartási Kódexnek nem veti alá magát.",3
"A Szolgáltató rendszere a Felhasználók aktivitásáról adatokat gyűjthet melyek nem kapcsolhatóak össze a Felhasználók által a regisztrációkor megadott egyéb adatokkal, sem más internetes honlapok vagy szolgáltatások igénybevételekor keletkező adatokkal.",4
"̶ A Felhasználó a számára nyújtott Szolgáltatások felhasználásával jogosulatlan adatszerzésre, adatküldésre vagy más számítógépes rendszerekbe történő behatolásra tesz kísérletet, illetve ilyet hajt végre, így különösen",4
"6.15.  Felhasználónak kiemelten ügyelnie kell az áru rendeltetésszerű használatára, ugyanis a nem rendeltetésszerű használatából eredő károknak megtérítése a Felhasználót terheli! Az áru visszaérkezését követő tizennégy napon belül a Felhasználó által megadott bankszámlaszámra visszatéríti Szolgáltató a termék vételárát, a szállítási költséggel együtt.",2
"(1) A Bank Szerződést köthet a Kincstári ügyféllel, ha",4
"a) a Hitelfevevő viselt családi és utóneve, születési családi és utóneve,",4
Az Ügyfél közvetlenül a Szolgáltatóval szemben érvényesítheti kellékszavatossági igényét.,2
"d. utánvét (készpénzben vagy egyes esetekben bankkártyával), ",4
"Egyedi hirdetési szerződéssel nem rendelkező Felhasználó: Olyan Kereskedő vagy Magánszemély Felhasználó, aki az Üzemeltető Szolgáltatásait egyedi megrendelőlap aláírása nélkül, a Weboldalon regisztrált fiókjában rendelkezésre álló alkalmazások segítségével rendeli meg Üzemeltetőtől.",4
"8. Az ÁSZF módosítása minden esetben egységes szerkezetű ÁSZF közzétételével történik, és annak hatályba lépésével a korábbi ÁSZF hatályát veszti.",3
"7.2 Ha Zalando árut küld vissza, használhatja a megrendeléséhez mellékelt visszaküldési címkét, vagy azt az ügyfélfiókjának oldaláról ki is nyomtathatja. Kérjük, vegye fel a kapcsolatot az ügyfélszolgálattal, ha problémái vannak a visszaküldési címke letöltésével, vagy ha nem rendelkezik nyomtatóval.",3
"3.1.4. A Bank a számlavezetés során a hitelintézettől elvárható gondossággal köteles eljárni. Nem felel az olyan károkért, amelyek erőhatalom, belföldi vagy külföldi hatósági rendelkezés, a szükséges hatósági engedély megtagadása, vagy késedelmes megadása folytán következnek be.",2
"e. online áruhitel igénybevétele, ",4
A szerződéstől való elállás esetén a vásárló (fogyasztó) tartózkodik a digitális tartalom vagy a digitális szolgáltatás használatától és ezek elérhetővé tételétől harmadik fél számára.,3
"6. Alzára vonatkozó információk Cégnév: Alza.hu Korlátolt Felelősségű Társaság Székhely: 1134 Budapest, Róbert Károly körút 54-58. Cégjegyzékszám: 01-09-286873 Bejegyzést végző Bíróság: Fővárosi Törvényszék Cégbírósága Adószám: 25745849-2-41 Tárhelyszolgáltató neve: Ce-Colo czech s.r.o. A tárhely szolgáltató székhelye: Nad Elektrárnou 1428/47, 106 00 Prague 10, Czech Republic (Csehország) A tárhely szolgáltató elektronikus levelezési címe: info@cecolo.com Az Ügyfélszolgálat elektronikus levelezési címe: segito@alza.hu Az Ügyfélszolgálat telefonszáma +36 1 701 11 11 A Telefonos ügyfélszolgálat elérhetősége: minden nap 8:00 – 20:00 óra között",2
"4.8. Amennyiben kétséget kizárólag megállapítható, hogy a Felhasználó által megadott adatok nem felelnek meg a valóságnak, akkor Üzemeltető minden további értesítés nélkül jogosult törölni a regisztrációt. Kizárható minden olyan Felhasználó, aki ismételten megtévesztő, hamis vagy a valóságnak más okból nem megfelelő adatokat ad meg. Ilyen esetekben Felhasználó semmilyen megtérítési igénnyel nem élhet, azonban köteles lesz az Üzemeltető ezzel kapcsolatban felmerült kárát, sérelemdíj igényét megtéríteni.",4
"4.6. Üzemeltető a regisztráció során aktivációs linket küld elektronikus levél formájában a megadott email címre, melyre kattintva Felhasználó hirdető fejezi be a regisztrációt. Az aktivációs linkre kattintásra a Felhasználónak az elektronikus levélben szereplő határidő áll rendelkezésére, amennyiben elmulasztja ezt a határidőt, akkor az aktivációs linken keresztül már nem tudja befejezni a regisztrációt és új regisztrációt kell indítania. Sikeres regisztráció esetén Üzemeltető a lehető legrövidebb időn belül, de legkésőbb 48 órán belül biztosítja az 1 db hirdetés elhelyezésének lehetőségét. Amennyiben erre a visszaigazolásra (adminisztrációs felületének megjelenése) a regisztráció elküldésétől számított legkésőbb 48 órán belül nem kerül sor, Felhasználó hirdető mentesül az ajánlati kötöttség alól. A regisztráció és annak visszaigazolása akkor tekinthető az Üzemeltetőhöz, illetve a Felhasználó hirdetőhöz megérkezettnek, amikor az számára hozzáférhetővé válik.",4
"3.4.3. A jelen Pénzforgalmi ÁSZF-ben, a vonatkozó pénzforgalmi Hirdetményben illetve a 35/2017. (XII. 14.) MNB rendeletben meghatározott, a fizetési megbízások kiállítására vonatkozó szabályoknak nem megfelelő adattartalommal bíró fizetési megbízást a Bank a fizetési megbízást benyújtó saját ügyfele számára teljesítheti, ha a fizetési megbízás kiállítására (adattartalmára) vonatkozó szabályoknak való megfelelést a Bank a fizetési megbízás visszautasítása nélkül is biztosítani tudja.",0
"A Szerződés tárgyát képező létesítmény részét alkotó munkák jogi értelemben oszthatatlan szolgáltatást jelentenek, függetlenül a részszámlázás lehetőségétől, illetve a teljesítés ütemekre való bontásától. ",2
"A kereskedő felhasználó tudomásul veszi és kijelenti, hogy a a fogyasztók felé történő Termék értékesítése kapcsán az Fgytv. 9. § -ban meghatározott kötelezettségét az adott Termékre vonatkozóan maga köteles teljesíteni, így különösen, a fogyasztó Felhasználóknak felajánlott fizetési és átvételi módok körét a vonatkozó jogszabályoknak megfelelően köteles meghatározni és kommunikálni, azaz valamely értékesítési csatornáján a készpénzzel történő fizetés lehetőségét kell biztosítania. A készpénzfizetés biztosításának módja és helye a kereskedő döntése, de a választott megoldásnak ténylegesen és aránytalan nehézség nélkül igénybe vehetőnek kell lennie. Az Online fizethető Terméket a Vevő a hirdetés szerinti fix áron vagy kialakult leütési áron vásárolhatja meg az Eladótól a Vatera felületén, a kiszállításra pedig a Vatera Szállítást köteles igénybe venni. A Vevő által megfizetett vételár és szállítási díj először a Vatera pénzügyi szolgáltatója által működtetett letéti számlán kerül jóváírásra.",2
"8.13. Előzőek ismételt megsértése, megvalósulása esetén Üzemeltető az érintett Felhasználó tekintetében korlátozhatja a hirdetések elhelyezését. Ilyen esetekben a Felhasználó hirdető semmilyen kártérítési vagy bármilyen egyéb megtérítési, visszafizetési igénnyel nem élhet, azonban köteles lesz Üzemeltető ezzel kapcsolatban felmerült kárát megtéríteni.",3
"17.7 Részleges érvénytelenség. Ha a jelen Feltételek bármely rendelkezése végrehajthatatlannak vagy érvénytelennek bizonyul, az adott rendelkezést a szükséges minimális mértékben korlátozzák vagy törlik, hogy a jelen Feltételek egyébként teljes mértékben hatályban maradjanak és végrehajthatóak legyenek.",1
"A rendeléshez kapcsolódó adatok megadására, ellenőrzésére és módosítására a rendelés során a Szállítás menü Számlázási adatok, illetve Szállítási adatok pontjaiban van lehetőség.",4
"1. Szerződés tárgya
A Vállalkozó az alvállalkozói szerződésben megjelölt (elvállalt) munkákat a hatályos
jogszabályok, hatósági előírások, szabványok, műszaki normatívák betartásával a
magyar szabvány szerinti I. osztályú minőségben, rendeltetésszerű használatra
alkalmas módo n köteles elvégezni.",2
11.5.5. Preferenciák beállítása: Az egyéni ajánlási rendszer vonatkozó paraméterei hozzáférhetőek az ajánlási rendszer „info-i” szimbólumára kattintással például a katalógus oldalon. Az alábbi linkre kattintva további információk érhetők el az általunk felhasznált profiladatokról és a felhasználási befolyásolás lehetségességéről az ajánlási rendszerben az egész platform használatára vonatkozóan:,3
"Ha az utas olyan tárgyat vitt magával a járműbe, amely a kézipoggyász fuvarozásból ki van zárva, utazását a poggyászával együtt nem folytathatja. Az ilyen poggyász fuvarozásáért a vasúti társaság a megtett útra poggyászdarabonként felszámolja a Menetdíjtáblázatban meghirdetett pótdíjat.",2
"A közvetlenül el nem érhető, meg nem rendelhető termékek beszerzésére Szolgáltató Könyvkereső néven működtet szolgáltatást, mely kizárólag regisztrált ügyfelek számára elérhető. A szolgáltatás keretében igénylés adható le a keresett termékre és az igényelt mennyiségre. Az igény beérkezését követően a keresés fázisában Szolgáltató rendszeresen tájékoztatást küld e-mailben a keresés állapotáról. A keresés legfeljebb 30 napig tart, ha addig nem jár sikerrel, Szoláltató a keresést lezárja, erről e-mailben tájékoztatást küld. A sikeres felkutatás után Szolgáltató e-mailben ajánlatot tesz, amelyet a Felhasználó elfogadhat, illetve természetesen el is utasíthat. Ezt követően a normál rendelési folyamat lépéseit végrehajtva lehet megrendelni a megigényelt terméket.",2
"6.2.3.4. eXtra szolgáltatáson belül elérhető keretek felhasználásának sorrendje Amennyiben a Felhasználó számára több különböző egyenleg keret összege és/vagy kuponok is rendelkezésre állnak a Szolgáltatások ellenértékének kiegyenlítésére, akkor Üzemeltető ezeknek az ellenértékét az alábbi sorrendben vonja le az eXtra funkció adminisztratív felületén található egyenlegek nyilvántartásából: ● Először a kuponok összegét vonja le. ● Ezt követően az eXtra keret plusz egyenlegéből rendelkezésre álló összeget vonja le. ● Sorrendben harmadik helyen Üzemeltető a Felhasználó által előre feltöltött egyenleg rendelkezésre álló összegét vonja le. ● Amennyiben a fenti egyenlegek kimerültek vagy nem álltak rendelkezésre, akkor Üzemeltető a biztonsági összeghatár egyenlegéből vonja le az igénybe vett Szolgáltatások ellenértékét.",2
"A Mobilalkalmazás hatályos ÁSZF-je, állandó jelleggel elérhető a Mobilalkalmazásban. A hatályos ÁSZF, valamint az előző verziók a Bellozzo honlapján is megtalálhatóak, onnan letölthetők.",4
"Nem mentesül a Vállalkozó a felelősség alól, ha a Megrendelő bármilyen ellenőrzést elmulaszt vagy azt nem megfelelően végezte el. ",4
"Felhívom figyelmét, hogy Ön ugyanazon hiba miatt a vállalkozással szemben kellékszavatossági és a gyártóval szemben termékszavatossági igényt egyszerre, egymással párhuzamosan is érvényesíthet. Termékszavatossági igényének eredményes érvényesítése esetén a kicserélt termékre, illetve a termék javítással érintett részére vonatkozó kellékszavatossági igényét a továbbiakban már csak a gyártóval szemben érvényesítheti.",3
"Felhasználó: minden olyan személy, aki megtekinti a Vaterát, illetve aki a Vaterán terméket hirdet, vagy kínál eladásra, vagy aki termék megvételére ajánlatot tesz.",4
"A Szolgáltató és a Páciens az egyedi szolgáltatási szerződést írásban köti meg. A Szolgáltató az általa értékesítésre kerülő egészségügyi és egyéb, kapcsolódó szolgáltatásokat (a továbbiakban:szolgáltatás) az egyedi szolgáltatási szerződésben és a jelen ÁSZF-ben foglaltaknak megfelelően, az itt meghatározott kereteken belül nyújtja a Páciens részére.",3
"Annak az Eladónak vagy Vevőnek, akinek összes visszajelzése két negatív vagy összes visszajelzésének (pozitív, semleges, negatív) minimum 20 százaléka negatív, a Szolgáltatáshoz való hozzáférése automatikusan - automatizált eszközökkel - felfüggesztésre kerül. A Vatera megszünteti a felfüggesztést, ha minden kétséget kizáróan igazolásra kerül a Vatera felé az annak alapjául szolgáló negatív értékelés megalapozatlansága, vagy az érintett Eladó vagy Vevő az értékelési mutatóit elvárt mértékben javító pozitív visszajelzéseket kap. Jelen pont nem érinti azt az esetet, amikor a szerződés teljesítésének elmaradása a szerződés jogszerű megszüntetésének következménye (pl. fogyasztókat a kereskedőkkel szemben megillető elállási jog gyakorlása).",2
4.5.1.4. Utánvét: Utánvéttel történő fizetés esetén a teljes vételárat - a szállítási költséggel és utánvét kezelés díjával együtt - a küldemény átvételekor kell kifizetni készpénzben a küldemény kézbesítőjének. ,3
"Az Előre Fizetett Díjú Előfizetői Szerződés időtartama nem lehet hosszabb, mint a SIM Kártya aktiválástól,
az utolsó egyenlegfeltöltéstől vagy az utolsó sikeres adategyeztetéstől számított 370 nap.
A Szolgáltató a jelen ÁSZF 2. számú mellékletében meghatározott díjcsomagok esetén lehetővé teszi az egyenleg
feltöltését a Szolgáltatási időszak megkezdése előtt, az Előfizetői SIM kártya csomagoláson szereplő érvényességi
ideje alatt. Amennyiben az Ügyfélegyenleg feltöltése a Szolgáltatási időszak megkezdését megelőzően történik,
úgy az Egyenleg-felhasználási időtartam a Szolgáltatási Időszak megkezdésekor veszi kezdetét.",2
"14.1. A 202 3. május 8 -án kiadott ÁSZF hatályát veszti a jelen ÁSZF hatálybelép ésnek napján.  A
jelen ÁSZF 2023. november 2 . napjától hatályos, rendelkezéseit a hatálybalépése előtt
kiadott támogatói okiratokra is alkalmazni kell .",0
"3.7. A Felhasználó a hirdetésfeladás során kifejezetten tudomásul veszi, hogy a hirdetés feladás céljára szolgáló űrlapon kötelezően megadandó adatok nélkül Felhasználó hirdetését Üzemeltető nem teszi közzé a Weboldalon, és a hirdetésfeladás során nem lehet e nélkül a következő mezőre lépni. A kötelezően megadandó hirdetési adatokat a hirdetésfeladás céljára szolgáló űrlapon piros * jelzi.",4
102. Hibás teljesítés esetén a Fogyasztó ,4
"(4) A Szerződéssel összefüggő díjak, jutalékok, illetve egyéb költségek mértékének az e pontban írottak szerinti megváltozása esetén a Szerződő fél köteles a Banknak az ily módon megváltozott mértékű díjat, jutalékot, egyéb költséget megfizetni.",4
"17.1. A Megrendelő a vállalati tevékenységek keretében kiemelt szerepet tulajdonít a társadalmi felelősségvállalásnak, ezért részt vesz az “ENSZ Globális Egyezmény” (“United Nations GIobal Compact”) kezdeményezésben. Ez a kezdeményezés tíz, a globalizációt szociálisan érzékenyebbé és környezettudatosabbá tevő, a korrupciót megakadályozó alapelven nyugszik. „E.ON Felelős beszerzés vállalati stratégia” című tájékoztató az ENSZ Globális Egyezmény elveire hivatkozik, és a https://www.eon.hu/hu/lablec/beszallitoi-",0
"3.2.4. A megbízás átvétele és teljesítése között bekövetkezett árfolyamváltozásokból eredő veszteséget a Számlatulajdonos viseli. A Bank pénzforgalmi ügyletet a Számlatulajdonos megbízása alapján kizárólag abban a devizában köteles végezni, amelyben ügyfelei részére Bankszámlákat nyit és vezet.",3
"A Szolgáltató a nemzetközi utazásnál fenntartja a jogot, hogy az utas fuvarozásához más társaságot vegyen igénybe, vagy a meghirdetettől eltérő típusú autóbuszt üzemeltessen. Ha a menetrendben közzétett járat törlésre kerül, a Szolgáltató az utasokat erről a lehető legrövidebb időn belül tájékoztatja – kivéve, ha azonos időpontban induló egyéb, akár átszállásos járattal az utas utaztatását meg tudja oldani. A tájékoztatás az utas által megadott telefonszámon, valamint a helyileg szokásos módon történik, figyelemmel a menetrend módosítására vonatkozó szabályokra. Amennyiben az utas a telefonszáma megadását megtagadja vagy megadott telefonszámon nem érhető el és így az értesítés meghiúsul, az autóbuszjárat törléséből eredő károkért a Szolgáltató nem vállal felelősséget.",1
"7.4. Üzemeltető nem felelős az abból származó kárért, hogy a Felhasználó adatai védelméről nem gondoskodott megfelelően, pl. jelszava könnyen megfejthető vagy azt harmadik személy tudomására hozta.",4
"A Megrendelő köteles a Vállalkozó részére határidőben megadni a Szerződés teljesítéséhez szükséges információkat. Amennyiben a Vállalkozó részéről további, a Szerződés teljesítéséhez szükséges adatszolgáltatási igény merül fel, a Megrendelő a Vállalkozó ezirányú felhívásától számított 5 (öt) munkanapon belül köteles a kért adatokat szolgáltatni. Ha az adatszolgáltatáshoz ennél hosszabb idő szükséges, úgy a Felek ettől eltérő határidőben állapodnak meg. 	  ",4
"XI.2. Az INTERSPORT-tal megkötött minden szerződésre az osztrák jog irányadó, az áruk nemzetközi adás-vételére vonatkozó szerződésről szóló Bécsi Vételi Egyezmény és a nemzetközi magánjognak az alkalmazandó jogszabályt meghatározó normáit érintő rendelkezések kizárása mellett. Ha az Ügyfél az EU területén szokásosan lakóhellyel rendelkező felhasználó, akkor a fentiek mellett az Ügyfél tartózkodási helye szerinti ország kötelező fogyasztóvédelmi rendelkezései is érvényesek.",1
"3.5. Vállalkozó  kedvezőtlen időjárási körülményekre hivatkozással határidő
módosításra vagy többletköltség érvényesítésére nem jogosult.",4
"10.1 A Libri Könyvkereskedelmi Kft. szolgáltatásai megrendeléséhez vagy igénybevételéhez kapcsolódóan rendelkezésére bocsátott vagy részére elérhetővé tett személyes adatokat az információs önrendelkezési jogról és az információszabadságról szóló 2011. évi CXII. törvény és a természetes személyeknek a személyes adatok kezelése tekintetében történő védelméről és az ilyen adatok szabad áramlásáról, valamint a 95/46/EK irányelv hatályon kívül helyezéséről szóló, az Európai Parlament és a Tanács (EU) 2016/679 rendelete (2016. április 27.) (a továbbiakban: „GDPR”) rendelkezéseivel összhangban kezeli.",0
"Késedelmes fizetés esetén időarányosan évi 15%-os késedelmi kamatnak megfelelő mértékű kamat, behajtási költségátalány és minden, a tartozás beszedése során felmerülő jogi és egyéb költség terheli a megbízót. Késedelmes fizetés esetén a DPD fenntartja a jogot, hogy visszamenőlegesen visszavonja az írásbeli egyedi megállapodás szerinti esetleges kedvezményeket. A késedelmes fizetés szerződésszegésnek minősül és a Szolgáltatás teljesítésének azonnali megszakítását vagy felfüggesztését vonhatja maga után. ",3
"6.3. Ha Szolgáltató a szerződésben vállalt kötelezettségét azért nem teljesíti, mert a szerződésben meghatározott termék nem áll rendelkezésére, köteles erről Felhasználót haladéktalanul tájékoztatni, valamint Felhasználó által ellenszolgáltatásként megfizetett teljes összeget, ideértve a teljesítéssel összefüggésben felmerült költségeket is haladéktalanul, de legkésőbb 14 napon belül visszatéríteni: utánvétes és átutalásos fizetés esetén banki átutalással, online bankkártyás fizetés esetén az 5.5.2 pontban foglalt fizetési szolgáltató rendszerén keresztül. A Szolgáltató fenti tájékoztatása és a Felhasználó által már megfizetett összeg visszatérítése a Felhasználót nem zárja el esetleges kártérítési igénye érvényesítésétől, amennyiben annak a feltételei a hatályos jogszabályok szerint fennállnak.",2
kerül megkötésre.,0
b) a nem megfelelő vagy jogosulatlanul benyújtott nyomtatványokat visszajuttatja a Szerződő Félnek.,4
"A fenti szállítási partnerek szolgáltatásainak alkalmazási köre elkülönül egymástól, vagyis egy adott Termék esetén előfordulhat, hogy az adott módon történő feladása a szállítási szolgáltatók közül csak egyes, a Termék kiszállítására megfelelő szolgáltató igénybe vétele útján lehetséges. Amennyiben a Termék több szállítási partner igénybevételi feltételeinek is megfelel, a Vevő választhat a megrendelésnél, hogy melyik szolgáltatást kívánja igénybe venni. A Vaterán a Termékhez kapcsolódóan csak a Vatera Szállításban közreműködő és a Termék kiszállítására elérhető szállítási szolgáltatók kerülnek megjelenítésre.",2
"2.6 A szolgáltatás igénybevételére az Ügyfél/Felhasználó attól a naptól kezdve jogosult, amely napon a szolgáltatás igénybevételéhez szükséges e-bank azonosító kártyát, valamint a PIN kódot átvette, illetőleg e-azonosító szám igénylése esetén az e-azonosító számról és a hozzá kapcsolódó induló sms aktivizáló kódról az igénylés és a Bank által kibocsátott tájékoztató levél egy példányának átvételekor értesült.",1
"Az adóazonosító jelet minden esetben a Hitelfevevő adja meg, amely adatot a Diákhitel Központ egyezteti az Összerendelési Nyilvántartással.",3
"Amennyiben a Megrendelő írásban biztosít a teljesítésre póthatáridőt, úgy a Vállalkozó a póthatáridő napjáig történő teljesítésig nem esik késedelembe. Amennyiben a Megrendelő írásban nem biztosít póthatáridőt, úgy a Vállalkozó az eredeti teljesítési határidőre köteles teljesíteni azzal, hogy a határidő túllépése esetén késedelembe esik, és alkalmazhatóvá válnak a Vállalkozó késedelme miatti jogkövetkezmények. Amennyiben a Vállalkozó a részére írásban biztosított póthatáridőt is túllépi, úgy a póthatáridő túllépése esetén késedelembe esik, és alkalmazhatóvá válnak a Vállalkozó késedelme miatti jogkövetkezmények. ",0
"A számlázhatósági ütemeket a Megrendelés, illetve a Szerződés tartalmazza. ",3
"g) Tájékoztatás azon intézkedésekről és eljárásrendről, amelyeket a szolgáltató a közlések bizalmassága, valamint a hálózat és a szolgáltatás biztonságának védelme céljából a biztonsági események és a hálózatot fenyegető kockázatok kezelése érdekében tesz, valamint az előfizetőt megillető jogok abban az esetben, ha a szolgáltató nem megfelelő módon reagál egy biztonsági eseményre vagy nem hoz megfelelő intézkedéseket a fenyegetésre az ÁSZF Törzsrész 4.3. pontja, illetve 5. sz. mellékletének 5.4. és 6. pontjában található meg",2
"7.7 Az Ügyfél az „Adatlap” elnevezésű nyomtatvány mellékletében írásban jelezheti a Felhasználó hozzáférési jogának módosítását, megszüntetését, felfüggesztését, illetve a felfüggesztés feloldását, amelyet a Bank egy órán belül telefaxon, a megadott számra visszaigazol. A hozzáférési jog felfüggesztéséért és a felfüggesztés feloldásáért fizetendő díjat a Hirdetmény tartalmazza.",1
"A Megrendelő jogosult minden külön eljárás nélkül a Vállalkozó nem szerződésszerű teljesítésére visszavezethető bárminemű kötbér, költség egyéb kár megtérítésére a jóteljesítési biztosítékból a felmerült összeget igénybe venni. Amennyiben a nem szerződésszerű teljesítésre tekintettel felmerült kötbér, költség, illetve kár összege meghaladja a jóteljesítési biztosíték mértékét, úgy a Vállalkozó az ezt meghaladó összeget is köteles a Szerződés szabályai szerint a Megrendelő részére megfizetni.  ",3
"A Felhasználó jogosult továbbá kezdeményezni a lakóhelye vagy tartózkodási helye szerint illetékes békéltető testület eljárását, illetve a Bellozzo székhelye szerint illetékes Budapesti Békéltető Testület (1016 Budapest, Krisztina krt. 99. I. em. 111.; honlap: https://bekeltet.bkik.hu/; levelezési cím: 1253 Budapest, Pf.: 10.; E-mail cím: bekelteto.testulet@bkik.hu; Telefon: +36 (1) 488 21 31) eljárását.",2
"A küldemény(ek) DPD Csomagpontban történő átvételét a Címzetteknek – a Feladó által megadott elérhetőségére – küldött egyedi tájékoztatásban meghatározott időpontig (5 nap) biztosítja a Szolgáltató, ezt követően a küldeményt a Feladónak visszaszállítja.  ",4
A gyártó (forgalmazó) kizárólag a termékfelelősségről szóló 1993. évi X. törvényben szabályozott esetben mentesül termékszavatossági kötelezettsége alól.,2
"Amennyiben az Előfizető a Szolgáltatónak vagy harmadik félnek kárt okoz, úgy az az Előfizető érdekkörében
felmerült károkozásnak minősül, Szolgáltató a károkozásokért nem felelős, az Előfizető köteles az okozott kár
ellenértékét a károsultnak megfizetni, és amennyiben az okozott kár megtérítése érdekében harmadik fél a
Szolgáltatóval szemben lép fel kártérítési igénnyel, úgy a Szolgáltató jogosult a kártérítési összeget Előfizetőre
áthárítani.",2
3.2. SZÁMLAVEZETÉSI KERETSZERZŐDÉS MEGKÖTÉSE,4
"c. amennyiben a megvásárolt termékre gyártói (a továbbiakban: „önkéntes jótállás”) vonatkozik, jótállási igényt érvényesíthet a jótállási nyilatkozatban foglalt kötelezettel szemben a nyilatkozatban foglaltak szerint, ",3
"8.1. A tuning alkatrészek megváltoztatják a motorkerékpár eredeti műszaki állapotát, így a járműre kiállított típusbizonyítvány érvényét veszti a jótállással együtt. Az így átalakított járművek közúti közlekedésre nem alkalmasak. A nem megfelelő használatból eredő minden kár a Felhasználót, illetve a tulajdonost terheli, a Szolgáltató nem felelős semmilyen, esetlegesen bekövetkező balesetért vagy kárért.",1
"4.3.1.hirdetés közzététele ingyenesen: amennyiben az Egyedi hirdetési szerződéssel nem rendelkező Felhasználó csak egy hirdetéssel rendelkezik, azt ha a jelen ÁSZF másként nem rendelkezik, ingyenesen adhatja fel az alábbiak szerint: (i) a hirdetés az Egyedi hirdetési szerződéssel nem rendelkező Felhasználó által feltöltött maximum 12 darab fényképpel a hirdetés közzétételének napjától (“Közzététel Napja”) számított három egymást követő napon fényképpel együtt jelenik meg (ii) a 3 napos fényképpel történt közzétételt követően a hirdetés a Közzététel Napját követő 30. nap végéig fénykép nélkül jelenik meg (iii) Az Egyedi hirdetési szerződéssel nem rendelkező Felhasználó jogosult a hirdetését a Közzététel Napjától számított +30. nap végéig (23:59) - legkorábban a lejárat előtt 7 nappal - ingyenesen újabb 30 napos periódusra meghosszabbítani (“Hirdetési Periódus”), amely esetben a hirdetés újabb 30 napig fényképek nélkül ingyenesen jelenik meg (iv) Ugyanazon hirdetés 30 napos Hirdetési Periódusokra hosszabbítható meg. A Közzététel Napjától számított 360. napon a hirdetés közzététele megszűnik és a továbbiakban nincs mód annak meghosszabbítására (a továbbiakban: “Végső Lejárat Napja”) sem ingyenesen, sem pedig ellenérték megfizetése mellett (v) amennyiben a 30 napos Hirdetési Periódus(ok) ideje alatt az Egyedi hirdetési szerződéssel nem rendelkező Felhasználó hirdetését inaktívvá teszi, annak ideje a Hirdetési Periódusba beleszámít és a Végső Lejáratot sem módosítja (vi) amennyiben az Egyedi hirdetési szerződéssel nem rendelkező Felhasználó hirdetéséhez kiemelést vásárol és a Végső Lejárat Napjáig hátralévő napok száma kevesebb, mint a kiemelés időtartama, úgy a kiemelés időtartama maximum a Végső Lejárat Napjáig tarthat (vii) Amennyiben az Egyedi hirdetési szerződéssel nem rendelkező Felhasználó hirdetésében 999.999.- Ft vagy annál kisebb vételárat jelöl meg a “vételár” mezőben, úgy jogosult hirdetését ingyenesen 12 darab fényképpel feladni. A Hirdetési Periódusra és a Végső Lejárat Napjára vonatkozó előző pontok szerinti rendelkezések ebben az esetben is alkalmazandók (viii) az Egyedi hirdetési szerződéssel nem rendelkező Felhasználó az általa adott évben feladott első hirdetése Közzétételének Napjától kezdődő 365 napon belül ingyenesen maximum 5 db hirdetést tehet közzé",1
"12.1 A Szolgáltatások használatáért krediteket, kuponokat, készpénzt, ajándékokat vagy egyéb jutalmakat (együttesen: „Jutalmak”) kaphat. Egyes jutalmak csak a Szolgáltatásokban vagy a Szolgáltatásokon keresztüli jogosult vásárlásokra vonatkozó kedvezményekre vagy fizetésre használhatók fel (de vegye figyelembe, hogy nem minden termék jogosult), és nem válthatók be készpénzre, kivéve azokban a joghatóságokban, ahol ezt törvény írja elő. Figyelmesen olvassa el a különböző jutalmakra vonatkozó információkat és az alkalmazandó szabályokat. Amennyiben ellentmondás merül fel a Jutalmakra vonatkozó feltételek és a jelen Feltételek között, a Jutalmak konkrét feltételei az irányadók.",0
"Az Üzleti Előfizető Előfizetői Szerződése megkötésére a képviseleti jogosultsággal rendelkező vagy az általa
írásban felhatalmazott személy jogosult, a jogosultság megfelelő igazolásával. Az igazolás abban az esetben
tekintendő megfelelőnek, ha a képviselője bemutatja az Üzleti Előfizető nyilvántartásba vételéről szóló
cégkivonatot vagy egyéb dokumentumot, és a képviseletre jogosult aláírási címpéldányát.
Helyhez kötött és Műsorterjesztés előfizetői szolgáltatás esetében a Szolgáltató Előfizetői Szerződés
megkötésével összefüggő jognyilatkozatok tekintetében cselekvőképességében részlegesen korlátozott
személlyel előfizetői szerződéses jogviszonyt nem létesít. Az Egyéni Előfizető az Előfizetői Szerződés megkötését
megelőzően köteles nyilatkozatot tenni, hogy nagykorú cselekvőképes személy, azaz az Előfizetői Szerződés
megkötésére jogosult-e.",2
"A DPD-nek kell bizonyítania a csomagolás hiányosságát, továbbá azt, hogy a kárt a működési körén kívül eső elháríthatatlan ok, vagy – a DPD szerződésszerű magatartása ellenére – a károsulton kívüli harmadik személy Küldeménye okozta.  ",3
"6. A BKK Zrt. az Alkalmazást kizárólag nem kereskedelmi, nem kizárólagos, korlátozott személyes használatra biztosítja, és a BKK Zrt. előzetes írásbeli beleegyezése nélkül az Alkalmazás semmilyen más célra nem használható. A Felhasználó beleegyezik, hogy az Alkalmazás bármely részén található minden szerzői jogi előírásnak, információnak és korlátozásnak eleget tesz. A Felhasználó nem változtathatja meg, nem törölheti vagy fedheti el a szerzői jog, védjegy, szabadalom vagy az Alkalmazás más hasonló jelzését, beleértve a letölthető, továbbított, bemutatott, nyomtatott vagy másképpen reprodukált részeket.",2
"10.3. Az írásbeli panaszt webáruházunk 30 napon belül írásban megválaszolja. A panaszt elutasító álláspontját megindokolja. A válasz másolati példányát 3 évig megőrzi, s azt az ellenőrző hatóságoknak kérésükre bemutatja.",3
"(2) Keret-átvezetés során, a megbízás feldolgozását követően a Kincstár",3
"Amennyiben az Egyedi Szerződés másként nem rendelkezik, vagy a szolgáltatás nemére tekintettel Egyedi Szerződés a Felek között nem kerül megkötésre, úgy az árlistában foglalt díjat köteles a Páciens az adott Szolgáltatás ellenértékeként Orvosi Központ részére megfizetni. ",2
"Egyebekben a Szolgáltató minden tőle elvárhatót megtesz azért, hogy az ellátás során érvényesüljenek a jogszabályban foglalt, vagy egyéb szakmai szabályok, így különösen a tudomány mindenkori állását tükröző és bizonyítékokon alapuló szakmai irányelvek, ezek hiányában a megalapozott, széles körben elfogadott szakirodalmi közlésekre, vagy szakmai konszenzusra támaszkodó szakmai ajánlások, valamint azért, hogy a szolgáltatása a rendelkezésre álló erőforrások optimális felhasználásával szakmailag hatásosan nyújtható legyen.",2
"Nem regisztrált Felhasználó esetén a rendszer csak elektronikus számlát tud kibocsátani. Ez nem zárja ki a nem regisztrált Felhasználó jogát arra, hogy magát regisztrálja, és ezt követően a fenti szabályok szerint járhasson el. A számlázás módjában visszamenőleges módosítás nem lehetséges.",4
"3.12 Amennyiben az Ügyfél az e-bank azonosító kártyát, az e-azonosító számot, a PIN kódot, illetve az sms aktivizáló kódot, valamint az egyszer használatos jelszót nem titkosan, nem megfelelő gondossággal kezeli, vagy más használatába adja, illetve más tudomására hozza, az ebből eredő károk az Ügyfelet terhelik, ezekért a Bank felelősséget nem vállal.",3
13.2 A BKM NONPROFIT Zrt. köteles a Felhasználó vagy a Díjfizető részére kötbért fizetni az a)-e) pontokban felsorolt szerződésszegése esetén. A kötbér mértéke a Felhasználó vagy Díjfizető által a szerződésszegés időtartamára fizetendő alapdíj háromszorosa.,3
b) a Hitelkártya birtokos neve megváltozott. Az újragyártott Hitelkártya a rajta szereplő lejárati időpontig használható.,4
"98. A Fogyasztó köteles hiányos vagy sérült termékről szóló reklamációt az átvételt követően haladéktalanul előterjeszteni. Az Alza a termék átvételét követő két hónapon túl hiányosan vagy sérülten kiszállított termékről szóló reklamációt nem tud elfogadni (ez irányadó az összes szállítási módra, személyes átvételre is). Kérjük ezért, hogy a termék átvételét követően haladéktalanul ellenőrizze, hogy a termék sérülésmentes, illetve hiánytalan. Ha a termék csomagolása sérült, úgy haladéktalanul ellenőrizze, hogy a csomag beltartalma (maga a termék) sérülésmentes-e. Sérülés esetén késedelem nélkül, megfelelően jelezze azt az Alzának. Ha nyilvánvaló, hogy a sérülés az átvételt követően keletkezett, az Alza a reklamációt elutasíthatja. Ezen reklamációt a Fogyasztó az Alza fiókjában is kezdeményezheti a „terméket sérülten/hiányosan/más probléma” menüpont kiválasztásával a reklamációs menüpontban. A sérüléssel érintett terméket kérjük a lehető legrövidebb időn belül hozza vissza bármelyik Alza üzletbe.",2
"3.3.3. A Bankkártyával, illetve Elektronikus szolgáltatáson keresztül kezdeményezett fizetési megbízások jóváhagyásának, részletszabályait a Bank mindenkor hatályos Elektronikus ÁSZF, Bankkártya ÁSZF tartalmazzák, melyeket a Bank az Ügyfélforgalom számára nyitva álló hivatalos helyiségében, valamint honlapján tesz közzé. A Bank az elektronikus csatornán benyújtott fizetési megbízásokat akkor tekinti az Ügyfél által jóváhagyottnak, ha azokat az Ügyfél az elektronikus csatornán továbbított megbízásokra vonatkozó szerződésben rögzített feltételek szerint elektronikusan aláírta és a Bankhoz továbbította, illetve a Gránit TeleBank vagy Gránit VideóBank szolgáltatás igénybevétele esetén az Ügyfél azonosítása és a megbízás jóváhagyása a vonatkozó szerződés, valamint a mindenkor hatályos Elektronikus ÁSZF szerint megtörtént.",2
"A DPD a Küldeményt csak abban az esetben veszi fel/veszi át szállításra, ha jelen ÁSZF minden, de kifejezetten a csomagra és a csomagolásra vonatkozó rendelkezései betartásra kerülnek, egyéb esetben DPD a csomagok felvételét köteles visszautasítani, de a csomagok átvétele semmi esetre sem jelenti azt, hogy a DPD a csomagolás nem megfelelőségéből adódó kockázatot átvállalná, a megfelelő csomagolás biztosítása minden esetben a Feladó felelőssége.  ",4
I. BEVEZETŐ RENDELKEZÉSEK,3
"a. Figyelmeztetés: legenyhébb szankció, mely alapján a Webáruház a Fogyasztót írásban felszólítja a visszaélésszerű magatartás abbahagyására, illetve az attól való tartózkodásra. ",3
"A feladó felelőssége a csomagban levő folyadék szivárgását hermetikusan záródó fedéllel lezárni, megakadályozni. Nem érvényesíthető kártérítés, amennyiben szivárgó folyadék miatt a csomagoláson belül kár keletkezik.  ",4
"Egy utas legfeljebb 3 darab kézipoggyászt vihet magával, melynek össztömege utasonként a 30 kg-ot nem haladhatja meg. A 14 éven aluli gyermek 15 kg kézipoggyászt vihet magával. Az utas a kézipoggyásszal a saját ülőhelyén kívül további ülőhelyet nem foglalhat el. Kerékpár szállítása esetén a további bevihető kézipoggyász össztömege a 10 kg-ot nem haladhatja meg.",3
"Előzetes tájékoztatás: a Szolgáltató az Eht. 129. § (1a) bekezdés a) pontja szerinti, az Előfizetői szerződés megkötését megelőző tájékoztatás, az Eszr. 5. § (1) és (3) bekezdés szerinti tartalommal. Az Előzetes tájékoztatás tartalmát a Törzsrész 1.6. és 1.7. pont tartalmazza, azon további pontok megjelölésével, ahol a részletes feltételek megismerhetők.",0
"9. Az Alza a Webáruházban leadott megrendeléseket a nap 24 órájában fogadja, a hét minden napján. A Webáruház működéséhez szükséges információs rendszerek meghibásodása vagy elháríthatatlan külső ok (ún. vis maior helyzet) esetén az Alza semmilyen felelősséget nem vállal azon időszakra nézve, amely alatt a Webáruház nem volt elérhető.",3
"4.3.3. Két vagy több hirdetés egyidejű közzététele: Amennyiben az Egyedi hirdetési szerződéssel nem rendelkező Felhasználó az előző 4.3.1 és 4.3.2 pontok szerinti hirdetésének közzétételével vagy inaktív állapotba helyezésével egyidejűleg újabb hirdetést kíván közzétenni, akkor köteles a “Képcsomagok” oldalon meghatározott mindenkori ellenértéket megfizetni (“Fix Áras Csomag”). (i) a hirdetéshez az Egyedi hirdetési szerződéssel nem rendelkező Felhasználó maximum 12 darab fényképet tölthet fel (ii) Fix Áras Csomag vásárlása 30 napos hirdetési periódust jelent, azaz a fényképes hirdetés a Fix Áras Csomag vásárlásának napjától számított 30 napig jelenik meg (“Fix Áras Csomag Hirdetési Periódus”) (iii) az Egyedi hirdetési szerződéssel nem rendelkező Felhasználó jogosult a fényképes hirdetését az aktuális Fix Áras Csomag Hirdetési Periódus utolsó napjáig legkorábban a lejárat előtt 7 nappal - ingyenesen újabb 30 napos Fix Áras Hirdetési Periódussal meghosszabbítani (iv) amennyiben az aktuális Fix Áras Csomag Hirdetési Periódus utolsó napjáig az Egyedi hirdetési szerződéssel nem rendelkező Felhasználó nem hosszabbítja meg a fényképes hirdetését, úgy annak további hosszabbítására nincs lehetőség (v) A Közzététel Napjától számított 360. napon a hirdetés közzététele megszűnik és a továbbiakban nincs mód annak meghosszabbítására (Végső Lejárat Napja) sem ingyenesen, sem ellenérték megfizetése mellett. (vi) amennyiben az Egyedi hirdetési szerződéssel nem rendelkező Felhasználó hirdetéséhez kiemelést vásárol és a Végső Határidő Napjáig hátralévő napok száma kevesebb, mint a kiemelés időtartama, úgy a kiemelés maximum a Végső Lejárat Napjáig tarthat (vii) jelen 4.3.3. pont szerinti rendelkezések alkalmazandók abban az esetben is (tehát Fix Áras Csomag vásárlása kötelező), ha az Egyedi hirdetési szerződéssel nem rendelkező Felhasználó több egyidejű hirdetése közül a korábban közzétett hirdetését törli vagy inaktívvá teszi (ix) Amennyiben az Egyedi hirdetési szerződéssel nem rendelkező Felhasználó a hirdetés feltöltésének napját megelőző 30 napon belül már két alkalommal aktiválta az 4.3.1.(i) pontban meghatározott, 3 napos fényképes közzétételt magában foglaló Ingyenes Csomagot, és ezt követően Képcsomagot sem vásárolt, úgy ezen 30 napos időtartamon belül további hirdetés közzétételére - ide nem értve a 4.3.1. (vii) és 4.4. (i) és (ii) pontban meghatározott eseteket - kizárólag Képcsomag megvásárlását követően van lehetősége, ellenkező esetben a hirdetés inaktív állapotú marad a felhasználói fiókban, a Weboldalon közzétételre nem kerül. Az inaktív állapotú hirdetés 30 napig kerül tárolásra a Felhasználó fiókjában, és amennyiben ezen idő alatt Képcsomag vásárlására nem kerül sor, úgy a 30. napot követően törlésre kerül. (x) Amennyiben az előző (ix) pont szerinti 30 napos időtartam leteltét követően a Felhasználó az inaktív állapotban lévő hirdetésére Ingyenes Csomagot kíván aktiválni, úgy arra csak a hirdetés újbóli feltöltése esetén van lehetősége.",2
"A Felek megállapodnak abban, hogy a Szerződésből eredő esetleges vitás kérdéseket megkísérlik tárgyalásos úton, peren kívül rendezni. ",4
"m) A fogyatékossággal élő Előfizetők számára kínált termékek és nyújtott elektronikus hírközlési szolgáltatások részletei és tájékoztatás az ezekkel kapcsolatos aktuális információk elérhetőségéről a, figyelemmel az Aktv. 1. melléklet 3.2. pontjára is, az ÁSZF Törzsrész 11. és 12. pontjaiban, továbbá a 2/a., 2/c. és 2/d. mellékleteiben található meg.",0
"10. Nem magyar nyelven kiállított okirat esetében az OTP Bank Nyrt. jogosult az Ügyféltől az okiratról az Országos Fordító és Fordításhitelesítő Iroda (OFFI), vagy magyarországi szakfordító, vagy szakfordító-lektor által készített hiteles fordítást kérni, amelynek költségei az Ügyfelet terhelik. A szakfordítótól és szakfordító lektortól származó fordítás esetén csatolni kell a szakfordítói és tolmácsi képesítést igazoló okmány másolatát.",4
"Ha a digitális tartalom szolgáltatása fizikai adathordozón történt, a fogyasztó az Eladónak a megszüntetésről való tudomásszerzéstől számított tizennégy napon belül közölt kérésére, az Eladó költségére köteles a fizikai adathordozót késedelem nélkül visszaszolgáltatni.",3
"8.1 A felhasználói berendezés létesítése, üzemeltetése és fenntartása a felhasználási hely tulajdonosának kötelessége. Az elkészült felhasználói berendezést a szolgáltatói berendezéssel csak a BKM NONPROFIT Zrt. kapcsolhatja össze. A felhasználói berendezés üzemeltetője a folyamatos és biztonságos ellátás érdekében köteles az általa üzemeltetett berendezés üzemképes állapotáról gondoskodni.",2
"3.9 A Bank a szolgáltatások igénybevétele útján felvett megbízásokat, az írásbeli megbízásokkal azonos tartalmi követelményekkel fogadja be és kezeli. A hatályos jogszabályi rendelkezéseknek nem megfelelő, hiányos, hibás vagy egyébként nem megfelelő adatokat tartalmazó megbízások teljesítését a Bank jogosult megtagadni.",1
3.1. A Fizetési megbízások megadása és átvétele,2
"A visszatérítés során az eredeti ügylet során alkalmazott fizetési móddal egyező fizetési módot alkalmaz a Szolgáltató, kivéve, ha Fogyasztó más fizetési mód igénybevételéhez kifejezetten a hozzájárulását adja; e visszatérítési mód alkalmazásából kifolyólag Fogyasztót semmilyen többletköltség nem terheli.",2
"a. 10 000 forintot elérő, de 250 000 forintot meg nem haladó eladási ár esetén két év (24 hónap), ",4
"3.3. Felhasználó hirdető kijelenti és szavatolja, hogy a hirdetés tekintetében a hatályos jogszabályokat betartja, az harmadik személy jogait nem sérti, továbbá Felhasználó hirdető hozzájárul ahhoz, hogy az Üzemeltető a hirdetését nyilvánossághoz közvetítse, a hirdetésben esetlegesen megadott személyes adatokat felhasználja. Felhasználó hirdető felel azért, hogy a hirdetésben megadott személyes adat tekintetében rendelkezik az érintett személyek hozzájárulásával.",3
"A fogyasztó szerződés megszüntetésére vonatkozó kellékszavatossági joga az Eladónak címzett, a megszüntetésre vonatkozó döntést kifejező jognyilatkozattal gyakorolható.",4
"A jegyvizsgálók munkavégzését és az utasok menetokmányait a vizsgáló főkalauz ellenőrzi. A vizsgáló főkalauz egyenruhában vagy civil ruhában végzi munkáját, szolgálati jelvénye a vasúti emblémával ellátott vörös karszalag. A vizsgáló főkalauz ellenőrzése során a jegyvizsgáló feladatait is elláthatja. A civil ruhában szolgálatot teljesítő vizsgáló főkalauz az utas kívánságára szolgálati megbízólevéllel igazolja magát.",3
"9.4. A kapcsolattartók, valamint – amennyiben van – a teljesítésigazolásra jogosult személyek, a Szerződés teljesítésében egyéb módon résztvevők vagy közreműködők adatait Felek a Szerződés mellékleteként csatolják. A kapcsolattartók, valamint – amennyiben van – a teljesítésigazolásra jogosult személyek, a Szerződés teljesítésében egyéb módon résztvevők vagy közreműködők adatainak változása a Szerződés módosítását nem igényli, arról Felek írásban kötelesek haladéktalanul értesíteni egymást.",1
"Ha a Küldemény később mégis előkerül, a Küldeményt kézbesíteni kell. A még ki nem fizetett kártérítési összeget nem kell kifizetni, a már kifizetett kártérítési összeg azonban kézbesítés esetében a DPD részére visszajár. ",3
"19. A Fogyasztó a regisztráció során, illetve a mennyiben regisztráció nélkül vásárol, a megrendelés során megadott adatok pontosságért és valódiságáért felelősséggel tartozik, az adatok helytelen vagy pontatlan megadás a miatti késedelemért és az ebből eredő többletköltségekért (pl. szállítás) az Alza felelősséget nem vállal. A Fogyasztó felelősséggel tartozik jelszava titokban tartásáért, az Alza kizárja a felelősségét bármilyen azzal kapcsolatos kárért, hogy a Fogyasztó jelszavát harmadik személy az Alzán kívül álló okból megismerte. A Fogyasztó kizárólag saját nevében és saját adataival jogosult a Webáruház használatára. Valótlan, hamis vagy más személy adataival történő regisztráció tilos.",3
"11.10.  A Vállalkozónál bekövetkezett rendkívüli eseményekről készült vizsgálati
anyagokat a Megrendelővel ellenjegyeztetni kell. Amennyiben a bekövetkezett
rendkívüli eseményekről a Vállalkozó nem tájékoztatja Megrendelőt, illetve a
kivizsgálásba nem vonja be, va gy a vizsgálati anyagok ellenjegyzéséről nem
gondoskodik, úgy a Megrendelőt felelősség nem terheli, vele szemben a
rendkívüli eseményekből eredően kártérítési kötelezettséget a Vállalkozó nem
érvényesítheti.",3
2. AZ ELŐFIZETŐI SZERZŐDÉS MEGKÖTÉSE ÉS FELTÉTELEI,4
"A Menedzserszűrő csomagok esetén a Szolgáltatási díj Páciens egyedi igényei szerint, Orvosi Központ által összeállított szolgáltatási tartalommal bíró, annak előzetes írásos ajánlat alapján Páciens által jóváhagyott és megrendelt járóbeteg-szakellátási csomag komplex díja, melynek összege a szolgáltatás igénybevételét megelőzően, Szolgáltató által megküldött számla alapján, előre banki átutalás formájában esedékes. A Menedzserszűrésre vonatkozó időpontfoglalás feltétele, hogy a Páciens (vagy a Díjfizető) a Szolgáltatási díjat teljesítse. Ennek hiányában a Szolgáltató jogosult a Páciens részére a Menedzserszűrés nyújtását megtagadni.",2
"Ha a kerékpáron tapasztalunk bármilyen nem optimális működést vagy fellazúlást valamilyen alkatrésznél, és tovább közlekedünk vele, amitől további károk keletkeznek. Pl. 6 hónapon túli hajtókar fellazulásból származó megtágulás; ha a pedál fellazul menet közben, akkor többnyire érezni lehet hajtás közben, hogy valami nincs rendben a talpunk alatt, ekkor azonnal le kell szállni, mert a menet tönkre fog menni. Ebben az esetben saját magunk ne húzzunk utána, és ne közlekedjünk vele, addig míg az eladóval nem lett egyeztetve a további teendő kapcsán.",3
Termékszavatossági igényként Ön kizárólag a hibás termék kijavítását vagy kicserélését kérheti.,4
"Valamennyi jegyet, bérletet, bérletigazolványt (teljesárú bérlet esetében bérletigazolványt, személyi igazolványt vagy kártya formátumú vezetői engedélyt, tanulók esetében a diákigazolványt vagy az oktatási intézmény által az igazolványrendelet melléklete szerint, diákigazolványt helyettesítő igazolást és ezen igazoláshoz 14. életévét betöltött személy esetében a személyi azonosításra alkalmas okmányt) és bérletszelvényt, vagy utazásra jogosító igazolványt/igazolást ellenőrzéskor át kell adni az ellenőrzést végző személynek.",2
"a. Ön köteles a Szolgáltató számára a terméket indokolatlan késedelem nélkül, de legkésőbb elállási nyilatkozatának közlésétől számított 14 napon belül visszaküldeni vagy átadni. A határidő betartottnak minősül, ha a 14 napos határidő letelte előtt elküldi a terméket, és ",3
"4.4 A Szerződés ráutaló magatartás útján, a szolgáltatás igénybevételével is létrejöhet. Ebben az esetben a Felhasználó a távhő vételezésének megkezdését követő harminc (30) napon belül köteles az igénybevételt a BKM NONPROFIT Zrt-nek írásban bejelenti. A Szerződés az igénybevétel megkezdésének időpontjától jön létre. A bejelentési kötelezettség elmulasztása vagy a határidő túllépése esetén a szabálytalan vételezés jogkövetkezményeit kell alkalmazni. A szolgáltatás igénybevétele folytán létrejött Szerződésre a jelen általános szerződési feltételek, az abban felsorolt jogszabályok és a BKM NONPROFIT Zrt. Üzletszabályzatában foglaltak vonatkoznak (Tszt. 37.§ (5) bek., TKSZ 11. pont).",2
"68. Előrendelés esetén az előrendelt termék ára tájékoztató jellegű, amelytől a termék végleges ára eltérhet. Az Alza a Fogyasztót az előrendelt termék árának változásáról időszerűen tájékoztatja. Az előrendelt termék végleges vételára azt követően kerül meghatározásra, hogy az az Alza raktárába leszállításra került. Amennyiben Fogyasztó az előrendelés vételárát előre (előlegként) megfizette, és a termék ára változik",3
"6.2.6. Üzemeltető az alábbiakban részletezett esetekben jogosult időről időre egészben vagy részben egyoldalúan módosítani hirdetési csomagjainak tartalmát és díját, erről azonban legalább 15 nappal a tervezett módosítás hatályba lépése előtt az admin felületen, e-mail formájában vagy írásban tájékoztatni köteles Felhasználó hirdetőit. Előre kifizetett szolgáltatásnak azonban sem tartalma, sem díja nem módosítható Üzemeltető részéről egyoldalúan.",3
3. A további dokumentummal kiegészített Egyedi Szerződéses Megállapodás (1. számú melléklet),4
"8.6. A Szolgáltató a jegyzőkönyvet az annak felvételétől számított három évig köteles megőrizni, és azt az ellenőrző hatóság kérésére bemutatni.",3
"Az egyedi szolgáltatási szerződés külön is tartalmazza a kezelendő adatok meghatározását, az adatkezelés időtartamát, a felhasználás célját, az adatok továbbításának tényét, címzettjeit, adatfeldolgozó igénybevételének tényét.",3
"Ha a Páciens a számlával kapcsolatosan reklamációval él és a reklamációt a díjfizetési határidő lejárta előtt nyújtja be a Szolgáltatóhoz, a bejelentéssel érintett díjtétel vonatkozásában a díjfizetési határidő a reklamáció megvizsgálásának időtartamával meghosszabbodik. Lejárt befizetési határidejű számlára benyújtott reklamációnak a fizetésre nincs halasztó hatálya.",3
"7.5. A jelen szerződés értelmezésében pótmunkának az a munka, szolgáltatás minősül,
amelynek az elvégzésében a felek a szerződés aláírásakor nem állapodtak meg. Az
ilyen munka, szolgáltatás elvégzésére vonatkozó igényt a Megrendelő  a jelen
szerződés létrejöttét követően támasztja.",3
"A Szerződés bármely okból történt megszűnését követően a Vállalkozó csak abban az esetben tárolhatja vagy őrizheti meg más formában a részére átadott személyes adatokat, ha a hosszabb tartamú tárolást jogszabály vagy a szerződés követeli meg. Máskülönben a személyes adatokat tartalmazó iratokat a Vállalkozó köteles átadni a Megrendelőnek vagy — a Megrendelővel egyeztetve — az adatvédelmi szempontoknak megfelelve megsemmisíteni azokat. ",1
"d. a beépítésre kerülő elektromos alkatrészek, tartozékok tekintetében (pl.: feszültség szabályzók, gyújtáselektronikák stb.) Beépítés esetén nem követhető nyomon, hogy a motor egyéb esetlegesen hibás alkatrészei, tartozékai a próbaképpen felhelyezett új egységben okoztak - e kárt,  ",2
"13.3. Az Eladó szavatolja a leszállított áru per-, teher-, és igénymentes valamint szavatol azért, hogy a leszállított árun harmadik személynek nincs olyan joga, ami akadályozza vagy korlátozza a Vevő tulajdonszerzését, használati jogosultságát. Eladó szavatosságot vállal továbbá azért, hogy a szerződés tárgyán, vagy ennek bármely részén, nem áll fenn harmadik személyeknek olyan szerzői vagyoni/felhasználási joga, amely a Vevő a szerződés szerinti felhasználását korlátozná vagy akadályozná. Harmadik személy ilyen korlátozó vagy akadályozó igénnyel való fellépése esetén az Eladó közvetlenül fellép a Vevő jogos érdekei védelmében. Eladónak kártalanítania kell a Vevőt harmadik fél minden olyan igényével szemben, amely szabadalom, védjegy, vagy ipari tervezési jogok, értékesítési, kereskedelmi jogok megsértéséből származik.",1
"a) a Felhasználó megőriz minden védjegyet, szerzői jogi vagy tulajdoni jogi értesítést, amit az eredeti tartalom vagy a Felhasználó által készített bármely másolat tartalmaz,",3
"70. Az előrendelés leadása és annak Alza általi feldolgozása, visszaigazolása nem hoz létre szerződést a Fogyasztó és az Alza között. Szerződés csak abban az esetben jön létre, ha az Alza visszaigazolta az előrendelés tényleges teljesíthetőségét (pl. hogy a terméket forgalomba hozták, és az készleten van), és a Fogyasztó a végleges vételár és szállítási feltételek mellett is kéri az előrendelés teljesítését.",2
"Amennyiben a páciens rendelkezik egészségügyi ellátásra vonatkozó hatályos biztosítással, páciensnek lehetősége van az egészségbiztosítóval történő utólagos elszámolásra.",2
"Ha az adásvételi szerződés szerint az árut az Eladó helyezi üzembe, vagy az üzembe helyezés az Eladó felelősségvállalása mellett történik, a teljesítést akkor kell az Eladó által befejezettnek tekinteni, amikor az üzembe helyezés befejeződött.",4
1.7 A regisztráció elektronikus úton történt megküldésével és annak az Üzemeltető által történő visszaigazolásával a Felek között a Weboldal felhasználására és a Szolgáltatások igénybevételére (például hirdetések közzétételére) vonatkozó jogviszony ráutaló magatartással jön létre.,1
A jótállási határidő a fogyasztási cikk fogyasztó részére történő átadása napjával kezdődik.,4
"A Forgalmi és utasellenőrök jogosultak a járműre felszálló, a járművön tartózkodó, valamint a járműről közvetlenül leszálló személyek utazási jogosultságának ellenőrzésére, akár a kijelölt megállóhelyen is - arra figyelemmel, hogy az első ajtón felszálló Utas jogosult a menetjegyét a jármű vezetőjénél és a járművön elhelyezett fedélzeti jegykiadó automatából is megvásárolni. A menetjegyet, az érvényes bérletet, az utazási igazolványt és az egyéb utazásra, kedvezményre jogosító dokumentumot ellenőrzés céljából az utazás megkezdése előtt - a járművezetői jegy és a járművön érintéses fizetőeszközzel történő vásárlással, fedélzeti jegykiadó automatából váltott jegy kivételével - a megállóhelyen, a járműre történő felszálláskor; valamint - a járművezetői jegyet és a járművön érintéses fizetőeszközzel történő vásárlással, fedélzeti jegykiadó automatából váltott jegyet is - az utazás teljes tartama alatt, és a járműről történő leszállást közvetlenül követően a megállóhelyen a Forgalmi és utasellenőr kérésére fel kell mutatni, illetve szükség esetén át kell adni.",1
"3.5 A Bank az e-bank azonosító kártyához PIN kódot mellékel, amelyet az Ügyfél zárt borítékban kap kézhez. A Bank az e-bank azonosító kártyát, a PIN borítékot kizárólag az Ügyfél illetve vállalkozói e- bank esetében a Felhasználó részére adja át, az átadáskor meghatalmazást nem fogad el. A PIN boríték sértetlenségét az e-bank azonosító kártya átvételekor az átvételi elismervényen az Ügyfél/Felhasználó igazolja. Amennyiben az Ügyfél csak e-azonosító számot igényel, az e-azonosító számot és a hozzá kapcsolódó sms aktivizáló kódot a Bank tájékoztató levélben határozza meg, amelyet a Bank kizárólag személyesen az Ügyfél részére adhat át. A tájékoztató levél egy példányának átvételét az Ügyfél aláírásával igazolja.",2
"10.6. A Szolgáltató nem vállal felelősséget a rendszer használatából eredő károkért. A Felhasználó a Szolgáltató honlapját kizárólag a saját kockázatára használhatja, és elfogadja, hogy a Szolgáltató nem vállal felelősséget a használat során felmerülő vagyoni és nem vagyoni károkért.",3
"Ha a Szolgáltató digitális tartalmat szolgáltat, vagy digitális szolgáltatást nyújt, vagy erre kötelezettséget vállal, a fogyasztó pedig kizárólag személyes adatokat szolgáltat, vagy ilyen adatok szolgáltatását vállalja a Szolgáltató részére, a fogyasztó jelentéktelen hiba fennállása esetén is jogosult a szerződést megszüntetni, azonban az ellenszolgáltatás arányos leszállítását nem igényelheti.",3
"9.1 A szerződés megszűnik: (a) a Bank azonnali hatályú felmondásával, (b) a Bank vagy az Ügyfél rendes felmondásával, (c) közös megegyezéssel a Bank és az Ügyfél által meghatározott időpontban, (d) valamennyi e-bank azonosító kártya lejárati idejével, ha új azonosító kártya kibocsátására nem kerül sor, (e) az Ügyfél halálával, illetve jogutód nélkül történő megszűnésével, (f) a szolgáltatás alapjául szolgáló bankszámlaszerződés(ek) bármilyen okból történő megszűnésével.",1
2.2.12.6. A Bank a másodlagos számlaazonosító bejelentésének regisztrációját vagy a bejelentett másodlagos azonosító törlése iránti kérést visszautasítja a 2.2.12.4. pontban szereplő eljárás sikertelensége esetén,4
"4. A finanszírozási szerződés tartalmát képezik:a) a mindenkor hatályos ÁSZF, továbbá b) a Szolgáltatóval - az ÁSZF elfogadásával - kötött egyedi - szerződésben foglalt rendelkezések.",4
"Elállási nyilatkozat, a fogyasztót megillető elállási vagy felmondási jog gyakorlása",4
Minimális konfiguráció: A szolgáltatás igénybevételéhez szükséges minimális technikai feltételek.,4
2. A Weboldalak használatának feltételei és jogi védelme,4
"• fizetési mód: a rendelés leadását követően úgy módosítható, ha a Fogyasztó felveszi az Ügyfélszolgálattal a kapcsolatot. Alza Box esetén lehetőség van (az Ügyfélszolgálattal való egyeztetés nélkül is) online fizetés helyett az átvételkori fizetést választani. ",4
"4.7 A Megbízó tudomásul veszi, hogy az Egyedi Szerződésben megrendelt hirdetési felületeken csak egy Hirdető jelenhet meg, a hirdetési felületek Megbízón, illetve adott Hirdetőn kívüli harmadik fél részére nem átruházhatóak, nem továbbértékesíthetőek. Amennyiben a hirdetésen harmadik fél megjelenik, a Megbízó köteles azt a megrendelést megelőzően a Libri Könyvkereskedelmi Kft. felé jelezni, illetve a kreatívokat előzetesen jóváhagyásra megküldeni. A Libri Könyvkereskedelmi Kft. fenntartja döntési jogát a harmadik felet feltüntető kreatívok befogadásáról, illetve hirdetési felár megállapításáról, melynek mértéke ettől eltérő megegyezés hiányában 20%. Közös hirdetés esetén a megrendelést leadó Megbízó a hirdetésért a rá vonatkozó felelősségi szabályok szerint áll helyt, és szavatolja, hogy jogosult a hirdetést a további hirdető nevében és képviseletében megrendelni.",1
"Telekom számla: Telekom mobil és -otthoni szolgáltatásokra vonatkozó közös számla, amely a Telekom számlára kötött szerződést követően minden, az Előfizető által igénybe vett, a Telekom számlába bevont szolgáltatás ellenértékét és azokhoz kapcsolódó részletfizetéssel történő eszközvásárlás esetén az eszközök ellenértékét (esedékes részleteit) tartalmazza. A Telekom számla nem azonos a Telekom otthoni és Telekom mobil szolgáltatásokra Telekom számla szerződés nélkül kiállított számladokumentummal.",4
"6.4 A szolgáltatás használatához szükséges felhasználói kézikönyv letölthető K&H lakossági e-bank szolgáltatás esetén a https://ebank.khb.hu/lakossag, K&H trambulin e-bank szolgáltatás esetén a https://ebank.khb.hu/trambulin oldalról, míg K&H vállalkozói e-bank szolgáltatás esetén a https://ebank.khb.hu/vallalat Internetes címről.",4
"11.15.  Vállalkozó a munkaeszközöket és termelő -berendezéseket rendeltetésszerű
használatra alkalmas állapotban biztosítja, azok használatához, működéséhez a
Vállalkozó köteles biztosítani megfelelő képzettségű és gyakorlattal rendelkező
személyt. A Vállalkozó a k ivitelezési helyszínen munkaeszközt, termelő -berendezést
tarthat és üzemeltethet, mely általános minőségtanúsítással, illetve megfelelőség et
tanúsító dokumentummal  rendelkezik és amelyeken az időszakos vizsgálatokat
elvégezték.",2
dc) 16. §-a alapján állandó tartózkodásra jogosult.,2
"A Vállalkozó viseli a Megrendelő jótállási igénye érvényesítésével kapcsolatban felmerült minden igazolt költségét (kiszállás, csere stb.), amely a hibás teljesítésre vezethető vissza. ",4
"Termék: áru vagy szolgáltatás, ideértve az ingatlantulajdont, a digitális szolgáltatást és digitális tartalmat, valamint a jogokat és kötelezettségeket is, (2008. évi XLVII. tv.);",1
"A Szolgáltató jogosult tiltó listára helyezni az Előfizető részére az Előfizetői, illetve a készülék adásvételi
szerződésben kedvezményesen értékesített Eszközt, ha az Előfizetői Szerződés határozott időtartamának lejárta
előtt nem a Szolgáltatónak felróható okból szűnt meg, és az ilyen esetre az egyedi Előfizetői Szerződés szerinti
fizetési kötelezettségét az Előfizető nem teljesítette a Szolgáltató felé.",1
"Amennyiben a Vállalkozó köteles jóteljesítési biztosítékot nyújtani, annak mértékét és időtartamát, biztosításának határidejét és időtartamát a Megrendelés, illetve a Szerződés tartalmazza. A jóteljesítési biztosítékkal szembeni követelmény, hogy az feltétlen és visszavonhatatlan legyen. A jóteljesítési biztosíték időtartama hibás teljesítés esetén meghosszabbodik a teljesítési hiba cseréjének és kijavításának időtartamával. A jóteljesítési biztosíték a jótállási kötelezettségek biztosítását szolgálja, és Megrendelő jogosult annak lehívására a Vállalkozó esetleges tiltakozása ellenére is, amennyiben a Vállalkozó a Szerződés szerinti jótállási kötelezettségeit nem teljesíti. Amennyiben a díj módosul, a jóteljesítési garanciát ki kell egészíteni. ",2
"95. Az üzletben (bemutatóteremben) való személyes átvétel esetén a Fogyasztónak be kell mutatnia a PIN kódot, amit az általa megadott telefonszámra küld meg az Alza. A Fogyasztó köteles gondoskodni arról, hogy a PIN kódhoz harmadik személy ne férjen hozzá, illetve azt harmadik személy ne használhassa fel.",4
"8.4.4. A kellékszavatosságról, termékszavatosságról és a kötelező jótállásról szóló tájékoztatást a jelen ÁSZF 2. sz. melléklete tartalmazza.",3
"Üzleti igénylő: a 2004. évi XXXIV. törvény 3. § (1) bekezdése szerint kis- és középvállalkozásnak minősülő Igénylő, amely Egyedi előfizetői szerződést kíván kötni.",0
"d) a Hitelfevevő állampolgársága,",4
"129. Jótállási igények kezelése nagygépek esetén: Rögzített bekötésű, illetve a 10 kg-nál súlyosabb, vagy tömegközlekedési eszközön kézi csomagként nem szállítható fogyasztási cikket az üzemeltetés helyén kell megjavítani. Ha az üzemeltetési helyen a javítás nem végezhető el, úgy a le- és felszerelésről, valamint az el- és visszaszállításról az Alza, vagy a javítószolgálat (szakszerviz vagy márkaszerviz) közvetlenül gondoskodik.",4
"Az elállási jog az alábbi esetekben nem gyakorolható kifejezetten felhívja az Ön figyelmét, hogy Ön nem gyakorolhatja elállási jogát a 45/2014 (II.26.) Korm. Rendelet 29. §. (1) bekezdésében foglalt esetekben: a szolgáltatás maradéktalan teljesítése után, azonban ha szerződés fizetési kötelezettséget keletkeztet a fogyasztó számára, jelen kivételi esetre csak akkor lehet hivatkozni, ha a teljesítés a fogyasztó kifejezett előzetes beleegyezésével és annak a fogyasztó általi tudomásulvételével kezdődött meg, hogy elveszíti elállási jogát, amint a vállalkozás maradéktalanul teljesítette a szerződést; olyan Áru vagy szolgáltatás tekintetében, amelynek ára, illetve díja a pénzpiac vállalkozás által nem befolyásolható, az elállási jog gyakorlására meghatározott határidő alatt is lehetséges ingadozásától függ; olyan nem előre gyártott Áru esetében, amelyet a fogyasztó utasítása alapján vagy kifejezett kérésére állítottak elő, vagy olyan Áru esetében, amelyet egyértelműen a fogyasztó személyére szabtak; romlandó vagy minőségét rövid ideig megőrző Áru tekintetében; olyan zárt csomagolású Áru tekintetében, amely egészségvédelmi vagy higiéniai okokból az átadást követő felbontása után nem küldhető vissza (, hogy olyan zárt csomagolású áru tekintetében, amely egészségvédelmi vagy higiéniai okokból az átadást követő felbontása után nem küldhető vissza, az Áru jellegének, tulajdonságainak és működésének megállapításához szükséges használat az elállási jog elvesztését eredményezi.); olyan Áru tekintetében, amely jellegénél fogva az átadást követően elválaszthatatlanul vegyül más Áruval; olyan alkoholtartalmú ital tekintetében, amelynek tényleges értéke a vállalkozás által nem befolyásolható módon a piaci ingadozásoktól függ, és amelynek áráról a felek az adásvételi szerződés megkötésekor állapodtak meg, azonban a szerződés teljesítésére csak a megkötéstől számított harmincadik napot követően kerül sor; olyan vállalkozási szerződés esetében, amelynél a vállalkozás a fogyasztó kifejezett kérésére keresi fel a fogyasztót sürgős javítási vagy karbantartási munkálatok elvégzése céljából; lezárt csomagolású hang-, illetve képfelvétel, valamint számítógépes szoftver példányának adásvétele tekintetében, ha az átadást követően a fogyasztó a csomagolást felbontotta; hírlap, folyóirat és időszaki lap tekintetében, az előfizetéses szerződések kivételével; nyilvános árverésen megkötött szerződések esetében; lakáscélú szolgáltatás kivételével szállásnyújtásra irányuló szerződés, fuvarozás, személygépjármű-kölcsönzés, étkeztetés vagy szabadidős tevékenységekhez kapcsolódó szolgáltatásra irányuló szerződés esetében, ha a szerződésben meghatározott teljesítési határnapot vagy határidőt kötöttek ki; a nem tárgyi adathordozón nyújtott digitális tartalom tekintetében, ha az Eladó a fogyasztó kifejezett, előzetes beleegyezésével kezdte meg a teljesítést, és a fogyasztó e beleegyezésével egyidejűleg nyilatkozott annak tudomásul vételéről, hogy a teljesítés megkezdését követően elveszíti az elállási jogát, továbbá a vállalkozás visszaigazolást küldött a fogyasztó részére.",1
"10.1.  Amennyiben bármelyik fél rajta kívülálló okok miatt (vis major, pld. háború,
természeti csapás) nem tud a szerződésben vállalt kötelezettségeknek eleget tenni,
úgy a szerződés érvénytelenné válik és az elvégzett munkákkal arányos rész,
valamint a szerződés  teljesítése közben felmerült költségek kifizetésre kerülnek. Vis
maior alatt értendő minden olyan dolog, illetve esemény, amelynek oka a felek
rendelkezési jogán és rendelkezésén kívül esik, előre nem látható, elkerülhetetlen
és amelynek megakadályozása f üggetlen az érdekelt felek akaratától. Vis maior
bekövetkezése esetén az erre hivatkozó fél köteles a másik fele haladéktalanul
írásban és szóban is értesíteni és egyidejűleg javaslatot tenni az ennek folytán
bekövetkezett késedelem kiküszöbölésére. Felek nem tekinti vis maiornak
valamelyik fél átalakulását, felszámolását, illetve fizetésképtelenségét.",4
"14.1 A Szerződést a Felhasználó harminc (30) napos felmondási idővel, írásban mondhatja fel.",4
"5.2. A megrendelés feldolgozásaként megjelölt időpontokon kívül is van lehetőség a megrendelés leadására. Amennyiben az munkanapokon kívül történik, az azt követő első munkanapon kerül feldolgozásra. A Szolgáltató ügyfélszolgálata minden esetben elektronikus úton visszaigazolja, hogy mikor tudja teljesíteni a megrendelését.",4
"8. A visszatérítések visszautalása automatikusan a fizetéshez használt számlára történik. Későbbi utalással történő fizetés és átutalással történő előlegfizetés esetén a visszatérítést arra a számlára teljesítjük, amelyről a fizetés történt. Ha Paypal/hitelkártya használatával fizetett, a visszatérítést a Paypal/hitelkártya számlájára küldjük. .",1
"3.1 Ön vállalja, hogy a Szolgáltatásokat saját célra használja, nem pedig harmadik fél nevében vagy javára, és kizárólag olyan módon, amely megfelel a jelen Feltételeknek, a Szabályzatoknak, valamint az Önre vonatkozó valamennyi törvénynek és jogszabálynak. Ha a Szolgáltatások Ön általi használatát bármely alkalmazandó jogszabály tiltja, akkor Ön nem jogosult a Szolgáltatások használatára. Nem vagyunk felelősek a Szolgáltatások olyan használatáért, amely sérti az alkalmazandó jogszabályokat.",3
"1. Általános rendelkezések, ÁSZF hatálya",4
"Szabad téren megrendezett Rendezvény esetében a Rendezvényszervezőnek lehetősége van tartalék rendezvénynapot (esőnap) meghirdetni. Amennyiben az esőnap dátuma meghirdetésre került, a Rendezvényszervező bármikor dönthet úgy, hogy a Rendezvényt az esőnapon tartja meg. A Szolgáltató e döntésről a Vásárlókat a Jegy.hu oldalon keresztül haladéktalanul tájékoztatja, amint a Rendezvényszervezőtől az erre vonatkozó információkat megkapja. A Vásárló tudomásul veszi, hogy a Rendezvény esőnapon való megtartása miatt nem illeti meg elállási jog. A szakmában kialakult általános szokások szerint az időjárás miatti félbeszakítás, idő előtti befejezés, vagy késleltetett kezdés mellett is rendben megtartottnak kell tekinteni a Rendezvényt, amennyiben a Rendezvény több mint fele rendben megtartásra került, illetve a Rendezvény kezdése a Rendezvény tervezett hosszához képest 50 %-nál kevesebbet csúszik, vagy 25 %-nál kevesebb ideig kell szüneteltetni. A Rendezvényszervező jogosult ettől eltérő szabályokat meghatározni az esőnapra, illetve a részben megtartásra került Rendezvényekre vonatkozóan.",1
"11.1 Ügyfélszolgálatunkon keresztül segítséget nyújtunk a fizetés, a visszaküldés, a visszatérítés és egyéb, az Ön által vásárolt termékekkel kapcsolatos területeken.",4
"82. A Fogyasztóknak lehetőségük van a Webáruházban kiválasztott termékek tekintetében egyedi árajánlatot kérni az Alzától, abban az esetben, ha a kiválasztott termékek alapján a Kosár összértéke magasabb, mint nettó 550 000 Ft (ÁFA nélkül). Az egyedi árajánlat kéréséhez szükséges lépések és további részletek leírása az https://www.alza.hu/egyedi-ar oldalon érhető el. Az Alza az egyedi árajánlatra vonatkozó kéréseket megvizsgálja, mérlegeli, ugyanakkor mindez nem kötelezi az Alzát sem kedvezmény nyújtására, sem egyedi árajánlat adására.",3
"9.7 A Libri Könyvkereskedelmi Kft. nem vállal felelősséget olyan teljesítést akadályozó eseményért, mely az Internet sajátos jellegéből fakadóan lép fel. Különös tekintettel az Internet hálózaton előforduló olyan forgalmi, technikai, vagy egyéb körülmények, amelyek az Internet működésével együtt járnak.",4
"Az ellenszolgáltatás leszállítása akkor arányos, ha annak összege megegyezik a Fogyasztónak szerződésszerű teljesítés esetén járó, valamint a Fogyasztó által ténylegesen megkapott áru értékének különbözetével.",4
"A megrendelés véglegesítése előtt, az Összesítés menüben Felhasználónak további lehetősége van a rendeléshez kiválasztott termékek, átvételi mód, szállítási és számlázási adatok, fizetési mód és fizetendő összeg ellenőrzésére. Ezek esetleges módosítására a megfelelő menüpontba visszalépve van lehetőség.",3
"Magánszemély Felhasználó: Olyan hirdetést feladó Felhasználó, aki nem minősíti magát Kereskedőnek.",4
"8.14. Nem megfelelő hirdetés, tartalom bejelentése Amennyiben a Felhasználó észleli, hogy valamely a Weboldalon elérhető hirdetés nem megfelelően lett feladva, vagy jogellenes, lehetősége van az adott hirdetés bejelentésére a Társaság felé a hirdetésnél erre a célra elhelyezett „Probléma a hirdetéssel” gomb megnyomásával megjelenő bejelentési formon keresztül. A Felhasználó – a hiba jellege szerint – az egyes hirdetések kapcsán különböző kategóriákban tehet bejelentést: ● Nem megfelelő telefonszám ● Okmányok jellege vagy érvényessége nem megfelelő ● Ajtók száma nem megfelelő ● A képek nem a hirdetésben szereplő járműről készültek ● Nem megfelelő felszereltség ● Nem megfelelő ár ● A kivitel hibásan van megadva ● Nem megfelelő kategóriában van a hirdetés ● A képek utólag szerkesztettek ● Eladva vagy foglalózva ● Kilométeróra állás nem megfelelő ● Jogellenes tartalom A Felhasználó a Weboldalon elérhető egyéb, jogellenesnek feltételezett tartalom észlelése esetén a Társaság Ügyfélszolgálata részére tehet bejelentést. A Felhasználó a jogellenes hirdetés, tartalom bejelentése során köteles megadni nevét és/vagy e-mail címét, kivéve, ha a bejelentés a 2011/93/EU irányelv 3–7. cikkében megjelölt bűncselekményre vonatkozik. A név, illetve az e-mail cím megadásának elmaradása nem eredményezi a bejelentés mellőzését, annak kivizsgálását azonban megakadályozhatja. A Társaság a bejelentések kézhezvételét automatikusan visszaigazolja a bejelentéshez kapcsolt esetszám megküldésével. A Társaság a jogellenes hirdetésre, tartalomra vonatkozó bejelentést annak kézhezvételétől számított 3 munkanapon belül, az egyéb nem megfelelő hirdetésre, tartalomra vonatkozó bejelentést pedig annak kézhezvételétől számított 30 napon belül érdemben megvizsgálja és megválaszolja, illetve megteszi a szükséges intézkedéseket a bejelentés megalapozottsága esetén az abban foglaltak orvoslása érdekében.",2
"A Páciens tudomásul veszi és írásban nyilatkozik arról, hogy amennyiben vizsgálat(ok) céljából mintavételre került sor, azonban az eredményekért nem jelentkezik a mintavételt követő időszakban az eredmények várható elkészültének (melyről szóbeli tájékoztatást kaptam) idejéig, a Szolgáltató nem vállal felelősséget az elmaradt terápia miatti esetleges egészségkárosodásért.",1
a) A Szolgáltatás lényeges tulajdonságairól szóló tájékoztatás a 2/a-2/d. mellékletekben található meg.,3
"Ugyanazon hiba miatt kellékszavatossági és termékszavatossági igény egyszerre, egymással párhuzamosan nem érvényesíthető.",3
"3/12. Vatera fenntartja a jogot, hogy bizonyos előre meghatározott kritériumok alapján, bizonyos felhasználókat célzó felhasználói programokat indítson és üzemeltessen az oldalán (pl. Vatera Vevővédelem, Profi Eladói Program (PEP)). A programokról szóló részletes tájékoztatást a Vatera a www.vatera.hu weboldalon vagy a felhasználói admin felületen helyezi el.",3
"4. A BKK Zrt. köteles az adatkezelést oly módon végezni, hogy technikai vagy szervezési intézkedések alkalmazásával biztosítva legyen a személyes adatok megfelelő biztonsága, ideértve az adatok jogosulatlan vagy jogellenes kezelésével, véletlen elvesztésével, megsemmisítésével vagy károsodásával szembeni védelmet is.",3
"(12) A Bank a Szerződés módosítását a Szerződő fél részéről akkor tekinti elfogadottnak, ha a Szerződő fél a módosítás hatályba lépését megelőzően a Bankot nem tájékoztatja arról, hogy a módosítást nem fogadja el. A módosítás hatályba lépése előtti napig a Szerződő fél jogosult a Szerződés azonnali felmondására, díj-, költség- vagy egyéb fizetési kötelezettség nélkül.",4
"A Szerződés teljesítésének Vállalkozó felelősségi körébe tartozó okra vezethető meghiúsulása esetén (pl. a Vállalkozó megtagadja a Szerződésnek a teljesítését, vagy Megrendelő a Szerződés szerinti elállási, illetve rendkívüli felmondási jogával él) a Megrendelő meghiúsulási kötbért követelhet. ",3
"Amennyiben egyik alkalommal sem éri el a Pácienst, úgy sms-ben értesíti a lefoglalt időpont törléséről a sikertelen időpont megerősítés miatt.",4
"Amennyiben a Vállalkozó hibásan teljesít, kötbért köteles fizetni, amelynek mértéke a hibás teljesítéssel érintett munka nettó szerződéses díjának 20 %-a. ",4
Az ÁSZF mindenkori módosítása a közzétételkor lép hatályba. A módosítás közzétételét követően a Felhasználó kifejezetten elfogadja és magára nézve kötelezőnek ismeri el a módosított ÁSZF rendelkezéseit. A módosított ÁSZF elfogadása hiányában a Felhasználó a Mobilalkalmazást nem jogosult használni.,4
"VI.4. Az INTERSPORT minden ausztriai raktárból kiszállított termékhez (kivéve a nagyméretű árukat) mellékel egy visszáru-matricát, amely lehetővé teszi az Ügyfél számára, hogy az árukat ingyenesen visszaküldje. Ha az Ügyfél nem használja fel a visszáru-matricát, akkor köteles a visszaküldés közvetlen költségeit viselni.",3
"3/14. Aukciós értékesítés során adott licit csak mindkét fél (az eladó és a vevő) beleegyezésével és a Vatera által távolítható el, kizárólag aktív, még be nem fejeződött aukció esetén. A licittörlésre a Vatera nem kötelezhető, annak végrehajtása csak lehetőség, a licittörlés kivételes és indokolt esetekben érvényesíthető. Mivel a licittörlés csak lehetőség és csakis mindkét fél egyetértésével történhet meg, ezért a Vatera a licittörléssel kapcsolatosan semminemű utólagos kifogást sem fogad el! Ha a Termék/szolgáltatás feltöltését követően a Termék/szolgáltatás megsemmisül, vagy - főleg szolgáltatás esetén - elérhetetlenné válik, vagy a feltöltött Termék állapotában jelentős változás (pl. állagromlás) áll be, az eladó az adott tranzakciót törölheti akkor is, ha arra érvényes vételi ajánlat (licit) érkezett (aukciótörlés). A felhasználó egy hónapban aukciótörlést kizárólag egyszer hajthat végre. Az aukciótörléssel az adott tranzakcióra érkezett vételi ajánlatok (licitek) automatikusan törlésre kerülnek.",3
"A Vállalkozó köteles a Szerződés feltételei szerint a Megrendelő által átadott tervek alapján a Szerződésben meghatározott részletes kiviteli és a kapcsolódó technológiai/gyártmány/megvalósulási terveket és a létesítményt szerződésszerűen, teljes körűen, műszakilag és minőségileg kifogástalan kivitelben, a vonatkozó előírásoknak, műszaki szabványoknak, valamint a technika mai állásának megfelelően I. osztályú minőségben, határidőben egy szakvállalat gondosságával elkészíteni, az ehhez szükséges hatósági engedélyeket beszerezni ill. valamennyi egyéb szerződéses kötelezettségét szerződésszerűen teljesíteni. ",0
"Hibabehatároló eljárás: a Szolgáltató által a Hibabejelentést követően elvégzett vizsgálat, amely alapján eldönthető, hogy további helyszíni vizsgálat szükséges-e, vagy nem, illetőleg a hiba nem észlelhető, vagy az nem a Szolgáltató érdekkörében merült fel. Nem a Szolgáltató érdekkörében merül fel a hiba, amennyiben az harmadik fél hálózatában jelentkező körülmény miatt merül fel.",3
"a.b) a Hitelfevevő születési helye, ideje,",4
"Másképpen a Szolgáltató úgy tekintheti, hogy a Feladó megsértette e pont rendelkezéseit, és a DPD Hálózati tag jogosult diszkrecionális jogkörben: (i) megállítani vagy szüneteltetni a szolgáltatást; (ii) átadni a kért információkat az illetékes hatóságoknak és/vagy (iii) kérni az illetékes hatóság megfelelő eljárását (beleértve a Küldemény megsemmisítését is a Feladó költségére). A Feladó köteles a szolgáltatás igénybevételét megelőzően tájékoztatni az alkalmazottait, ügyfeleit és végső ügyfeleit a DPD Hálózati tag fent meghatározott jogosultságairól, és beszerezni az erre vonatkozó hozzájárulásukat. A DPD Hálózati tag semmilyen módon nem tehető felelőssé a jelen pontban írtakkal összefüggésben a szolgáltatás felfüggesztése vagy megszakítása, az Feladó munkavállalóinak, ügyfeleinek és végső ügyfeleinek adatai hatóság felé továbbítása, a Küldemény megsemmisítése, vagy egyéb szükséges intézkedés megtétele miatt. ",0
"8.7. A Szolgáltatónak törekednie kell arra, hogy a kijavítást vagy kicserélést legfeljebb tizenöt napon belül elvégezze.",4
"A vállalkozói díj fix átalányára, amely az általános forgalmi adón (ÁFA) kívül tartalmaznak minden, a Szerződés tárgyát képező munkák komplett megvalósításához szükséges valamennyi, a Vállalkozó által biztosítandó anyag beszerzési árát és a Vállalkozó által elvégzett tevékenység díját, és az ehhez kapcsolódó költségeket, beleértve a külön meg nem adott, de a komplettséghez tartozó anyagok és tevékenységek (többletmunkák) árát, illetve díját, a kiszállási díjakat, szállásdíjakat, utazási költségeket, a teljesítéshez kapcsolódó egyéb nem nevesített költségeket, valamint a Szerződés alapján átadott szellemi alkotások felhasználási jogának ellenértékét is. ",1
"Fogyasztó: az a természetes személy, aki szakmája, önálló foglalkozása vagy üzleti tevékenysége körén kívül jár el jelen ÁSZF hatálya alá tartozó termékek megrendelése, valamint azok megvásárlására kötött szerződések teljesítése során. 3.",2
"12.1.  Vállalkozó maradéktalanul eleget tesz a teljesítés során a vonatkozó
környezetvédelmi és egyéb szabályok rendelkezéseiben előírtaknak, különös
figyelemmel az alábbi jogszabályok egyes rendelkezéseiben foglaltakra:
• a környezeti zaj és rezgés elleni védelem egyes a szabályairól szóló
284/2007. (X.29.) Korm. rendelet,  a környezeti zaj - és rezgésterhelési
határértékek megállapításáról  szóló  27/2008. (XII. 3.) KvVM -EüM
együttes rendelet,
• a levegő védelméről szóló 306/2010  (XII. 23.) Korm. rendelet;
• a munkavédelemről szóló 1993. évi XCIII. törvény;
• a hulladé król szóló 2012. évi CLXXXV . törvény, a veszélyes hulladékkal
kapcsolatos tevékenységek végzésének feltételeiről szóló 98/2001. (VI.",1
"16. Alkalmazandó jogszabályok, szolgáltatói ÁSZF",4
"8.4.3. Kérjük a vásárolt terméket szíveskedjen az átvételkor ellenőrizni, és amennyiben a csomagolás sérült szíveskedjen a szállítónak jelezni és kérni jegyzőkönyv felvételét. Abban az esetben, ha mennyiségi, vagy minőségi kifogása van, szíveskedjen ügyfélszolgálatunknak bejelenteni reklamációját. Szállítónk díjmentesen visszaszállítja a terméket, amennyiben véletlenül más, vagy nem annyi terméket küldtünk, illetve a termék sérült. Ezt követően haladéktalanul felvesszük Önnel a kapcsolatot és díjmentesen kiszállítjuk a megrendelt terméket.",3
"24 órával van lehetősége a Páciensnek. A befoglalt időpontot 24 órával megelőző lemondás esetén a rendszer törli az időpontfoglalást, sztornószámlát állít ki és a rendelkezésre állási díj összegét automatikusan visszatéríti a fizetést indító kártyaszámra, az összeg jóváírása a Páciens saját bankja általi jóváírást követően lesz elérhető.",4
"13.2. Az Okirat kiadás feltételeként meghatározott dokumentumok, valamint a beszámolóról
szóló döntésig beküldött és a Lebonyolító által elfogadott módosítási kérelmek az Okirat
részét képezik. A Kedvezményezett pályázati dokumentációját az Okiraton kívül a pályázat i
kérelme, valamint nyilatkozatai, egyéb kérelmei képezik. Az Okirat rendelkezéseit a
Kedvezményezett pályázati kérelme, nyilatkozatai, egyéb kérelmei, továbbá jelen ÁSZF, a
pályázati felhívás, valamint a z elszámolási útmutató alapján kell értelmezni .",2
4.4. Az újragyártott kártyákat a Hitelkártya birtokos által az újragyártás igénylésekor megadott módon juttatja el a Hitelkártya birtokos részére.,3
"10.9 Ha a BKM NONPROFIT Zrt. tulajdonában lévő hőközpont több épület távhőellátását szolgálja, a BKM NONPROFIT Zrt. a hőközpontban mért, a fűtési célra és a használati melegvíz-készítés céljára az előzőek szerint külön-külön meghatározott hőmennyiségeket az ellátott épületek hőfogadójában felszerelt költségmegosztók mérési adatai alapján, költségmegosztók hiányában az érintett Felhasználók egymás közötti megállapodása szerinti arányban, ha ilyen megállapodás nem jön létre, az épületek alapdíjszámítás alapját képező légtérfogata arányának megfelelően osztja szét a Felhasználók között. Az ilyen módon az adott Felhasználóra jutó hőmennyiségek hődíjainak az egyes Díjfizetők közötti szétosztása a Felhasználó képviselőjének közlése alapján a már ismertetett módon történik.",0
"a. személyes átvétel: AlzaBox csomagautomatákon keresztül, üzleteinkben, Alza Drive-on keresztül, valamint együttműködő partnereink által üzemeltetett csomagátvevő helyeken, pl. a Packeta , Z-Box Csomagautomatákon és Csomagpontokon, FoxPost Csomagautomatákon és a PostaPontokon keresztül, Coop üzletekben, MOL benzinkutakon stb.",4
"Antikvár könyvek bolti átvétele esetén átvételkor, ahogy az elállási jog későbbi gyakorlása során is – az egyéb átvételi módokhoz hasonlóan – csak a teljes rendeléstől történő elállásra, a rendelés átvételének megtagadására van lehetőség, csomagbontásra, a rendelés egy részétől történő elállásra nincs.",4
"A postai küldemény felbontását, értékesítését és megsemmisítését kétfős bizottság jelenlétében és jegyzőkönyv felvétele mellett kell végrehajtani. A bizottság tagjait a DPD-nek az alkalmazottai, tagjai, megbízottai vagy közreműködői közül kell kijelölnie. A jegyzőkönyveket a DPD a feladást követő egy évig köteles megőrizni. A Hatóság e jegyzőkönyvekbe bármikor betekinthet. ",4
"Szolgáltató minden esetben számlát állít ki a rendelésről, amelyet a vásárlás során megadott e-mail címre küld ki a csomag feladásának napján, vagy legkésőbb a csomagnak vásárlóhoz érkezésének napján.",3
"31.3. lakóhelyét a személyi adat- és lakcímnyilvántartásba bejelentette,",4
"A regisztráció határideje van ahol 20 nap múlva lejár a számla kitöltéséhez képest, ezért időben informálja magát. Az alábbi márkáknál kell regisztrálni (ha a link nem működik, keresse fel a gyártó honlapját és ott megtalálja a regisztrációt):",4
"A kivitelezés befejezésekor a Vállalkozónak írásban kell nyilatkozni arról, hogy a munkát a terveknek megfelelően végezte el, és az mindenben megfelel az érvényben lévő munkavédelmi-, környezetvédelmi-, tűzvédelmi- és biztonságtechnikai előírásoknak, jogszabályoknak. ",3
"Jótállás - Eladó nem forgalmaz jótállás köteles terméket, az általa forgalmazott termékekre nem terjed ki az egyes tartós fogyasztási cikkekre vonatkozó kötelező jótállásról szóló 151/2003. (IX.22.) Korm. rendelet hatálya.",3
"Az a Vevő, aki kapott már negatív visszajelzést regisztráció nélküli vásárlása okán, illetve az a regisztrált Vevő, aki már kapott negatív visszajelzést, regisztráció nélküli vásárlásra nem jogosult. A Vatera megszünteti a regisztráció nélküli vásárlás felfüggesztését, ha minden kétséget kizáróan igazolásra kerül a Vatera felé az annak alapjául szolgáló negatív értékelés megalapozatlansága.",3
"Megtörtént, hogy egy helyi szerviz azonnal lecserélte az új gyári belsőket mondván, hogy “rosszak”, és állította, hogy a külső gumi is a forgás iránynak ellentétesen volt felszerelve. Nem tudta ez a szerviz, hogy videóval rögzítettük a kerékpárokat küldés előtt. Így bizonyítékul becsatoltuk a vásárlónak a felvételeket, miszerint a belső felvoltak pumpálva, és látszott a külsőn a jó irányt mutató jelzés is. A vásárló furcsállotta is, hogy nem kapta meg az állítólagos “rossz” belsőket, és mikor oda vitte a kerékpárt, a belsők sem voltak leeresztve.",2
"A Megrendelő képviselői (műszaki ellenőre(i)) bármikor ellenőrizhetik az elvégzett munka szakszerűségét, hibás teljesítés esetén megtagadhatják a munka átvételét. ",4
"b) A teljes és naprakész díjszabás, azon belül a díjcsomag, a rendszeres díjak, különösen az előfizetési díj, a használati díj és a forgalmi díjak, a szolgáltatásnyújtás megkezdéséhez kapcsolódó díjak, különösen a belépési díj, a díjcsomagban foglalt adatforgalmi vagy összegkeret összege, a díjcsomagban foglalt hívások, üzenetek és adatforgalom mennyisége, valamint a kereten túli további egyedi díjszabású egységek, számok, szolgáltatások díjai, az esetleges speciális díjszabás, az ügyfélszolgálattal és a szolgáltató által nyújtott karbantartási szolgáltatásokkal, valamint a kapcsolódó díjakkal, továbbá szolgáltatáscsomag esetén a szolgáltatáscsomag egyes elemeinek díjaival kapcsolatos tájékoztatás az ÁSZF 3/a. – 3/d. sz.mellékleteiben található meg.",0
16.2. Vevő írásbeli elfogadó nyilatkozata hiányában az Eladó esetleges saját általános szerződési feltételei nem alkalmazandók.,2
"Egyedi Szállítás esetén az Eladó és a Vevő a szállítási szolgáltatóval kerül közvetlenül szerződéses kapcsolatba a Vatera bármilyen formájú közreműködése nélkül, ezért az Egyedi Szállításért a Vatera nem vállal felelősséget. A szállítási szolgáltató díjainak mértékét maga határozza meg; a fogyasztó felé a díj a megrendelés folyamán feltüntetésre kerül.",3
3.3.1. Általános feltételek,4
- külföldi természetes személy esetén:,3
"3.3. A Bankszámlaszerződés megkötése, dokumentációs feltételek",2
"A DPD-t nem terheli kártérítési felelősség, ha csak a Küldemény külső csomagolása sérül meg. ",4
"Jogvita esetén a felek megkísérlik a békés úton való megegyezést, ennek sikertelensége esetére – amennyiben a Felek között egyedi szerződés van hatályban, akkor az egyedi szerződésben megjelölt bíróság illetékes, egyébként a Pp. rendelkezései alkalmazandók.",3
"1.4. Eladó a Vevő ajánlatkérésében foglaltakkal kapcsolatos véleményeltérését az általa tett ajánlatában jelzi a Vevő részére. A szerződéskötésre a Felek között azzal kerül sor,  ha a Vevő az Eladó ajánlatát elfogadja, amely cselekmény az Egyedi Megrendelés Eladónak történő megküldésével kerül kinyilvánításra.",1
"c. Fiók törlése: Amennyiben a Fogyasztó ismételten vagy súlyosan Visszaélést valósít meg, és ezért vele szemben az Alza a szankciókat alkalmazott, azonban a Fogyasztó a szankció alkalmazását követően ismételt szabályszegést követ el, az Alza jogosult a Fogyasztó fiókját véglegesen törölni. Ezt követően a Fogyasztó többé nem jogosult új fiókot létrehozni. ",4
"6.14.  Amennyiben a Felhasználó élni szeretne elállási jogával, annak jelzését megteheti a Szolgáltató elérhetőségeinek valamelyikén írásban (akár a mellékelt adatalap segítésével), telefonon, vagy személyesen (pl. ügyfélszolgálati irodák). Elektronikus úton megküldött elállási nyilatkozat esetén a Szolgáltató a nyilatkozat megérkezését elektronikus úton visszaigazolja. Postai úton írásban történő jelzés alkalmával a postára adás időpontját vesszük figyelembe (a postai borítékon a  feladást igazoló pecsét), telefonon történő jelzés alkalmával pedig a telefonon történő jelzés, személyes jelzésnél a személyes bejelentés időpontját.   A megrendelt árut postai úton, futárszolgálat segítségével, vagy személyesen (ügyfélszolgálati irodák) juttathatja vissza a Felhasználó a Szolgáltató részére.",3
"A Felek egyike sem felelős a Szerződésben rögzített kötelezettségek nem-teljesítéséért, ha a szerződésszegést ellenőrzési körén kívül eső, a szerződéskötés időpontjában előre nem látható körülmény okozta és nem volt elvárható, hogy a körülményt elkerülje vagy elhárítsa („vis major”), ilyennek minősülnek az olyan körülmények, amelyekre a Fél nem képes hatást gyakorolni (pl.  természeti katasztrófák, földrengés, tűzvész, járvány, aszály, fagykár, árvíz, szélvihar, villámcsapás; egyes társadalmi vagy politikai események: mint például háború, forradalom, felkelés,  szabotázs, közlekedési útvonal (repülőtér) lezárása; meghatározott állami intézkedések: behozatali-kiviteli tilalmak, devizakorlátozások, embargó, bojkott; súlyos üzemzavarok, valamint a szerződésszerű teljesítést lehetetlenné tevő radikális piaci változások (mint drasztikus árrobbanás, a fizetés pénznemének rendkívüli meggyengülése), kivéve, ha ez utóbbiak a szerződésszegő fél oldalán, neki felróható okból merültek fel. ",2
"3.4.3. A Szerződés megszűnik a gazdasági társaság (egyéb szervezet) Számlatulajdonos jogutód nélküli megszűnése, vagy a Természetes Személy Számlatulajdonos halála esetén abban az időpontban, amikor erről a Bank hivatalosan tudomást szerez. A Szerződés megszűnése nem jelenti egyúttal a Számla automatikus megszűnését is.",3
"3/13. A Vaterán - a Ptk. 6:64. §-a szerint - az érvényes ajánlatot tevő Felhasználó, mint vevő a tranzakció zárásáig az ajánlatához kötve marad, mivel a Szolgáltatás jellegéből kifolyólag az ajánlati kötöttség kizárása nem lehetséges. Az ajánlati kötöttség időtartama a tranzakció időtartamával egyezik meg. Jelen pontban foglaltak alól kivételt képeznek a személygépkocsi (és alkategóriái); haszongépjármű (és alkategóriái); a motor, robogó, quad (és alkategóriái), a veterán jármű (és alkategóriái); egyéb jármű (és alkategóriái) kategóriákban; illetve az ingatlan főkategória alkategóriáiban, valamint a Szolgáltatás és Állás kategóriában feltöltött Termékek/szolgáltatások, ahol nem áll fenn ajánlati kötöttség.",0
1. Az Alkalmazás tulajdonosa és üzemeltetője a BKK Zrt.,4
"5.1. A rendelések feldolgozása munkanapokon 24 órán belül megtörténik. REndkívüli helyzetek esetén előfordulhat ennél hosszabb feldolgozási idő, amiről a vásárlót minden esetben tájékoztatjuk.",4
"10.8 Ha a szolgáltatás a BKM NONPROFIT Zrt. tulajdonában lévő hőközpontból hőközponti hőmennyiségméréssel történik, a BKM NONPROFIT Zrt. a hőközpontban mért hőmennyiségből a Önk. Rend. 28.§ (2)-(3) rendelkezései szerint külön-külön határozza meg és elkülönítve számlázza a fűtési célra és a használati-melegvíz szolgáltatási célra felhasznált hőmennyiséget. A Felhasználó képviselője - megfelelő felhatalmazás mellett - az előbbi hőmennyiségekre egymástól eltérő díjszétosztási arányokat is meghatározhat. A Felhasználó képviselőjének felhatalmazását a BKM NONPROFIT Zrt. nem köteles vizsgálni, a felhatalmazás hiányából származó kifogásokért és károkért a BKM NONPROFIT Zrt. nem tartozik felelősséggel. Ezzel kapcsolatos felhasználói rendelkezés hiányában a BKM NONPROFIT Zrt. mindkét hőmennyiséget ugyanazon arányban osztja szét a Díjfizetők között.",1
"6.3. Eladó szavatolja, hogy az általa szállított Termék(ek) per-, teher- és igénymentesek, valamint, hogy a Szerződés tárgyát képező Termék(ek) fölött harmadik személynek nincs olyan joga, amely a Vevő tulajdonszerzési, birtoklási és használati jogát akadályozná. Nem adható át Vevőnek olyan Termék, amelyet harmadik személy tulajdonjog-fenntartással adott át az Eladónak, vagy amelyen harmadik személynek olyan joga áll fenn, amely akadályozza vagy korlátozza Vevő tulajdonszerzését, használati vagy birtoklási jogosultságát. Ennek megszegése esetén Eladó teljes és korlátlan felelősséggel tartozik Vevő felé.",0
Korábbi ár: Az akciót megelőző 30 nap legalacsonyabb akciós ára.,4
"    A fogyasztó a termék jellegének, tulajdonságainak és működésének megállapításához szükséges használatot meghaladó használatból eredő értékcsökkenésért felel.",3
"1. A Felhasználó az Alkalmazásba történő regisztrációja alkalmával magára nézve kötelezőnek fogadja el a jelen ÁSZF-ben foglalt szerződési feltételeket, továbbá az Adatvédelmi tájékoztatót, a BKK Zrt. Üzletszabályzatát, a Marketingnyilatkozatot, illetve a Licencfeltételeket.",3
8.3. A Szerződés megszűnése esetén a Felek a már teljesített szolgáltatások tekintetében kötelesek egymással a Szerződésben foglaltaknak és a Ptk. rendelkezéseinek megfelelően elszámolni.,3
"5.12. Felhasználó e-mail-ben a megrendelés elküldését követően visszaigazolást kap. Amennyiben e visszaigazolás Felhasználó megrendelésének elküldésétől számított, a szolgáltatás jellegétől függő elvárható határidőn belül, de legkésőbb 48 órán belül Felhasználóhoz nem érkezik meg, Felhasználó az ajánlati kötöttség vagy szerződéses kötelezettség alól mentesül. A megrendelés és annak visszaigazolása akkor tekintendő a Szolgáltatóhoz, illetve az Felhasználóhoz megérkezettnek, amikor az számára hozzáférhetővé válik. Szolgáltató kizárja a visszaigazolási felelősségét, ha a visszaigazolás azért nem érkezik meg időben, mert Felhasználó rossz e-mail címet adott meg regisztrációja során, vagy a fiókjához tartozó tárhely telítettsége miatt nem tud üzenetet fogadni.",2
"Szolgáltató tulajdonát képező berendezés vagy Szolgáltatói berendezés: olyan elektronikus hírközlő berendezés, és Elektronikus hírközlő végberendezés, ami a szolgáltató tulajdonában áll.",4
"Abban az esetben, ha a meglévő Egyenleg-felhasználási időszak lejáratának dátumát megelőzően az
Előfizető sikeresen elvégzi az Eht. 129.§ (2b) bekezdése szerinti adategyeztetést, új Egyenleg-
felhasználási időszak lép érvénybe a sikeres adategyeztetés napjától. Ezen új, feltöltés nélküli Egyenleg-
felhasználási időszak hossza 365 nap.",2
"Az áru hibája esetén Ön – választása szerint – a fent meghatározott kellékszavatossági jogát vagy termékszavatossági igényt érvényesíthet. Termékszavatossági igényként Ön kizárólag a hibás termék kijavítását vagy kicserélését kérheti. A termék akkor hibás, ha az nem felel meg a forgalomba hozatalakor hatályos minőségi követelményeknek vagy pedig, ha nem rendelkezik a gyártó által adott leírásban szereplő tulajdonságokkal. Termékszavatossági igényét Ön a termék gyártó általi forgalomba hozatalától számított két éven belül érvényesítheti. Termékszavatossági igényét kizárólag az ingó dolog gyártójával vagy forgalmazójával szemben gyakorolhatja. A termék hibáját termékszavatossági igény érvényesítése esetén Önnek kell bizonyítania. A gyártó (forgalmazó) kizárólag akkor mentesül termékszavatossági kötelezettsége alól, ha bizonyítani tudja, hogy: a) a terméket nem üzleti tevékenysége körében gyártotta, illetve hozta forgalomba; vagy b) a hiba a tudomány és a technika állása szerint a forgalomba hozatal időpontjában nem volt felismerhető; vagy c) a termék hibája jogszabály vagy kötelező hatósági előírás alkalmazásából ered.",2
A Magyarország helyi önkormányzatairól szóló 2011. évi CLXXXIX. törvény 23. § (4) bekezdése szerint a Budapest Fővárosi Önkormányzatának (a továbbiakban: Önkormányzat) kiemelt feladata – többek között – a helyi közösségi közlekedés biztosítása és működtetése.,1
"6.1. Az Európai Parlament és a Tanács 2011/83/EU számú irányelvének, továbbá a fogyasztó és a vállalkozás közötti szerződések részletes szabályairól szóló 45/2014. (II.26.) Korm. rendelet szabályozása értelmében Felhasználó a megrendelt termék kézhezvételétől számított 14 napon belül indokolás nélkül elállhat a szerződéstől. Jelen tájékoztató hiányában Felhasználó jogosult 1 év elteltéig gyakorolni az elállási jogát. E rendelkezés nem gátolja a Felhasználó azon jogát, hogy az elállás jogát a szerződés megkötésének napja (megrendelés visszaigazolása) és az áru átvétele közötti időszakban is gyakorolja.",2
"Számlázás: Szolgáltató 2018.05.28-tól a nem bolti átvételű (azaz nem a Szolgáltató boltjainak valamelyikében történő átvételi móddal, hanem pl. futáros házhoz szállítással, PostaPonton vagy Pick Pack Ponton történő átvétellel) leadott rendelések során értékesített termékei tekintetében – az antikvár könyvek kivételével – bevezeti az elektronikus számlázást (e-számla). Ezt követően minden Felhasználó alapértelmezett beállításként e-számlát kap a regisztráció során megadott e-mail címre, ugyanakkor Belépés után az Adataim menüpont Beállításaim füle alatt, az „e-számlát kérek a megrendeléseimhez” opció kikapcsolásával vagy rendelés leadása, azon belül a számlázási adatok megadása során, az „e-számlát kérek a megrendelésemhez” opció módosításával tudja hagyományos (papíralapú) számla kiállítását kérni.",3
"6.11. Felhasználónak kiemelten ügyelnie kell a termék rendeltetésszerű használatára, ugyanis a nem rendeltetésszerű használatából eredő károknak megtérítése a Felhasználót terheli! A termék visszaérkezését követő tizennégy napon belül a Felhasználó által megadott bankszámlaszámra visszatéríti Szolgáltató a termék vételárát, a kiszállítás költségével együtt. Amennyiben Vevő csupán rendelésének egy részét küldi vissza, a kiszállítás díjának megtérítésére nem jogosult.",2
"(b) A Hitelfevevő vagy a meghatalmazottja mind a DH1 Hitelszerződést, mind a DH1 Hiteligénylési Adatlapot az átvételre feljogosított személy előtt köteles aláírni. Az átvételre jogosult személy megtagadja az átvételt, ha a Hitelfevevő vagy meghatalmazottja nem írja alá mind a DH1 Hitelszerződés, mind a DH1 Hiteligénylési Adatlap 2-2 példányát, illetőleg az aláírásra nem az átadással egyidejűleg, az átvételre jogosult személy előtt kerül sor.",3
c. mennyiségi kedvezményekkel összefüggő promóciók során vagy egyéb feltételekhez (például minimális vásárlási összeghez) kötött promóciók során a Fogyasztók részére biztosított árelőnyöket.,4
"78. Az Alza eredeti árként a jogszabályi rendelkezésekkel összhangban a terméknek vagy szolgáltatásnak (illetve szoftverek esetén a licensznek) a Webáruházban az aktuális árcsökkentést (reklámkampányt) megelőző 30 napos időszakban alkalmazott legalacsonyabb árát tűnteti fel, többnyire oly módon, hogy az eredeti árat áthúzással jelöli a termék kedvezményes, aktuális árának feltüntetése mellett",3
"A Szerződésre a magyar jog, különösen a Ptk. rendelkezései az irányadók. A felek a nemzetközi magánjogi normák és az áruk nemzetközi adásvételi szerződéseiről szóló, 1980. április hó 11. napján kelt ENSZ egyezmény alkalmazását kifejezetten kizárják. A kereskedelemben szokásos klauzulákat a mindenkor érvényes lncoterms (ICC, Párizs) alapján kell értelmezni. ",0
"Helyhez kötött és Műsorterjesztés előfizetői szolgáltatás esetében pedig az Előfizetői
Hozzáférési Pont kiépítésének és ezzel a Szolgáltatás létesítésének Előfizető általi lehetővé
tételével és ennek megtörténtének a munkalapon papír alapon történő aláírással vagy
elektronikus felületen elektronikus eszközzel történő aláírásával, valamint a szolgáltatás
igénybevételéhez szükséges Eszköz vagy egyéb berendezés Előfizető általi átvételével és az
átvétel tényét tanúsító elismervény Előfizető általi aláírásával jön létre.",3
"Az adatbeviteli hibák javítása - Felelősség a megadott adatok valóságáért - Önnek a megrendelés során a megrendelés véglegesítése előtt folyamatosan lehetősége van az Ön által bevitt adatok módosítására (a böngészőben a vissza gombra kattintva az előző oldal nyílik meg, így akkor is javíthatóak a bevitt adatok, ha Ön már a következő oldalra lépett). Felhívjuk a figyelmét, hogy az Ön felelőssége, hogy az Ön által megadott adatok pontosan kerüljenek bevitelre, hiszen az Ön által megadott adatok alapján kerül számlázásra, illetve szállításra az Áru. Felhívjuk a figyelmét arra, hogy a rosszul megadott e-mail cím vagy a postafiókhoz tartozó tárhely telítettsége a visszaigazolás kézbesítésének hiányát eredményezheti és meggátolhatja a szerződés létrejöttét. Amennyiben a Vevő véglegesítette rendelését és a megadott adatokban hibát fedez fel, akkor a lehető legrövidebb időn belül kezdeményeznie kell a rendelése módosítását. A hibás rendelés módosítását a megrendeléskor megadott e-mail címről küldött levéllel, vagy telefonhívással jelezheti Vevő az Eladó felé.",3
"Ön - választása szerint - az alábbi kellékszavatossági igényekkel élhet: Kérhet kijavítást vagy kicserélést, kivéve, ha az ezek közül az Ön által választott igény teljesítése lehetetlen vagy a vállalkozás számára más igénye teljesítéséhez képest aránytalan többletköltséggel járna. Ha a kijavítást vagy a kicserélést nem kérte, illetve nem kérhette, úgy igényelheti az ellenszolgáltatás arányos leszállítását vagy a hibát a vállalkozás költségére Ön is kijavíthatja, illetve mással kijavíttathatja vagy - végső esetben - a szerződéstől is elállhat. Választott kellékszavatossági jogáról egy másikra is áttérhet, az áttérés költségét azonban Ön viseli, kivéve, ha az indokolt volt, vagy arra a vállalkozás adott okot.",1
"4.1 A promóciós utalványok olyan utalványok, amelyeket nem lehet megvásárolni, hanem azok reklámkampányok során kerülnek kiadásra és csak meghatározott ideig érvényesek.",4
(5) A Bank a módosulásról a Szerződő Felet a Kincstár honlapján megjelent Hirdetmény útján értesíti.,4
2.1.1. Személyes és kapcsolattartási adatok,4
1. Szolgáltató: a 2. pontban megnevezett Shiver Kft.   ,4
"c. a termék vagy szolgáltatás ára más devizanemben (euróban vagy cseh koronában) meghatározott összegben szerepel a Webáruházban, vagy a forintban feltüntetett ár esetében nyilvánvalóan nem került sor az eredetileg más devizanemben meghatározott ár átváltására, csak a devizanem módosult tévesen forintra.",4
11.2. A webáruházakból és azok adatbázisaiból bármilyen anyagot átvenni írásos hozzájárulás esetén is csak az adott webáruházra való hivatkozással lehet.,4
"Az Eladónak – amennyiben a jelen ÁFF másként nem rendelkezik, így különösen a Csomagajánlat esetén - a hirdetés feladásakor kell megadnia a meghirdetni kívánt Termék megfelelően becsomagolt állapotára vonatkozó paramétereket (súly, magasság, szélesség, hosszúság). A Vatera az Eladó által megadott adatok alapján jeleníti meg a Termék (Terméken Csomagajánlat esetén a Csomagajánlatban eladásra kerülő valamennyi Termékek összessége is értendő a továbbiakban) szállítására elérhető szállítási szolgáltatásokat, amelyek közül az Eladó kiválaszthatja, hogy mely szállítási módokat kívánja felkínálni a Vevők számára. Az Eladó felelős a megadott paraméterek pontosságáért. Amennyiben a Termék tényleges, becsomagolt állapota eltér az Eladó által megadott paraméterektől, és ez szállítási díjkülönbözetet eredményez, úgy annak megfizetése az Eladó kötelezettsége. A díjkülönbözetet az Eladó a szállítási szolgáltató általános szerződési feltételei szerint közvetlenül a szolgáltató felé köteles rendezni.",2
Kivel szemben érvényesítheti termékszavatossági igényét?,4
Szép kártyás fizetés lehetőség a Nevogate Payment Services Gateway -en keresztül. A Nevogate Payment Gateway szolgáltatásához kapcsolódó adatvédelmi és adatkezelési tájékoztató az alábbi linken érhető el: https://www.nevogate.com/adatvedelem.,2
"7.4 Az előre tervezhető karbantartási, felújítási munkát az év május 16. napja és szeptember 14. napja között kell elvégezni. A munkálatokról, azok megkezdésének és várható befejezésének időpontjáról a felek kötelesek egymást nyolc (8) nappal korábban írásban tájékoztatni. Eltérő megállapodás hiányában a BKM NONPROFIT Zrt. a munkát köteles nyolc (8) napon belül befejezni. A váratlan meghibásodás miatt szükséges munkát a felek - egymás egyidejű írásbeli értesítése mellett - a lehető legrövidebb időn belül végzik el. A felek a munkálatok lehető legrövidebb időn belüli elvégzése érdekében minden tőlük elvárható együttműködést, információt és segítséget megadnak egymásnak.",3
"3.2.2.1. A Bank lakossági bankkártyát a Banknál lakossági bankszámlán rendelkező, a jelen ÁSZF-ben, valamint a Bank Hirdetményében meghatározott szerződéskötési feltételeknek megfelelő természetes személy Számlatulajdonos, valamint a Számlatulajdonos által megjelölt természetes személy(ek) részére biztosít. tájékoztatás kézhezvételétől számított, tizennégy napon belül, de legfeljebb a szerződés megkötésétől számított egyéves jogvesztő határidő elteltéig gyakorolhatja. Nem illeti meg a Számlatulajdonost az elállási jog a szerződésnek mindkét fél általi teljes körű teljesítését követően, amennyiben ez a Számlatulajdonos kifejezett kérése alapján történt. Az elállási (felmondási) jogot határidőben érvényesítettnek kell tekinteni, ha a Számlatulajdonos az erre vonatkozó nyilatkozatát a határidő lejárta előtt postára adja vagy egyéb igazolható módon a Banknak elküldi. Az elállásra nyitva álló határidő lejárta előtt a bankkártyaszerződés teljesítése csak a Számlatulajdonos kifejezett hozzájárulását követően kezdhető meg. A Számlatulajdonos hozzájárul, hogy a Bank az igényelt bankkártya kibocsátását és a szolgáltatás nyújtását az elállásra nyitva álló határidő lejárta előtt megkezdje. Ha az elállásra (felmondásra) nyitva álló határidő a fent leírtak szerint meghosszabbodott, a bank a meghosszabbítás időtartama alatt, azaz a törvénynek megfelelő tájékoztatás megadásáig teljesített szolgáltatás ellenértékét nem követelheti.",1
"124. A jótállási jegy: A kötelező jótállás hatálya alá tartozó termékekre az Alza a 151/2003. (IX. 22.) Korm. rendeletben előírt tartalommal jótállási jegyet bocsát ki. A jótállási jegy az elektronikus számlával egy dokumentumban található, tehát a jótállási jegyet az Alza a számla megküldésével együtt elektronikus úton, vagy boltban történő vásárlás esetén fizikailag bocsátja a Fogyasztó rendelkezésére. A jótállási igény érvényesítéséhez kapcsolódó reklamációs ügyintézés megkezdéséhez elengedő a Fogyasztónak a megrendelés azonosítószámát megadnia.",3
"A regisztrációkor megadott felhasználónév nem tartalmazhat elérhetőséget (telefonszám, URL/webcím, Instant Messaging - IM azonosító, stb.), trágár, obszcén kifejezést, sem magyar, sem idegen nyelven és nem egyezhet meg az Üzemeltető által már nyilvántartott felhasználónévvel. Amennyiben a Felhasználó a fent leírtak alapján szabálytalannak minősülő nevet ad meg, abban az esetben a Vatera jogosult előzetes figyelmeztetés nélkül a Felhasználó Szolgáltatáshoz való hozzáférését felfüggeszteni. A felhasználónév a következő karaktereket tartalmazhatja: nagy és kis betűk ékezet nélkül, (minimum 6, azaz hat, maximum 22, azaz huszonkettő darab) valamint számok (maximum 3, azaz három darab). Egyéb karaktereket a felhasználónév nem tartalmazhat. A Vatera fenntartja jogát, hogy ha a felhasználónév nem megfelelő, vagy a Vatera informatikai rendszere által nem értelmezhető karaktereket tartalmaz, azt elő- és/vagy utótaggal, illetve alulvonással kiegészítse.",4
"5.11. Adatbeviteli hibák javítása: Felhasználó a megrendelési folyamat lezárása előtt minden esetben vissza tud lépni az előző fázisba, ahol javítani tudja a bevitt adatokat.",4
"4. Az Alkalmazás használatával a Felhasználó nem szerez az Alkalmazásra vagy az általa elérhető tartalomra vonatkozóan semmiféle szellemi tulajdonjogot. Egyik Felhasználó sem jogosult az Alkalmazásból származó tartalom felhasználására, kivéve, ha arra engedélyt kapott a BKK Zrt.-től, illetve ha a törvény azt más módon lehetővé teszi. A jelen felhasználási feltételek nem biztosítanak jogot az Alkalmazásban használt jelzések, logók, márkajelzések vagy emblémák használatára.",3
"A Szolgáltató a hálózatmenedzsment eszközével különösen akkor él, amikor a hálózaton adatforgalmi torlódások
alakulnak ki (általában 14:00 és 23:00 óra között, mely időszakot a Szolgáltató adatforgalmi csúcsidőszaknak
tekinti). A hálózatmenedzsment alkalmazása befolyásolhatja bizonyos nem valós idejű alkalmazások (egyes, ún.
peer-to-peer alkalmazások) használatát.",1
"A Szolgáltató szolgáltatásait a Páciens egyéni elhatározása, saját döntése alapján veszi igénybe. Páciens a szolgáltatási szerződés aláírásával tudomásul veszi, hogy minden orvosi beavatkozásnak, kezelésnek van kockázata, és mindazt a kockázatot, amelyért az orvos nem tehető felelőssé, a betegnek kell viselnie. Az egyes Pácienseknél az gyógyulás menete és időtartama eltérő lehet, vagy az átlagostól eltérhet.",4
"Kiértékelésre sem e-mailen, sem telefonon nincs lehetőség. A kiértékelés díját a szolgáltatások díja nem tartalmazza.",3
"c.e) képzési forma,",4
"l) Az Előfizető panasza esetén a békéltető testülethez fordulás lehetőségével kapcsolatos információkról szóló tájékoztatás a Törzsrész 6.2. pontjában, illetve az 1. sz. mellékletben található meg. A Szolgáltató döntése alapján a Szolgáltatóra nézve kötelező peren kívüli panaszkezelési mód és vitarendezési mechanizmus igénybevételének lehetősége nem áll rendelkezésre.",4
"Vállalkozó akként nyilatkozik, hogy a 13.4. f) és g), valamint a 13.5. pontokban rögzített feltételek a szerződés aláírása során nem állnak fenn, az ebben bekövetkező változást Megrendelő részére haladéktalanul bejelenti. ",0
"A boltban a vételárat a fizetéskor igénybe vett fizetési móddal megegyező módon, vagy a vásárló hozzájárulásával készpénzben kaphatja vissza. A visszavásárláshoz a rendelés azonosítójára vagy a vásárlást igazoló blokkra lesz szükség.",4
"Minden utas egy ülőhelyet vehet igénybe, ha azt előzetesen biztosította vásárlásával, vagy a fennmaradó ülőhelyeket más utasok nem foglalták el. Egy utas számára megvásárolt több helyjegy sem jogosítja az utast több ülőhely elfoglalására. Nemzetközi és meghatározott (csak ülő utasokat szállító autóbusszal végzett) országos járatokon minden utas ülőhelyen utazik. A 3 éven aluli gyermek – biztonsága érdekében –, ha a kísérője úgy dönt, hogy a gyermek nem gyermekkocsiban rögzítve utazik, akkor kísérője ölében, illetve külön ülésen ún. mózeskosárban, gyermek-hordozóban, gyermekülésben, gyermekbiztonsági rendszerben stb. helyezhető el. A fogyatékossággal élő személyek vagy csökkent mozgásképességű személyek (várandós anyák, kisgyermekkel utazók, vakok, mozgásukban korlátozottak) számára megjelölt elsőbbségi üléseken, valamint a kerekesszékkel utazók részére kijelölt helyen elsősorban ezen személyek utazhatnak.",1
A visszatérítéssel kapcsolatos költségek az Eladót terhelik.,4
"12.2.6. Az anyagok felhasználása során
törekedni kell a keletkező hulladék mennyiségének minimalizására.


Hatályos 2024.0 9.24. napjától
ÁLTALÁNOS SZERZŐDÉSES FELTÉTELEK                                            6. oldal


  12.2.7. Bontási munkák során az eltávolításra
kerülő építési törmeléket kiporzás mentesen kell a konténerbe jutta tni és ott tárolni.",4
"A keletkezett kár mértékét minden esetben a károsultnak kell hitelt érdemlően bizonyítania, megfelelő dokumentumokkal alátámasztania. Ennek hiányában a kárigény nem vizsgálható ki megfelelően. Ha a kár mértékét a károsult nem bizonyítja hitelt érdemlően, akkor a rendelkezésre álló adatok alapján dönt a Szolgáltató.  ",3
1. A Felhasználó a regisztrációt követően jogosult igénybe venni az Alkalmazás valamennyi Szolgáltatását.,4
"4.5. A Felhasználó megadja a szállítási címet, majd kiválasztja a szállítási/fizetési módot, melynek típusai a következők:",4
"5.11.4. A nezkazan.hu portálon megtalálható termékek szállítási határideje termékenként változó. Az általános teljesítési határidő 3-10 munkanap. Egyes termékek készleten vannak, míg mások alacsony vevői igények miatt csak megrendelésre érkeznek, ezért az ilyen termékek várható szállítási idejéről az Eladó a Vevőt telefonon és/vagy írásban értesíti. Az első kézbesítési kísérlet sikertelensége esetén, a címiraton feltüntetett címzetti magyarországi telefonszámon a futár – az értesítő hátrahagyását megelőzően – megkísérli egyeztetni a másodszori kézbesítés időpontját. A telefonszám hiánya, illetve az egyeztetési kísérlet sikertelensége esetén a Magyar Posta a csomag küldemény érkezéséről és a kézbesítés megkísérléséről értesítőt hagy hátra, melyen feljegyzi a kézbesítési kísérlet dátumát (hónap, nap, időpont) és azt a telefonszámot, amelyen a másodszori kézbesítés időpontját a Címzett egyeztetheti. A Címzett által (az értesítő alapján) kezdeményezett egyeztetés elmaradása esetén a csomag küldemény kézbesítésének másodszori kísérletére a következő munkanapon kerül sor. A második kézbesítési kísérlet sikertelensége esetén a Magyar Posta a címhelyen ismételten értesítőt hagy, melyen feltünteti azt a kézbesítési pontot, illetve rendelkezésre tartási (őrzési) időt, ahol és ameddig a postacsomag küldeményt a jogosult átveheti. A postacsomag küldemények a kézbesítési ponton a két kézbesítési kísérlet között nem vehetők át, a címzett vagy egyéb jogosult átvevő a postacsomag küldeményt csak a második kézbesítési kísérletet követően veheti át.",0
"Az Ügyfél a választott kellékszavatossági jogáról egy másikra is áttérhet, az áttérés költségét azonban köteles viselni, kivéve, ha az indokolt volt, vagy arra a Szolgáltató adott okot.",2
"Hátsó láncváltó elhajlik, letörik. Ez a legsérülékenyebb pontja a kerékpárnak, így ez a jelenség sokszor a kerékpáros tudta nélkül történik. Külső erőhatás: Pl. a kerékpárt lefektetjük úgy, hogy a hátsó váltó leérjen a földre; neki támasztanak egy másik kerékpárt; közös/nyilvános kerékpár tárolóba neki nyomódik valami; ütközés; felkap a váltó egy nagyobb faágat; a hátsó kereket kivesszük (pl. belső/külső csere stb.), és a váltóra tesszük le a kerékpárt; stb. Normál kerékpározás közben valójában a hátsó váltó nincs kitéve terhelésnek, hisz a célja csupán a láncot feszíteni és a láncot arrébb tenni váltásnál, épp ezért nem vezethető vissza az itt említett probléma gyártási hibára. Az első váltót nem szokta mechanika sérülés érni, mert védett helyen van, és ugyanabból az anyagból van mint a hátsó váltó, így nem is szokott meghajolni. Kerék eldeformálódik pl. erős ütés következtében, ugratás, padkáról leugrás, padkának vagy nagyobb döccenőbe hajtunk; nagyobb súllyal ülünk a kerékpáron a megengedett terheléshez képest. A nyeregvázcső a tetejétől számított 10 cm-en belül eltörik/megreped (a megengedettnél jobban kihúzott nyeregcső miatt történik) Hajtómű/lánctányérjai elhajolnak. Hasonló a jelenség, mint a hátsó váltó esetében. A hátsó lánckereket nem szokta mechanika sérülés érni, mert védett helyen van, így nem is szokott meghajolni. Első villa hajlás",2
"8.1.3 A Hüperion Kft. felhívja a Vevő figyelmét, hogy az alábbi panaszok mellőzésére kerülhet sor: korábban érdemben megválaszolt panasz; azonosíthatatlan személy által tett fogyasztói panasz; a sérelmezett tevékenységtől vagy mulasztástól számított 6 hónapon túl előterjesztett panasz; Azonosíthatatlan személy: az a bejelentő/vevő, aki a beadványában a nevét és az elérhetőségét (lakcím vagy e-mail-cím vagy elektronikus tárhely) nem adja meg.",4
"Biztosított a helyi, helyközi, szerződéses autóbuszon történő utazások esetén az a személy, aki érvényes jeggyel, bérlettel vagy utazásra jogosító más dokumentummal rendelkezik és jogszerűen veszi igénybe Szolgáltató szolgáltatásait. Biztosítottnak tekintendők továbbá az ingyenes utazásra jogosult személyek is (az Utazási feltételek szerint), nemzetközi menetrend szerinti utazások esetén Szolgáltató által üzemeltetett nemzetközi járaton Szolgáltatónál váltott menetjeggyel vagy bérlettel utazó utas.",2
"A 12.1. pontban foglalt feltételek megtartásával zárt szállítóeszközben utasonként egy kutya szállítható. A 12.1. pontban foglaltaktól eltérően, díjazás ellenében (kivéve Budapest közigazgatási határán belüli kutyaszállítás szabályaira vonatkozóan (IV. fejezet Egyéb díjak, 2. Élő állat szállításának díja)) autóbuszonként egyidejűleg egy kutya zárt szállítóeszköz nélkül, szájkosárral (szájmaszkkal) és pórázon vezetve is szállítható. Amennyiben ugyanazon autóbuszjárattal egyidejűleg egynél több pórázon vezetett kutya szállítására van igény, a kutya szállításában elsőbbsége a már az autóbuszjárattal utazó utasnak van, a felszállásra pórázon vezetett kutyával jelentkezők sorrendjére pedig az elszállítási sorendre vonatkozó szabályok érvényesek. A segítő kutyák (12.3. pont), továbbá a hatósági feladatok ellátását segítő szolgálati kutyák autóbusszal történő szállítására a pórázon vezetett kutyák szállítására vonatkozó korlátozás nem érvényes.",0
"Egészségügyi szolgáltatás, ellátásszervező közvetített illetve egészségbiztosító által beküldött páciens esetén, a páciens az ügyfélregisztráció során nyilatkozattételre köteles. Vizsgálatra jelentkező biztosított páciens, tudomásul veszi, hogy a szolgáltatásokat kizárólag a biztosító által megrendelt értékhatárig veheti igénybe, az azon felül kért többlet szolgáltatások díja külön kerül számlázásra és azt páciens köteles közvetlenül a Mentaház felé téríteni.",2
XIV. FELHASZNÁLÁSI FELTÉTELEK,4
"4.3 K&H lakossági e-bank esetében a 2003. január 1. előtt kiadott e-bank azonosító kártya nyolc egymást követő sikertelen PIN kód megadást követően biztonsági okból blokkolódik. Az ezt követő időpont után legyártott e-bank azonosítók kártyák, illetve az e-azonosító szám használata esetén a blokkolás három sikertelen próbálkozást követően következik be. A blokkolást kizárólag a Bank tudja feloldani, az e-bank azonosító kártya honos bankfiókban történt leadását követően. Az e-bank azonosító kártya, illetve az e- azonosító szám blokkolás feloldásának díját a Hirdetmény tartalmazza.",0
"11.5.  A Vállalkozó köteles a kivitelezési szakipari munkák végzésekor a hatályban
lévő munka -, tűz- és környezetvédelmi szabályokat, szabványokat betartani, a
munkavállalóival, az általa foglalkoztatott személyekkel a technológiák,
berendezések alkalmazása, hasz nálata és üzemeltetése során azokat
betartatni.",3
"2.3. A vállalkozói díj magában foglalja a Vállalkozó  tevékenységének,
munkavégzésének díját, valamint a felmerült szükséges ráfordításokat, (mint túlóra,
éjszakai vagy munkaszüneti napokon történő munkavégzés, stb.). Vállalkozó  a
költségvetés, valamint a szerződés mellékleteiben felsorolt dokumentációk és
dokumentumok hibájára való hivatkozással többletmunkák elszámolására nem
jogosult. A vállalkozói díj magában foglalja különösen, de nem kizárólagosan:
• a Vállalkozó által beépítésre kerülő valamennyi anyag árát,
• a Vállalkozónál felmerülő munkabéreket és járulékait,
• az anyagszállítási és csomagolási költségeket
• a teljesítéshez szükséges ideiglenes mellékteljesítmények, illetve a
vízszintes és függőleges anyagmozgatás költségeit,
• az elvégzett munkák megóvási költségeit,
• valamint az építés munkákhoz kapcsolódó – vállalkozót terhelő –
helyreállítási munkák költségeit,
• a munkaszervezési költségeket (organizációs költségeket, stb.)
• a munkaterületre történő felvonulás és az onnan történő levonulás
költségeit,
• az ajánlatátadás és az átadás közötti árváltozásból és inflációs hatásból
eredő költségeket,
• a garanciális és szavatossági körben végzendő munkák fedezetét
• továbbá valamennyi egyéb költséget is, amely a Vállalkozó
szerződésszerű teljesítéséhez szükséges.",3
"Az 1. kocsiosztályra kiadott felár 2. kocsiosztályon történő utazásra nem használható fel. Az 1. kocsiosztályra érvényes felár visszatérítéséhez az igazolást a jegyvizsgálótól kell kérni, amelyet a jegyvizsgáló akkor állíthat ki vasúthibából, ha az utas által igénybe venni kívánt vonat az előzetes meghirdetés ellenére nem továbbít 1. kocsiosztályú járművet/járműrészt.",2
"A 373/2021. (VI. 30.) Korm. rendelet hatálya alá eső jótállás esetén az ott rögzítettek szerint érvényesítheti a fogyasztó jótállási jogait. Ha a gyártó meghatározott áru tekintetében meghatározott időtartamra a tartósságra vonatkozó jótállást nyújt, a fogyasztó közvetlenül a gyártótól követelheti a tartósságra vonatkozó jótállás teljes időtartama alatt, hogy az áru hibáját javítsa ki, vagy az árut cserélje ki, a kellékszavatossági jogok gyakorlására vonatkozó szabályok szerint.",3
"Előfizető a Szolgáltatás igénybevétele és a Szolgáltatóval való kapcsolattartás során köteles az adott helyzetben
általában elvárható magatartást tanúsítani, a rendeltetetésellenes és visszaélésszerű magatartástól tartózkodni, a
Szolgáltató munkatársainak emberi méltóságát tiszteletben tartani és személyhez fűződő jogainak a megsértésétől
tartózkodni. A Szolgáltatás rendeltetetésszerű használatára vonatkozó további feltételeket az ÁSZF 1. és 5. számú
mellékletei tartalmazzák.",3
"3.2.1.3. A Banknál megnyitható lakossági bankszámlák típusát és kondícióit, a szerződéskötés előfeltételeit a Bank mindenkor hatályos Hirdetménye tartalmazza.",3
c) Felek közös írásbeli megegyezésével a Bank és az Számlatulajdonos által meghatározott időpontban;,2
"11.5. A webáruházak szerzői jogi védelmet élveznek, felhasználásuk a hivatkozás kivételével kizárólag a Szolgáltató előzetes, írásos hozzájárulásával lehetséges.",4
"10.5 A távhőszolgáltatás díja együttesen, vagy külön-külön épületrészenként is elszámolható. Épületrészenkénti díjmegosztás esetén a hődíj épületrészenkénti (lakásonkénti) megosztásának arányait az épületrészek tulajdonosainak egymás közötti megállapodása alapján a BKM NONPROFIT Zrt-vel a Felhasználó képviselője közli. A Felhasználó képviselője - megfelelő felhatalmazás mellett - kezdeményezheti a hődíj szétosztási arányainak megváltoztatását, melyet a www.fotav.hu honlapon elérhető, E-ügyfélszolgálati felületen feltölt, vagy rögzít és jóváhagy, amelynek alapján a BKM NONPROFIT Zrt. legkésőbb a bejelentést követő második hónaptól kezdődően a számlázást módosítja. A Felhasználó képviselőjének felhatalmazását a BKM NONPROFIT Zrt. nem köteles vizsgálni, a felhatalmazás hiányából származó kifogásokért és károkért a BKM NONPROFIT Zrt. nem tartozik felelősséggel. Ha a BKM NONPROFIT Zrt. a hőközpontban mért hőmennyiséget és annak díját a Felhasználó képviselője által megadott arányok szerint osztotta szét, az arányok megállapításával kapcsolatos díjfizetői kifogások rendezése közvetlenül a Felhasználó feladata. Ha a Felhasználó a díjat nem együttesen fizeti, de a díjszétosztási arányokról nem rendelkezik, a BKM NONPROFIT Zrt. a hődíjat az egyes épületrészek légtérfogata arányában osztja szét a díjfizetők között.",0
"7. A Felhasználó kötelessége, hogy haladéktalanul közölje a BKK Zrt.-vel, amennyiben hibát észlel, továbbá az ezzel kapcsolatos minden körülményt. A Felhasználó kötelezettséget vállal arra, hogy a BKK Zrt. útmutatásainak megfelelően szorosan együttműködik a BKK Zrt.-vel a hiba meghatározása, illetve a hiba elhárítása során, valamint a hiba kivizsgálásához szükséges minden információt a BKK Zrt. rendelkezésére bocsát.",4
"1.2.3. A Megrendelés véglegesítésével az Ügyfél/Vásárló kijelenti, hogy az általa megadott, a vásárláshoz szükséges adatok a valóságnak megfelelnek, és hozzájárul, hogy azokat az  Eladó Megrendelés teljesítése céljából felhasználja, kezelje, különösen, hogy szükség esetén, az Eladó felvegye a kapcsolatot vele a megadott elérhetőségek (email vagy telefon) bármelyikén. A Megrendelés véglegesítésével az Ügyfél vállalja, hogy az általa megjelölt fizetési módon a Megrendelés ellenértékét kiegyenlíti, ennek elmaradása esetén a Megrendelés teljesítését az Eladó megtagadhatja. (A rendelés folyamata: https://www.emag.hu/info/hogyan-rendelhetek-online)",1
"2.3. A szerzői jogok összessége és az adatbázis előállítójának védelmét megillető jogok, továbbá a fentiek szerint megszerzett felhasználási jog jogosultja Üzemeltető. A Weboldalak bármely elemének, tartalmának engedély nélküli felhasználása, így különösen, de nem kizárólagosan másolása, módosítása vagy újbóli közzététele – Üzemeltető kifejezetten erre irányuló felhasználási engedélye nélkül – polgári jogi és büntetőjogi felelősséget von maga után. Üzemeltető minden jogi eszközt igénybe vesz és fellép a jogellenes cselekményekkel szemben. A Weboldalakon elérhető adatbázis egésze vagy része nem használható fel és nem hasznosítható Üzemeltető előzetes írásbeli engedélye nélkül, így különösen tilos a Weboldalak, az azokon elérhető adatbázis egészét, bármely részét felhasználni, sokszorosítani, másolni, újraközölni, terjeszteni, kivéve, ha Üzemeltető egyértelműen és kifejezetten ehhez külön hozzájárul. Üzemeltető a Weboldalak tartalmának bármely részét vagy egészét bármikor, előzetes értesítés nélkül módosíthatja vagy visszavonhatja.",2
"5.3.1. A Weboldalon a hirdetések alapértelmezetten vételár szerint növekvő sorrendben kerülnek kilistázásra, az azonos vételárral meghirdetett hirdetések esetén az időrendben később feltöltött hirdetések kerülnek előrébb a találati listában. A kiemelt hirdetéseket K ikon jelöli a hirdetés jobb alsó sarkában. A megjelenítés sorrendjét emellett jelen pontban foglaltaknak megfelelően befolyásolják a Felhasználók által megvásárolt kiemelések is. A Felhasználóknak lehetőségük van a találati lista oldalon egyéni preferenciáiknak megfelelő rendezési sorrend kialakítására márka, évjárat, vételár vagy távolság szerint növekvő vagy csökkenő sorrend beállításával, erre a a találati lista oldal jobb felső sarkában elhelyezett “Rendezés” funkciót használhatják. A Felhasználó által beállított rendezési preferencia keretein, illetve az alapértelmezett sorrenden belül a Szolgáltatás keretei között megvásárolható kiemelések, illetve az egyéb rendezési elvek az alábbiak szerint befolyásolják a találati lista sorrendjét:  I.​  Top Hirdetés Kiemeléssel feladott hirdetések: Ha a szűrési feltételeknek megfelelően elérhető ilyen hirdetés, az a találati lista legelején fog feltűnni. Kizárólag gyártmány alapján történő keresés (szűrés) esetén az adott gyártmány egyes típusaira az érintett időszakban megrendelt valamennyi TOP hirdetés kiemelésű hirdetés a feladás időpontja szerinti sorrendben jelenik meg (a legrégebben feladott Top Hirdetés Kiemeléssel rendelkező hirdetés kerül a találati lista elejére).  II.​  Garanciális kiemeléssel és Előre Rendezéssel(Találati Listás kiemelés) feladott hirdetések : a TOP hirdetés kiemelés után következnek azon hirdetések, amelyek Garanciális és Előre Rendezés kiemeléssel együttesen rendelkeznek.  III.​  Garanciális kiemeléssel feladott hirdetések: a kizárólag Garanciális kiemeléssel rendelkező hirdetések a Garanciális és Előre Rendezés kiemeléssel rendelkező hirdetések után kerülnek megjelenítésre a találati listában.  IV.​  Előre Rendezéssel (Találati Listás kiemelés) feladott hirdetések: A Találati Listás kiemeléssel rendelkező hirdetések a Garanciális kiemeléssel rendelkező hirdetések után kerülnek megjelenítésre a találati listában.  V.​  Kiemeléssel nem rendelkező, ármegjelenítéssel feladott hirdetések: a Felhasználó által megjelenített rendezési sorrend szerint kerülnek megjelenítésre az I-IV. pontban meghatározott hirdetéseket követően a találati listában.  VI.​  Kiemeléssel nem rendelkező, vételár nélkül feladott hirdetések: Az árfeltüntetéssel ellátott hirdetéseket követően jelennek meg a találati listában, a feladási időnek megfelelő sorrendben (a rendezés a legújabb vételár nélkül feladott hirdetéstől a legrégebbi felé halad).  VII.​  Kiemeléssel nem rendelkező, “Csak Bérelhető” kategóriában feladott hirdetések: A Vételár nélkül feladott hirdetéseket követően jelennek meg a találati listában, a feladási időnek megfelelő sorrendben (a rendezés a legújabb “Csak Bérelhető” hirdetéstől a legrégebbi felé halad).  A képek nélkül feltöltött, vagy lejárt képcsomaggal rendelkező hirdetések az előző I-VII. kategóriákon belül, minden esetben az adott kategóriában képekkel megjelenített hirdetéseket követően kerülnek megjelenítésre a találati listában.",2
"Propán-bután gáz személyenként 1 db, legfeljebb 5 kg töltetű palackban vihető be az olyan autóbuszba, ahol biztonságosan rögzíthető az utasok mozgásának akadályozása nélkül. A gázpalackot az autóbuszon zárt állapotban, védőkupakkal ellátva – állítva – úgy kell elhelyezni és rögzíteni, hogy el ne mozdulhasson.",3
"2.2.2. A Bank nyilvántartásba még be nem jegyzett jogi személy és szövetkezetek részére megnyitott pénzforgalmi Bankszámla terhére és – az alapítói vagyon kivételével – javára fizetési megbízást mindaddig nem teljesít, amíg a Számlatulajdonos nem igazolta, hogy nyilvántartásba történő bejegyzése iránti kérelmét benyújtotta, valamint adószámát és statisztikai számjelét nem közölte",3
"43. A Felek kölcsönösen tudomásul veszik, hogy a közöttük létrejövő finanszírozási szerződés, valamint a finanszírozási adatok nyilvánosak, abba harmadik fél korlátozás nélkül betekinthet, térítés ellenében másolatot, illetve kivonatot kérhet.",3
"17.3 Jogválasztás. Ha Ön az Európai Unió valamely országának lakosa, akkor a jelen Feltételekre, valamint a közöttünk és Ön között esetlegesen felmerülő bármilyen jogvitára az adott ország jogszabályai az irányadók. Ha Ön az Európai Unión kívüli lakos, akkor Írország törvényei az irányadóak. Az Egyesült Nemzetek Szervezetének az áruk nemzetközi adásvételi szerződéseiről szóló egyezménye nem vonatkozik az Ön és köztünk létrejött szerződésre vagy a jelen Feltételekre.",2
"4.2. Felhasználó a megvásárolni kívánt áru, áruk darabszámát beállítja.",3
"Előfizető az Előfizetői Szerződésben szereplő adatokban bekövetkezett változást – ideértve a számlázási cím
változását is – köteles haladéktalanul, de legkésőbb az adatváltozást követő 15 (tizenöt) napon belül bejelenteni a
Szolgáltatónak. A Szolgáltató a rendelkezésére bocsátott előfizetői adatokban bekövetkezett változások
haladéktalan bejelentésének elmulasztásából eredő károkért nem vállal felelősséget, azonban az Előfizető
szerződésszegésére tekintettel, az ezzel kapcsolatosan felmerülő kárának megtérítését követelheti az Előfizetőtől.",2
"Ha belföldi forgalomban a Küldemény kézbesítése – vagy annak megkísérlése – a feladástól számított tizenöt napon belül nem történik meg, a Küldeményt elveszettnek kell tekinteni, és a kártérítésre a Küldemény elvesztésére vonatkozó szabályokat kell alkalmazni. ",4
"6.4 Nem támogatjuk és nem hagyjuk jóvá a Felhasználói beküldéseket, és azok nem tükrözik a mi álláspontunkat. Kifejezetten kizárunk minden felelősséget a Felhasználói beküldésekre vagy az azokból eredő károkra vonatkozóan. Elvárjuk a felhasználóktól, hogy magas szintű integritást tartsanak fenn, amikor olyan Felhasználói beküldéseket nyújtanak be, amelyek más felhasználók számára is megtekinthetők, különösen a termékek pontozása és értékelése tekintetében. Ön vállalja, hogy a más felhasználók által megtekinthető Felhasználói beküldéseket jóhiszeműen, a valóságnak megfelelően és kizárólag az Ön saját tapasztalatai alapján teszi. Ön vállalja továbbá, hogy jól láthatóan jelzi, ha egy Felhasználói beküldés bármilyen módon szponzorált vagy fizetett. Ön tudomásul veszi, hogy nem vagyunk kötelesek a Felhasználói beküldéseken előszűrést végezni, bár fenntartjuk a jogot, hogy előszűrjük, visszautasítsuk, kizárjuk vagy eltávolítsuk a Felhasználói beadványokat. A jelen Feltételek elfogadásával Ön visszavonhatatlan hozzájárulását adja az ilyen ellenőrzésekhez és moderációkhoz. Abban az esetben, ha előszűrést végzünk, visszautasítunk, kizárunk vagy eltávolítunk bármilyen Felhasználói beküldést, Ön tudomásul veszi, hogy ezt a Szolgáltatások biztonságának és integritásának fenntartása érdekében tesszük. A fentiek korlátozása nélkül jogunkban áll eltávolítani minden olyan Felhasználói beküldést, amely sérti a Feltételeket vagy más módon kifogásolható.",2
3. Az Alkalmazást a Felhasználó csak jogszabályok által megengedett módon használhatja.,4
"6. A jelen ÁSZF módosítását a BKK Zrt. a módosítás hatályba lépését legalább 15 (tizenöt) naptári nappal megelőzően közzéteszi a www.bkk.hu/budapestgo weboldalon és a BudapestGO alkalmazásban a Továbbiak/Beállítások/Dokumentumok menüpontban, továbbá a BudapestGO regisztrált felhasználóknak elküldi e-mailben is.",4
"9.7. A felek vitás ügyeiket elsősorban békés úton próbálják rendezni, ennek eredménytelensége esetén a Pp. rendelkezései az irányadóak. Pp. 26.§ (1) bekezdés: „A vállalkozás által fogyasztóval szemben, szerződéses jogviszonyból eredő igény érvényesítése iránt indított perre - törvény, az Európai Unió kötelező jogi aktusa, illetve nemzetközi egyezmény eltérő rendelkezése hiányában - az alperes belföldi lakóhelye szerinti bíróság kizárólagosan illetékes. Belföldi lakóhely hiányában e kizárólagos illetékesség az alperes belföldi tartózkodási helyéhez igazodik; ha az alperes tartózkodási helye ismeretlen vagy külföldön van, az utolsó belföldi lakóhely az irányadó. Ha az utolsó belföldi lakóhely nem állapítható meg, az illetékességet az általános szabályok szerint kell megállapítani.”",1
Aukciótörlés esetén a törölt tranzakció a feltöltéskor megadott tulajdonságokkal nem indítható újra.,4
"13. A Fogyasztó tudomásul veszi, hogy az Alzától történő termékvásárlás során a Fogyasztó nem jogosult az Alza szerződéses partnerei, illetve az Alza által bejegyzett védjegyek, kereskedelmi nevek, céglogók stb. – a szokásos magánfelhasználás mértékét túllépő, így különösen üzleti célú – használatára. Ettől a rendelkezéstől csak egyedi megállapodás alapján lehet eltérni.",2
"4. Jelen ÁSZF-fel kapcsolatos minden vitás kérdést a Felek békés úton kísérelnek meg megoldani. A békés úton nem rendezhető vitás kérdéseket a Felek a mindenkor hatályos polgári perrendtartás szerint hatáskörrel rendelkező, illetékes bíróság előtt rendezik.",1
"A Vevővel szembeni bármilyen követelés engedményezése (ideértve annak faktorálását is), illetve a Vevővel szembeni bármilyen követelésen zálogjog alapítása csak a Vevő előzetes írásos jóváhagyásával lehetséges. A Vevő írásos jóváhagyása nélküli engedményezéssel, zálogjog alapítással az Eladó szerződésszegést követ el a Vevővel szemben, melynek alapján az Eladót kártérítési felelősség terheli.",2
"A különböző díjcsomagokban elérhető Szolgáltatásokat az ÁSZF 2. számú melléklete tartalmazza. Az
Ügyfélegyenleg feltöltése esetén az Egyenleg-felhasználási időszak hosszának kiszámítása minden esetben a
következők szerint történik:",3
"A meghívott Vendégnek a kapott link/kód alapján kell telepítenie a Mobilalkalmazást, valamint legalább 5000 Ft (ötezer Forint) értékben kell a Mobilalkalmazásban vásárolnia 2 héten belül, akár több vásárlás alatt is. Ennek teljesítése esetén 50-50 pontot kap a meghívott és a meghívó Felhasználó is.",4
"14. A Szolgáltató köteles a jogszabályokban foglaltak alapján az ellátás-igénybevételi jogosultságot ellenőrizni és ennek eredményéről a szolgáltatást igénybevevőt tájékoztatni, de az ellenőrzés eredményére való hivatkozással a szerződött szolgáltatások nyújtását nem tagadhatja meg. A Szolgáltató tudomással bír a jogviszony ellenőrzésére, illetve annak elmaradására vonatkozó jogszabályi előírásokról.",1
"Ugyanazon hiba miatt kellékszavatossági és jótállási igény, illetve termékszavatossági és jótállási igény egyszerre, egymással párhuzamosan nem érvényesíthető. A jótállásból fakadó jogok azonban a Fogyasztót az 1. és a 2. pontban meghatározott jogosultságoktól függetlenül megilletik.",2
"7.15. Felhasználó kijelenti, hogy a Szolgáltatás igénybevétele során megadott adatai a valóságnak megfelelnek. Üzemeltető kizárja felelősségét a Szolgáltatás igénybevétele során megadott téves, hibás vagy hamis adatok vagy e-mail cím megadásából eredő kárért, valamint a hirdetésben közzétett tartalomért (pl.: elírás, tévedés jogának fenntartása).",4
"6.10. A beszámolót a Lebonyolító a beérkezést követő 120 napon belül  megvizsgálja. A beszámoló
elfogadásáról vagy elutasításáról szóló döntést követő 5 napon belül a Lebonyolító értesíti
a Kedvezményezettet. Kedvezményezett köteles a támogatás felhasználását alátámasztó
dokumentumokat, számviteli bizonylatokat a számvitelrő l szóló 2000. évi C. törvény
vonatkozó rendelkezése szerint 8 évig megőrizni . Amennyiben a dokumentumok
fellelhetőségi helye megváltozik, arról Kedvezményezett haladéktalanul, de legkésőbb 8
napon belül írásban értesíti Lebonyolítót.",2
"(3) Amennyiben a Nemzetközi Kártyaszervezet a Kártyabirtokost terhelő díjait, költségeit módosítja, a kártyatársasági díjstruktúra és a díjszabásra vonatkozó szabályok változnak, vagy új díjtétel kerül bevezetésre, a változást követően a Bank a módosított díjakkal, költségekkel jogosult a számlát megterhelni.",3
Az aktuális feltételeket a webáruházban jelenítjük meg itt: https://www.fonallak.hu/szallitasi-feltetelek-274. ,4
"A Szolgáltató jogosult tiltó listára helyezni azon Eszközt is, amelynek igénybevételével az Előfizető akadályozza,
vagy veszélyezteti a Szolgáltató hálózatának rendeltetésszerű működését, így különösen a megfelelőség-
tanúsítással nem rendelkező vagy nem megfelelő interfésszel rendelkező, valamint az előfizetői szolgáltatást
hálózati szolgáltatás nyújtására használó Eszközt.",2
"A személyes átadással kézbesítendő könyvelt postai küldemény igazolt átvételi jogosultsággal és igazolt személyazonossággal rendelkező címzettnek vagy az egyéb jogosult átvevőnek – az erre szolgáló okiraton vagy a kézbesítés tényét rögzítő eszközön az átvevő személyazonosságának igazolására alkalmas okmány elnevezése, betűjele és száma postai szolgáltató által történő rögzítését követően – kézbesíthető. A személyazonosság és az átvételi jogosultság igazolásával kapcsolatos részletes technikai szabályokat, valamint a személyazonosság és az átvételi jogosultság igazolásának módját a Postatörvény felhatalmazása alapján kiadott kormányrendelet állapítja meg. A DPD a személyazonosság igazolását – ha az e küldemények kézbesítése nem levélszekrénybe történő elhelyezéssel történik és az átvétel érdekében a kézbesítési ponton megjelenő személy átvételi jogosultsága vagy a személyazonossága kétséges – nem könyvelt postai küldemény, valamint rögzített ajánlott levélküldemény kézbesítése esetén is kéri.   ",0
"2.2.1. A sikeres Tranzakciók után a Vatera sikerdíjra (jutalék) jogosult. A Felhasználó a Tranzakciót követően visszajelzést ad a szerződés teljesítéséről, illetve a tranzakció sikerességéről a Vaterának. A Felhasználónak ehhez a felhasználói fiókból elérhető visszajelzési panelt kell a Tranzakciót követően kitöltenie. A jutalék alapját jelentő sikeres Tranzakciók létrejöttével kapcsolatban a Vatera kizárólag a felhasználók visszajelzéseit, vagy a visszajelzésre szolgáló határidő visszajelzés nélküli elteltét veszi figyelembe a jelen ÁFF-ben foglaltak szerint - ide nem értve a 2.2.2. és 2.2.3. pont szerinti esetet - amely során nem vizsgálja a felhasználói visszajelzések valóságtartalmát, az esetleges szerződésmódosításokat és azt sem, hogy az ellenérték megfizetésre került-e, illetve milyen összegben.",2
"89. A kárveszély a terméknek a Fogyasztó (vagy a Fogyasztó engedélyével más személy) részére való átadásával (birtokba adásával az Alza vagy a szállítmányozó partnere által) átszáll a Fogyasztóra. A kárveszély átszállásával a másra át nem hárítható kárt a termék tulajdonosa (a Fogyasztó) viseli. Ez azt jelenti, hogy az átadás után a megvásárolt termék sérüléséért, elvesztéséért az Alza már nem felel (ide nem értve azokat az eseteket, amikor hibás teljesítés történt).",2
"A Járművezető, valamint a Forgalmi- és utasellenőr, a munkavégzésük során közfeladatot ellátó személynek minősülnek (Btk. 459.§ 12. pont).",3
"Panaszügyintézés és jogérvényesítési lehetőségek - A fogyasztó az Árukkal kapcsolatos kellékszavatossági, termékszavatossági, jótállási igényt vagy az Eladó, vagy az Eladó érdekében vagy javára eljáró személynek az áru fogyasztók részére történő forgalmazásával, értékesítésével közvetlen kapcsolatban álló magatartására, tevékenységére vagy mulasztására vonatkozó, egyéni jog- vagy érdeksérelem megszüntetésére irányuló kifogását (az Fgytv. szerinti fogyasztói panaszt) az alábbi elérhetőségeken és módokon terjesztheti elő:",2
"X.3. Az ajándékkártya nem személyhez kötött és átruházható. A kártya a megvásárlás évében, valamint az azt követő teljes négy naptári évben érvényes. A követelés ezt követően elévül.",4
"A Vállalkozó általa okozott környezetszennyezés, illetve környezetkárosítás esetén köteles a helyszíni kárenyhítést azonnal megkezdeni (további szennyezés megakadályozása, lokalizálás). A Vállalkozó által észlelt környezetszennyezés, illetve környezetkárosítás esetén köteles a Megrendelőt azonnal értesíteni. Köteles ezekben az esetekben a Megrendelőt értesíteni a környezeti káresemény paramétereiről, úgymint: okok, szennyezőanyag milyensége, szennyezés mértéke, megtett és továbbiakban szükséges intézkedések. A káresemény hatósági bejelentése, az okok kivizsgálása és megszüntetése a Megrendelő környezetvédelmi szakemberével egyeztetett módon történik. ",4
"A személyes átadással kézbesítendő könyvelt postai küldeménynek a címhelyen való sikertelen kézbesítése esetén a küldeményt a postai szolgáltatóhelyen vagy az e célból üzemeltetett kézbesítési ponton a címzett rendelkezésére kell tartani, bejelentésköteles szolgáltatás esetén a postai szolgáltatási szerződés rendelkezései szerint kell eljárni. A rendelkezésre tartás helyéről, idejéről és az átvétel feltételeiről a címzettet értesíteni kell. A rendelkezésre tartás ideje nem lehet 5 napnál rövidebb. ",2
"12.2.4.  Veszélyes anyagok beszerzését
időben és mennyiségileg úgy kell szervezni, hogy a lehető legrövidebb ideig
kelljen a helyszínen tárolni és minimális hulladék keletkezzen.",4
A Társaság által biztosított Szolgáltatás igénybevételének és működésének jelen ÁFF-ben nem szabályozott szabályai tekintetében a Vatera Súgóban elérhető tájékoztatások irányadók.,4
"Amennyiben a páciens a szolgáltatásokat a hatályosan fennálló biztosítása terhére kívánja igénybe venni, tudomásul veszi, hogy a nyújtott szolgáltatások biztosítási körbe esésének vizsgálata a Mentaház Magánorvosi Központ Kft.- nek nem feladata és kötelessége, arról a Páciensnek kötelessége előzetesen tájékozódni, és amennyiben a vizsgákat(ok) köre meghaladja a biztosított ellátások körét, és azt már nem kívánja igénybe venni, úgy ennek tényét a vizsgálat megkezdése előtt köteles a Mentaház Magánorvosi Központ Kft.-vel közölni. A Mentaház Magánorvosi Központ Kft. nem vizsgálja, hogy a páciens jogosult –e utólagos elszámolás benyújtására a biztosítónál.",2
"2.6.2.2. A Bank a pénzforgalmi Bankszámla kiegészítéseként azon Számlatulajdonosoknak – akik tevékenységükhöz kapcsolódóan letétkezelést folytatnak –, a Hirdetményben meghatározott devizanemű letéti számla nyitását, és annak vezetését vállalja. A Számlatulajdonos tudomásul veszi, hogy a letéti számla önmagában nem nyitható, csak a pénzforgalmi Bankszámla mellé, és a letéti számlán saját pénzeszközt nem helyezhet el, és az azon elhelyezett összeget saját céljára nem használhatja fel.",1
"4.3.2. Fényképes hirdetés közzététele ellenérték megfizetése mellett (Képcsomag): Az Üzemeltető közzéteszi az Egyedi hirdetési szerződéssel nem rendelkező Felhasználó fényképes hirdetését az általa meghirdetni kívánt személyautó vagy kishaszongépjármű “vételár” mezőben megjelölt vételárához sávosan igazodó ellenérték megfizetése mellett (aktuális árak az alábbi oldalon érhetőek el) az alábbiak szerint: (i) egy fényképes hirdetéshez az Egyedi hirdetési szerződéssel nem rendelkező Felhasználó maximum 12 darab fényképet tölthet fel (ii) Képcsomag vásárlása 30 napos hirdetési periódust jelent, azaz a fényképes hirdetés a Képcsomag vásárlásának napjától számított 30 napig jelenik meg, de az Egyedi hirdetési szerződéssel nem rendelkező Felhasználó jogosult hirdetését maximum a Végső Lejárat Napjáig meghosszabbítani (iii) az Egyedi hirdetési szerződéssel nem rendelkező Felhasználó a fényképes hirdetését legkorábban a lejárat előtt 7 nappal, de legkésőbb az aktuális hirdetési periódus 30. napjáig (23:59) hosszabbíthatja meg újabb 30 napos hirdetési periódusra (iv) amennyiben az aktuális hirdetési periódus utolsó napjáig az Egyedi hirdetési szerződéssel nem rendelkező Felhasználó nem hosszabbítja meg a fényképes hirdetését, úgy annak további hosszabbítására nincs lehetőség (v) A Közzététel Napjától számított 360. napon a hirdetés közzététele megszűnik és a továbbiakban nincs mód annak meghosszabbítására (Végső Lejárat Napja) sem ingyenesen, sem ellenérték megfizetése mellett (vi) amennyiben az Egyedi hirdetési szerződéssel nem rendelkező Felhasználó a hirdetésében nem jelöl meg vételárat a “vételár” mezőben, úgy a hirdetés fényképekkel való közzétételére csak a mindenkori legmagasabb hirdetési ellenérték megfizetése mellett van lehetősége (vii) amennyiben az Egyedi hirdetési szerződéssel nem rendelkező Felhasználó hirdetéséhez kiemelést vásárol és a Végső Lejárat Napjáig hátralévő napok száma kevesebb, mint a kiemelés időtartama, úgy a kiemelés maximum a Végső Lejárat Napjáig tarthat (viii) amennyiben az Egyedi hirdetési szerződéssel nem rendelkező Felhasználó a már közzétett hirdetésében utóbb módosítja a vételárat a “vételár” mezőben és a módosítás következtében magasabb hirdetési ellenérték kategóriába esik a hirdetés közzétételének díja, úgy köteles a hirdetési periódusból hátralévő napokkal időarányosan az ellenérték különbözetét megfizetni. A hirdetési periódus lejártát követően annak meghosszabbítása csak a magasabb díj kategória megfizetésével történhet",0
"A jelen ÁSZF rendelkezéseit a Vevő, illetve a Látogató a jegy vagy bérlet megvásárlásával vagy felhasználásával magára nézve kötelezőnek fogad el.",3
3.2. A Bank automatikusan gondoskodik a lejáró Főkártya és Társkártya megújításáról. A megújított Hitelkártya kibocsátásának költségei (éves kártyadíj) a Számlatulajdonost terhelik. A Hitelszámlához kapcsolódó Főkártya jelen ÁSZF II. 3.3.3. pontja szerint szüntethető meg. A Megújított hitelkártya a rajta szereplő lejárati időpontig használható.,1
"14.16 Épületrész leválása esetén az épületrészben a távhő igénybevételének lehetőségét a Felhasználó költségviselésével a BKM NONPROFIT Zrt. által jóváhagyott tervek és műszaki leírások szerint meg kell szüntetni. A hőleadó berendezéseket le kell választani az épület felhasználói rendszeréről, valamint meg kell felelni az Önk. Rend 22.§-ban foglalt egyéb feltételeknek is. Az átalakítási munkálatok befejezését a Felhasználó köteles a BKM NONPROFIT Zrt. részére írásban bejelenteni, mellékelve a kivitelező nyilatkozatát arról, hogy az átalakítás a benyújtott terveknek megfelelően készült el. A BKM NONPROFIT Zrt. a megvalósítást a bejelentést követő nyolc (8) munkanapon belül a helyszínen ellenőrzi, az ellenőrzés eredményét jegyzőkönyvben kell rögzíteni.",1
Általános Szerződési Feltételek Törzsrész,4
"1. Az OTP Bank Nyrt. az egyes Ügyfeleiről rendelkezésére álló minden olyan adatot, tényt, információt, amely az Ügyfél személyére, adataira, vagyoni helyzetére, üzleti tevékenységére, gazdálkodására, tulajdonosi, üzleti kapcsolataira, valamint számlájának egyenlegére, forgalmára, továbbá a bankkal kötött szerződésére vonatkozik, - az ügylet jellegétől függően – banktitokként, illetve értékpapírtitokként kezel. Természetes személyek ezen adatai vonatkozásában a személyes adatok védelmére vonatkozó szabályok is alkalmazandók.",3
"A Vállalkozó kötelezettséget vállal arra, hogy nem folytat (és korábban sem folytatott) olyan kényszerítő magatartást, összehangolt magatartást, korrupt magatartást és megtévesztő (csalásra irányuló) magatartást, amely versenyjogi és/vagy büntetőjogi következményt vonhat maga után (a továbbiakban egységesen: “tiltott magatartás”), ilyenben nem működik (és korábban sem működött) közre. A Megrendelő (nem érintve ezzel a szerződésszegés esetén igénybe vehető egyéb jogorvoslati és jóvátételi lehetőségeket) jogosult azonnali hatállyal írásban felmondani a jelen szerződést, amennyiben úgy ítéli meg, hogy a Vállalkozó tiltott magatartást folytat (folytatott), vagy ilyenben közreműködik (korábban közre működött). ",2
"Míg mi segítünk Önnek az ügyfélszolgálattal és a rendelések visszaküldésével, Ön elfogadja, hogy (i) a termékek megvásárlására vonatkozó szerződés kizárólag Ön és egy harmadik fél kereskedőpartner között jön létre, és a Temu nem szerződő fél, és nem a kereskedőpartner ügynöke vagy képviselője, továbbá (ii) adott esetben Ön a megvásárolt termékek importőreként jár el, és ezennel felhatalmaz bennünket arra, hogy jelöljön ki egy szállítmányozót, aki az Ön közvetlen képviselőjeként jár el, és az Ön nevében fizeti a vámokat, adókat és díjakat.",1
1.15 A Szolgáltatás igénybevételekor saját természetbeni tartózkodási helyétől függetlenül a Felhasználó vállalja a magyarországi hatályos jogszabályok betartását a Felhasználói Tartalomban.,3
"Jelen Üzletszabályzat rendelkezései az utazásszervező és -közvetítő tevékenységről szóló 213/1996. (XII. 23.) Korm. rendelet szerinti tevékenységekre csak akkor alkalmazandók, ha az utazási szerződés kifejezetten így rendelkezik.",0
"5. (1) Az új Adatlapon rögzített kétoldalú szerződésmódosítás kezdeményezésére a Szerződő fél, illetve a Bank jogosult.",4
"Eszmr.: az elektronikus hírközlési szolgáltatás minőségének az előfizetők és felhasználók védelmével összefüggő követelményeiről, valamint a díjazás hitelességéről szóló 13/2011. (XII. 27.) NMHH rendelet",1
"− Amennyiben a Hitelfevevő az elektronikus szerződéskötést választja, abban az esetben a Diákhitel Központ adategyeztetést folytat le a Központi Azonosítási Ügynök szolgáltatás, valamint a Személyiadat- és Lakcímnyilvántartás szolgáltatás igénybevételével a név, születési hely és idő, anyja neve és lakcímadatokra vonatkozóan. Sikeres adategyeztetést követően a Diákhitel Központ az Összerendelési Nyilvántartás szolgáltatás igénybevételével adategyeztetést folytat le az adóazonosító jel vonatkozásában. A sikeres adóazonosító jel-egyeztetést követően a Diákhitel Központ a Diákhitel Direkt felületén felkínálja az elektronikus hiteligénylési dokumentumokat a Hitelfevevőnek azonosításra visszavezetett dokumentumhitelesítési szolgáltatás útján történő elektronikus aláírásra. Amennyiben a központi nyilvántartásban tárolt adatok eltérnek a hiteligénylés során a tanulmányi rendszerből átvett, vagy a Hitelfevevő által megadott adatoktól, a hiteligénylés elutasításra kerül. A hiteligénylés befejező lépéseként a Hitelfevevő a DH1 Hitelszerződést és DH1 Hiteligénylési Adatlapot elektronikusan aláírja. A Hitelszerződés és a Hiteligénylés Adatlap letölthető, nyomtatható formában kerül feltöltésre a Hitelfevevő Diákhitel Direkt postafiókjába.",1
5. A teljesítés,4
"1.3    A felhasználói fiók létrehozásnak, illetve a Webáruházban történő megrendelés leadásának feltétele, hogy a Felhasználó elfogadja és magára nézve kötelezőnek ismerje el a jelen ÁSZF-ben foglaltakat.",3
2. Az ÁSZF elérhetősége,4
1.19 Az Üzemeltető a Felhasználó Felhasználói Fiókját a Felhasználó által a Szolgáltatásban regisztrált további Felhasználói fiókja(i) tevékenységéért is korlátozhatja.,0
"Ha a szerződés meghatározott időtartamon keresztül nyújtott folyamatos szolgáltatásról rendelkezik, az ellenszolgáltatás arányos leszállításának arra az időtartamra kell vonatkoznia, amely időtartam alatt a szolgáltatás nem volt szerződésszerű.",4
"3.1. A Szerződő felek megállapodnak abban, hogy a Megrendelő munkavégzésre
alkalmas állapotban köteles a munkaterületet átadni, az átadás -átvételt a felek az
elektronikus építési naplóban rögzítik. Építési engedélyhez kötött létesítménynél a
helyszíni munkákat, csak az építési engedély jogerőre emelkedését követően lehet
megkezdeni. Egyéb - hatósági engedélyhez nem kötött  - munkák kivitelezését a
munkaterület átadás -átvételét, követően, az eljáráson meghatározott feltételek
figyelembevételével lehet megkezd eni. Vállalkozó kijelenti, hogy a szerződés
megkötése előtt megtartott helyszíni szemle révén kielégítően rendelkezik
adatokkal, tisztában van a szerződés tárgyát képező vállalás fajtájával, annak
nehézségével és tömegével, így információ hiányra hivatkozv a többlet és
pótkövetelésekkel nem áll elő.",2
"5.9.4. Az Ügyfél felel a Saját fiókjába történő belépésért, annak adott esetben történő automatikussá tételéért és a belépéshez szükséges jelszó meghatározásáért, megadásáért, valamint annak harmadik személy részére történő esetleges továbbításáért, hozzáférhetővé tételéért. Az ezekből eredő mindennemű felelősség az Ügyfelet A Saját fiókból leadott megrendelésért és az ahhoz kapcsolódó mindennemű, ügyféloldali tevékenységért a Saját fiók tulajdonosa felel, az eMAG e- tekintetben felelősségét kizárja.",4
"4. A jelen ÁSZF-ben kifejezetten megállapított feltételeken kívül a BKK Zrt. nem tesz semmilyen konkrét ígéretet a Szolgáltatásokkal kapcsolatban. Például semmilyen kötelezettséget nem vállal az Alkalmazáson belüli tartalmat, az Alkalmazás sajátos funkcióit vagy megbízhatóságát, rendelkezésre állását vagy a Felhasználó igényeinek kielégítésére alkalmasságát illetően. A BKK Zrt. a jogszabályok által megengedett mértékben a szavatosság valamennyi formáját kizárja.",2
bb) kártyatársasági díjszabásra vonatkozó szabályok változása.,4
"4.2.4. Ha a Számlatulajdonos nem kezdeményezi cégbírósági vagy egyéb nyilvántartásba vételét, vagy a nyilvántartásba vétel nem történik meg, az erről szóló dokumentumok Bank részére történő benyújtását követően a Bank a törzstőke letéti számlán elhelyezett összeget a befizető részére fizeti vissza.",2
"16.2 Alkalmazás-áruházak. Ön tudomásul veszi és elfogadja, hogy az Alkalmazás és a Szolgáltatások elérhetősége attól a harmadik féltől függ, akitől Ön az Alkalmazás licencét kapta, pl. az Apple App Store vagy a Google Play Store (együttesen „Alkalmazás-áruház”). Ön tudomásul veszi, hogy a Feltételek Ön és közöttünk, és nem az Alkalmazás-áruház között jönnek létre. Kizárólag mi (nem pedig az Alkalmazás-áruház) vagyunk felelősek a Szolgáltatásokért, beleértve az Alkalmazást, annak tartalmát, karbantartását, támogatási szolgáltatásait és az azokkal kapcsolatos garanciát, valamint az ezekkel kapcsolatos bármely követelés kezelését (pl. termékfelelősség, jogi megfelelés vagy szellemi tulajdon megsértése). Az Alkalmazás használatához vezeték nélküli hálózathoz való hozzáféréssel kell rendelkeznie, és Ön vállalja, hogy az ilyen hozzáféréssel kapcsolatos valamennyi díjat megfizeti. Ön vállalja továbbá, hogy megfizeti az App Store által a Szolgáltatásokkal, beleértve az Alkalmazást is, kapcsolatban felszámított valamennyi díjat és a vonatkozó adókat (ha van ilyen). Ön beleegyezik, hogy bármely Szolgáltatás használata során (az Alkalmazást is beleértve) betartja az alkalmazandó Alkalmazás-áruház által előírt valamennyi szerződési feltételt, és az Alkalmazás használatára vonatkozó engedély feltétele, hogy Ön megfeleljen ezeknek. Ön tudomásul veszi, hogy az Alkalmazás-áruház (és leányvállalatai) a Feltételek kedvezményezett harmadik felei, és jogosultak a Feltételek érvényesítésére.",0
"Minden Felhasználói beküldés tekintetében Ön számunkra teljes mértékben kifizetett, jogdíjmentes, nem kizárólagos, átruházható, továbblicencbe adható, az egész világra kiterjedő jogot és engedélyt biztosít (beleértve az esetleges személyhez fűződő jogokat is) arra, hogy a Felhasználói beküldéseket felhasználjuk, engedélyezzük, tároljuk, megjelenítsük, reprodukáljuk, megőrizzük, módosítsuk (például annak érdekében, hogy a Felhasználói beküldések különböző rendszereken és eszközökön megtekinthetők legyenek), származékos műveket hozzunk létre, nyilvánosan előadjuk, nyilvánosan bemutassuk, terjesszük, lefordítsuk, illetve más módon kezeljük. E jogok gyakorlása kizárólag a Szolgáltatások működtetése, marketingje és reklámozása érdekében történik, ideértve azt is, hogy a Felhasználói beküldéseket az Ön beállításainak megfelelően bemutassuk, megjelenítsük vagy előadjuk – mindig az alkalmazandó adatvédelmi és egyéb vonatkozó jogszabályokkal összhangban.",1
"A Fogyasztói tájékoztató kizárólag fogyasztónak minősülő Vevőkre vonatkozik, a fogyasztónak nem minősülő vásárlóra vonatkozó szabályok külön fejezetben szerepelnek.",4
"5.5. Az eMAG az értékesített Termékekről szóló számlát elsősorban elektronikus úton bocsátja a Vásárló rendelkezésére. A kiállított számla elektronikus formában elérhető az Ügyfél Saját fiókjából, illetve elektronikus üzenet (e-mail) formájában az elérési link megküldésre kerül a Saját fiókban megadott e-mail címre.",3
"Távollévők között jön létre a Szolgáltató és az Előfizető között az Előfizetői szerződés, ha az
Előfizető – az ÁSZF 2. számú mellékletében vagy az Előfizetői Szerződésben kifejezetten megjelölt
díjcsomagok esetében – a díjcsomagokat magában foglaló Termék csomagolásán vagy a Szolgáltató
egyéb tájékoztatójában feltüntetett díjmentesen hívható telefonszámra hívást indít, vagy a Termék
csomagolásán vagy a Szolgáltató egyéb tájékoztatójában feltüntetett internetes oldalt felkeresi, majd az
Előfizetői Szerződés megkötéséhez szükséges saját adatai megadásával elfogadja a jelen ÁSZF-et,
beleértve annak mellékleteit, köztük annak 2. számú mellékletét és az Előfizetői Szerződésben
foglaltakat. Az Előfizetői Szerződés az Előfizetői Szerződésben foglalt feltételek Előfizető általi,
elektronikus úton (így különösen: telefonon, internetes felületen) történő elfogadásával, mint az Előfizetői
Szerződés megkötésére irányuló ráutaló magatartással megtett Előfizetői nyilatkozat megtételével jön
létre.",2
"11.2. A Kedvezményezett továbbá köteles bármely, a támogatott programhoz kapcsolódó
eseményről (pl. díjátadó/kiállítás/konferencia) a Lebonyolító t elektronikus úton írásban
értesíteni. Az eseményről szóló értesítést elektronikus úton az ntp@nktk .hu e-mail címre
kell megküldeni, legkésőbb a rendezvény napját megelőző 20 nappal. A rendezvény
bejelentő lap letölthető  a www.nktk .hu honlapról. A bejelentő laphoz csatolni kell a jelen
ÁSZ F 11.5 . pontjában meghatározott arculati elemeket tartalmazó meghívót, plakátot is.


16 11.3. A Kedvezményezett tudomásul veszi, hogy a támogatás Kedvezményezet tjének nevére, a
támogatás céljára, összegére, továbbá a támogatási program megvalósítási helyére
vonatkozó adatok nyilvános ságra hozhatók.",3
8.3. A vállalkozás a fogyasztó nála bejelentett szavatossági igényéről jegyzőkönyvet köteles felvenni.,3
"37. A Szolgáltató a jegyzőkönyvben foglaltakra annak kézhezvételtől számított 8 napon belül írásban köteles nyilatkozni. Amennyiben a Szolgáltató a megjelölt határidőben a jegyzőkönyvben foglaltakra nem nyilatkozik, úgy az a jegyzőkönyv megállapításainak tudomásul vételét jelenti.",3
"Fogyasztói szerződés esetében ellenkező bizonyításig vélelmezni kell, hogy az áru és a digitális elemeket tartalmazó áru teljesítésének időpontjától számított egy éven belül felismert hiba már az áru teljesítésének időpontjában fennállt, kivéve, ha e vélelem az áru természetével vagy a hiba jellegével összeegyeztethetetlen. megtagadhatja az áru szerződésszerűvé tételét, ha a kijavítás, illetve a kicserélés lehetetlen, vagy ha az aránytalan többletköltséget eredményezne az Eladónak, figyelembe véve valamennyi körülményt, ideértve az Áru hibátlan állapotban képviselt értékét, valamint a szerződésszegés súlyát.",3
5.2. Egyedi hirdetési szerződéssel rendelkező Felhasználókra vonatkozó szabályok,4
"Vevő: az a Felhasználó, aki Terméket vásárol a Vaterán, amely Termék az Eladó szándéka szerint aukció keretében, illetve fix áron vásárolható meg;",3
"A Páciens elfogadja, hogy az orvosi szakma szabályainak, és ez által a rendelő belső szabályzatának megfelelően a vizit alkalmával indikált laboratóriumi, képalkotó vagy egyéb diagnosztikai eredmények kiértékelésére külön kontroll vizit keretében a további teendők, vizsgálatok, kezelés átbeszélésével együtt kerülhet sor.",4
"43. A Webáruházon keresztül történő vásárlás esetén az Alza és a Fogyasztó között a távollevők között kötött szerződés a Fogyasztó által küldött ajánlat (mely a rendelés leadásával valósul meg) Alza általi elfogadásával jön létre. A szerződés létrejöttéről (tehát az ajánlat Alza általi elfogadásáról) az Alza a Fogyasztónak külön e-mailt küld, melyben az Alza visszaigazolja a megrendelés teljesíthetőségét, egyúttal tájékoztatást nyújt a szállítási információkról. Ezen, a szerződés létrejöttét visszaigazoló e-mail tartalmazza a szerződés lényeges tartalmi elemeit is. Az Alza ebben az e-mailben küldi meg a Fogyasztók részére az ÁSZF-et és a számlát is.",2
"A Vállalkozó tudomásul veszi, hogy ha olyan okból, amelyért felelős, megszegi a Szerződést, akkor pénz (= kötbér) fizetésére köteles. A Vállalkozó a teljesítés késedelme, hibás teljesítése vagy meghiúsulása esetén kötbért köteles fizetni. A Megrendelő jogosult a kötbért meghaladó kárát és egyéb igényeit is érvényesíteni. ",4
"12.2 A Zalando ajándékkártyák beválthatók az www.zalando.hu weboldalon és a Zalando alkalmazásban olyan jogosult termékek vásárlására, amelyeket a Zalando SE vagy más eladók ( Zalando Partnerek) kínálnak fel. Jogosult áruk és szolgáltatások olyan termékek, amelyek adott személy megjelenését szolgálják (pl. ruházat, cipők). A részletek a következő linken találhatók: „Mire használhatom az ajándékkártyámat?”. Adott Zalando ajándékkártya nem használható fel másik Zalando ajándékkártya vásárlására.",2
"14.4 A felmondáshoz a távhővel ellátott épület tulajdonosi közösségének az összes tulajdoni hányad szerinti legalább négyötödének megfelelő szavazattöbbséggel meghozott határozatára van szükség. A hozzájárulások meglétét a Felhasználó köteles biztosítani, és erről köteles a BKM NONPROFIT Zrt. részére felelős nyilatkozatot tenni.",4
"13.5 A Felhasználó, illetőleg a Díjfizető részéről szerződésszegésnek minősül, ha: (a) a szerződésben meghatározott hőteljesítményt túllépi; (b) a mérőeszközt, vagy a mérőeszköz hitelességét tanúsító jelzést (plomba, fémzár, hitelesítési bélyegzés, matrica), vagy a mérőeszközön, annak beépítésekor a BKM Nonprofit Zrt. által elhelyezett és az arról mérésügyi jegyzőkönnyvben felsorolt jogi zára(ka)t (plombát) megrongálja, eltávolítja vagy - amennyiben a mérőeszköz olyan helyiségben van elhelyezve, amelybe a Felhasználó állandó bejutása, illetve felügyelete biztosított - ezek sérülését, illetve hiányát a BKM NONPROFIT Zrt. részére nem jelenti be; (c) a mérőeszköz befolyásolásával vagy megkerülésével - ideértve a mérőeszköz vagy annak hitelességét tanúsító jel megrongálását és eltávolítását is - távhőt vételez; (d) a korlátozási rendelkezéseknek nem tesz eleget; (e) a távhő vételezését a Szerződés felmondásával összefüggésben nem a Tszt 38.§ (2), (4) illetve (5) bekezdésében foglalt feltételekkel szünteti meg; (f) a távhő folyamatos és biztonságos szolgáltatását, illetőleg más Felhasználó vagy Díjfizető szerződésszerű távhővételezését zavarja vagy veszélyezteti; (g) a távhőszolgáltatás díját nem, vagy az Önk. Rend.-ben és a Szerződésben meghatározott határidőn túl, késedelmesen fizeti meg; (h) ha a díjfizetés kötelezettje a távhőszolgáltatás díját a BKM NONPROFIT Zrt. felszólítása ellenére az esedékesség lejártát követő 60 napon belül nem fizeti meg.",2
"3.2.4. A Bank a Megbízás alapján, annak teljesítésével kapcsolatban jogosult megterhelni a Számlát.",3
"A Fogyasztót terheli annak bizonyítása, hogy elállási jogát a 6. pontban meghatározott rendelkezéseknek megfelelően gyakorolta.",1
4.9. A Termék tulajdonjoga és az ezzel kapcsolatos kárveszély a mennyiségi átvétel helyén és az átadás-átvételi bizonylat (szállítólevél) kiállításának időpontjában száll át Vevőre.,3
"A. Kellékszavatosság Szolgáltató a Webáruházban megvásárolható termékekről, azok lényeges tulajdonságairól folyamatosan tájékoztatja a Megrendelőt. A termékeknek alkalmasnak kell lenniük azokra a célokra, amelyekre más, azonos fajtájú termékeket rendszerint használnak, rendelkezniük kell azzal a minőséggel, amely azonos fajtájú termékeknél szokásos, és amelyet a Megrendelő elvárhat, valamint rendelkezniük kell a Szolgáltató által biztosított termékleírásban szereplő tulajdonságokkal. a)",2
"A hálózat osztott erőforrás jellegére való tekintettel, azaz, hogy a rendelkezésre álló sávszélességen egy
meghatározott időpillanatban a szolgáltatást igénybe vevő összes Előfizető osztozik, a Szolgáltató jogosult a
hálózaton úgynevezett hálózatmenedzsment eljárásokat alkalmazni.",2
"74. Fogyasztó az előrendelt termékek rendelkezésre állása tekintetében tudomásul veszi, hogy annak készletei Csehország, Szlovákia, Ausztria, Magyarország és más az Alza által ellátott Európai Uniós országok vásárlói között kerülnek elosztásra a beérkezett előrendelések sorrendje szerint.",4
"12.2.13. A körny ezet beépítettségétől függő mértékben törekedni kell a nagy zajjal és
rezgéssel járó technológiák (pl. cölöp és szádfalvererés, fúrás, vésés, fűrészelés,
vágás) időben eltolt és napközbeni szervezésére. A megengedett építési zajszint
nem haladhatja meg  a környezeti zaj - és rezgésterhelési határértékek
megállapításáról  szóló 27/2008. (XII. 3.) KvVM -EüM együttes rendelet , ill. a helyi
hatóságok, önkormányzatok által előírt határértékeket.",2
11.2 A Felhasználó és a Díjfizető adataiban bekövetkezett változást a Felhasználó és a Díjfizető a változás bekövetkeztétől számított tizenöt (15) napon belül köteles írásban bejelenteni a BKM NONPROFIT Zrt. részére.,4
"2.3 A sürgősségi kiszállítás bizonyos megrendelések esetén elérhető. A megrendelés leadásakor látni fogja, hogy ez a lehetőség elérhető-e az adott megrendeléshez, valamint az ezzel a lehetőséggel járó költségeket. Az árukat legkésőbb 2 munkanapon belül kiszállítjuk. Ha az áru nem érkezik meg ezen a szállítási határidőn belül, természetesen visszatérítjük Önnek a szállítási költséget.",2
"Nem számít bele az elévülési időbe a kijavítási időnek az a része, amely alatt a Vevő az Árut rendeltetésszerűen nem tudja használni. a kicseréléssel vagy a kijavítással érintett részére a kellékszavatossági igény elévülése újból kezdődik. Ezt a szabályt kell alkalmazni arra az esetre is, ha a kijavítás következményeként új hiba keletkezik.",3
"11.3.  Vállalkozó tudomásul veszi, hogy a Megrendelő az ISO 45001  szabvány szerinti
Munkahelyi egészségvédelem és biztonság irányítási rendszert működtet.",1
"2.1. A jelen ÁSZF-ben nem szabályozott kérdésekre, valamint jelen ÁSZF értelmezésére a magyar jog irányadó, különös tekintettel a Polgári Törvénykönyvről szóló 2013. évi V. törvény („Ptk.”) és a fogyasztó és a vállalkozás közötti szerződések részletes szabályairól szóló 45/2014. (II. 26.) Korm. rendelet és az elektronikus kereskedelmi szolgáltatások, valamint az információs társadalommal összefüggő szolgáltatások egyes kérdéseiről szóló 2001. évi CVIII. (Elker. tv.) törvény vonatkozó rendelkezéseire. A vonatkozó jogszabályok kötelező rendelkezései a felekre külön kikötés nélkül is irányadók.",0
13.1 A Megbízó megrendelésével kapcsolatos valamennyi értesítés – beleértve a fizetendő számlákat is – a Megbízó által az Egyedi Szerződésben megjelölt címre illetve képviselő részére kerül kiküldésre.,4
"2.2.9. A Bank a Bankszámla felett történő rendelkezés esetén a személyazonosság kétséget kizáró megállapításához egyéb, a vonatkozó jogszabályban személyazonosításra alkalmas más közokiratokat – útlevél, kártya formájú gépjármű vezetői engedély -, vagy a Bank által kiállított bizonylatokat, igazolásokat, azonosítókat – ilyen például a Pénzforgalmi Keretszerződés, az előző havi számlakivonat, előző számlaforgalmazás visszaigazolása – is jogosult kérni. A Bank jogosult arra, hogy fenti kiegészítő azonosítók hiánya vagy azok bemutatásának megtagadása esetén a Bankszámla feletti rendelkezés teljesítését megtagadja.",3
"2.1. A támogatás forrása  a Magyarország 202 3. évi közp onti költségvetéséről szóló 202 2. évi
XXV. törvény 1. melléklet XX. Kulturális és Innovációs Minisztérium  fejezet 20. Fejezeti
kezelésű előirányzatok cím, 9. Család - és ifjúságügyi célú központi költségvetési
hozzájárulások  alcím, 1. jogcímcsoport Nemzeti Tehetség Program fejezeti kezelésű
előirányzaton  került biztosításra .",1
"3.3.4. Amennyiben az Ügyfél által megadott Fizetési megbízás teljesítése érdekében devizanemek közötti átváltással történik, az Ügyfél Fizetési megbízása jóváhagyása a devizanemek közötti átváltás jóváhagyásának is minősül, azzal, hogy a Fizetési megbízás teljesítése – külön megállapodás hiányában – a Bank által hivatalosan közzétett Referencia árfolyam alkalmazásával történik.",3
"3.1.7. Elektronikus csatornán keresztül adott Fizetési megbízás esetén a Bank az Elektronikus ÁSZF szerinti Fizetési megbízás hitelesítésének megtörténtét vizsgálja. Amennyiben a Fizetési megbízás az Elektronikus ÁSZF-nek, illetve a Bankkártya ÁSZF-nek megfelelően kerül benyújtásra, a Bank azt az adott elektronikus csatorna / fizetési eszköz helyettesítő használatára jogosult személytől származónak tekinti.",3
"4.3 Az áru értékének meg kell egyeznie vagy meg kell haladnia a promóciós utalvány értékét. Ha az utalvány nem fedezi az áru értékét, a különbözetet az elfogadott fizetési módok bármelyikével lehetséges kiegyenlíteni. A promóciós utalványok értéke nem kerül készpénzben kifizetésre és az nem kamatozik. A promóciós utalványok nem kerülnek visszatérítésre, ha az áru részben vagy egészben visszaküldésre kerül.",3
"A Szolgáltató jogosult tiltó listára helyezni az Előfizető részére az Előfizetői, illetve a készülék adásvételi szerződésben kedvezményesen értékesített Eszközt, ha az Előfizetői Szerződés határozott időtartamának lejárta előtt nem a Szolgáltatónak felróható okból szűnt meg, és az ilyen esetre az egyedi Előfizetői Szerződés szerinti fizetési kötelezettségét az Előfizető nem teljesítette a Szolgáltató felé.",2
"Amennyiben a Küldemény értéke meghaladja az 50.000 forintot, lehetősége van az Ügyfélnek a feladott Küldeményét felülbiztosítani - Küldeményenként legfeljebb 13.000,- eurónak megfelelő forint összegig - megfelelő térítés ellenében. Amennyiben a biztosítási összeg a biztosított érdek értékénél kisebb (alulbiztosítás), a DPD a kárt a biztosítási összegnek a vagyontárgy káridőponti értékéhez viszonyított arányában köteles megtéríteni. A biztosítás csak a Küldemény továbbításra történő átvétele előtt lehetséges. A más biztosítással fedezett Küldemények kizárásra kerülnek a DPD biztosításából.   ",2
"2.3.1. A Számlatulajdonos Bankszámlája felett rendelkezésre jogosult személyt / személyeket (Rendelkezőt / Rendelkezőket) jelenthet be, a Bank által erre rendszeresített nyomtatványon. A Kiskorú Számlatulajdonos Törvényes képviselője a Kiskorú Számlatulajdonos Bankszámlája feletti Rendelkezőnek minősül. A Rendelkező köteles a Bank által megkövetelt személyi adatait megadni, dokumentumait bemutatni. Ennek hiányában a Bank megtagadhatja a Számlatulajdonosnak a Rendelkező vonatkozásában tett bejelentésének elfogadását.",3
"A Szolgáltatás nyújtásáról a Szolgáltató és az Előfizető, illetve a Szolgáltatást igénylő más felhasználó Előfizetői szerződést kötnek, amelynek része az ÁSZF, az Előzetes tájékoztatás, az Előfizetői szerződés adatainak összefoglalója, valamint az Egyedi előfizetői szerződés.",4
"1.5 Felhívjuk szíves figyelmét arra, hogy kivételesen semmilyen kötelezettség nem terhel bennünket az Ön megrendelésének teljesítése kapcsán, amennyiben, a beszállítóink nem szállítják le részünkre a szükséges árukészletet megfelelően vagy időben, annak ellenére, hogy mi a magunk részéről a megfelelő követtük az előírt beszerzési eljárást és gyakorlatot (megegyező beszerzési megrendelés). Ahhoz, hogy ez a kivétel alkalmazható legyen, jogilag nem lehetünk felelősek az áru elérhetetlenségéért, amely helyzetről nekünk Önt indokolatlan késedelem nélkül értesítenünk kellett. Ezen kívül, a megrendelt áru vonatkozásában nem vállalhattuk annak beszerzésével kapcsolatos kockázatot. Ha az áru nem elérhető, az Ön által teljesített kifizetéseket indokolatlan késedelem nélkül visszatérítjük.",1
"Az Árakról a Páciens továbbá a Mentaház Orvosi Központ 8000 Székesfehérvár, Nagy László u. 1. szám alatti Recepción is tájékozódhat. Orvosi Központ szolgáltatásait OEP által nem finanszírozott humánegészségügyi járóbeteg-szakellátás keretében nyújtja, ezért Szolgáltatása díjköteles, melynek tényét Páciens az előjegyzés igénylésekor elfogadja.",2
"A DPD nem kötelezhető sérelemdíjra, valamint személyiségi jogsértésből eredő kár megtérítésére, továbbá nem érvényesíthetők a személyiségi jogok megsértésének felróhatóságtól független szankciói sem.  ",3
"A Helyhez kötött telefonszolgáltatás vagy hangszolgáltatás igénybevétele során az Előfizetők Előfizetői
Hozzáférési Pontjukon keresztül hívást tudnak kezdeményezni és fogadni ugyanazon vagy más helyhez kötött
telefonhálózatok előfizetői végpontjára, végpontjáról vagy bármely mobil rádiótelefon hálózat előfizetői végpontjára
vagy végpontjáról.",3
"4.5.2.5. Személyes átvétel  1137 Budapest, Újpesti rakpart 5. szám alatt lévő boltunkban nyitvatartási időben. ",4
"Egyebekben a vásárló kérheti, hogy az Áru szállítását saját költségén oldhassa meg külföldre. Magyar vásárlót ez a jog nem illet meg. a szállítási díj megfizetését követően teljesíti a megrendelést, amennyiben a vásárló a szállítási díjat nem fizeti meg az Eladó számára, vagy a saját szállítást nem oldja meg az előre egyezetetett időpontig, az Eladó a szerződést felmondja és az előre megfizetett vételárat visszafizeti a vásárló számára.",3
"A Vállalkozó kifejezetten lemond – a törvény által lehetővé tett körben – arról, hogy a Megrendelő vezető tisztségviselőivel szemben a Szerződéssel összefüggésben bármilyen kártérítési vagy egyéb igényt érvényesítsen. A Megrendelő vezető tisztségviselői erre a felelősségkorlátozásra közvetlenül hivatkozhatnak. ",2
"Vállalkozó tudomásul veszi, hogy nem minősül a Megrendelő titoktartási kötelezettsége megszegésének, ha a Megrendelő, a kötelezettsége teljesítéséhez igénybe vett közreműködője részére (pl. adatfeldolgozást, ügyviteli szolgáltatást nyújtó harmadik félnek) a szerződéssel összefüggésben információt ad át. ",4
"61. Az Alza fenntartja a jogát a Fogyasztó ajánlatának elutasítására, illetve a szerződések teljesítésének átmeneti felfüggesztésére az olyan eset kivizsgálásának végéig, amelyek kapcsán megalapozottan feltételezhető, hogy személyes vagy bankkártya adatokkal történő visszaélés történt, illetve amennyiben bíróság, hatóság vagy egyéb pénzügyi intézmény/partner az Alzát ilyen gyanúról értesíti. Amennyiben a visszaélés tényét bíróság, hatóság vagy egyéb pénzügyi intézmény/partner megállapította, az Alza jogosult a szerződéstől elállni és egyéb, 64. és 65. pontokban foglalt szankciót alkalmazni. Az Alza az adott megrendelés kapcsán a visszaélés kivizsgálása miatt okozott késedelmes teljesítéséből vagy nem teljesítéséből fakadó károkért való felelősségét kizárja.",3
"Amennyiben műszaki átadás-átvételi eljárás lefolytatására kerül sor, a Megrendelő a Vállalkozó készre jelentésétől számított 15 napon belül megkezdi a műszaki átadás-átvételi eljárást, amely a próbaüzemmel kezdődik ",3
"A szállításból kizárt termékek vonatkozásában a DPD-nek nincs ellenőrzési kötelezettsége, tekintettel arra, hogy a DPD zárt, becsomagolt Küldeményeket vesz át a Feladótól. Az Ügyfél teljeskörűen felel a kizárt termékekre vonatkozó szabályok betartásáért és az esetleges be nem tartásból eredő mindennemű, akár más áruban, személyben és vagyontárgyban okozott kárért és erre a Polgári Törvénykönyv általános szabályait kell alkalmazni.  ",2
XII. ÉRTESÍTÉSEK – HÍRLEVÉLRE FELIRATKOZÁS/DIREKT MARKETING,4
"113. Az Alza megtagadhatja a kijavítást, illetve a kicserélést, ha az lehetetlen, vagy ha az aránytalan többletköltséget eredményezne az Alzának, figyelembe véve valamennyi körülményt, ideértve a szolgáltatás hibátlan állapotban képviselt értékét, valamint a szerződésszegés súlyát. A Fogyasztó tudomásul veszi, hogy az Alza a felbontott, újszerű vagy használt termékekre vonatkozó szavatossági igény érvényesítése esetén nem köteles a terméket új termékre kicserélni. Ennek oka, hogy az Alza a felbontott, újszerű vagy használt termékekből raktárkészlettel nem rendelkezik, adott terméktípusból csak egy-egy ilyen darabot értékesít, és ezért az ilyen (alacsonyabb árú) terméket új (magasabb árú) termékre cserélni az Alzára nézve aránytalan többletköltséggel járna. Szavatossági igényként tehát a Fogyasztó kijavítást kérhet, illetve elállási jogával élhet. Ugyanezen szabályok irányadóak jótállási igény érvényesítésére is (lásd 133. pontot).",2
"Ha Fogyasztó a szolgáltatásnyújtásra irányuló szerződés esetén a teljesítés megkezdését megkötését követően gyakorolja felmondási jogát, úgy az elszámolás során köteles megtéríteni a Szolgáltató ésszerű költségeit.",2
3. KERETSZERZŐDÉSEKRE VONATKOZÓ ÁLTALÁNOS SZABÁLYOK,4
"a) a Bank által nyújtott szolgáltatások teljesítésével, fenntartásával összefüggő banküzemi eljárások, illetve elszámolási rend változása,",2
"7.3 A hozzáférési jog meghatározásánál kizárólag az Ügyfél felelőssége, hogy a szolgáltatás használatára mely személynek, személyeknek ad felhatalmazást. Az elektronikus banki műveletek teljesítésekor a Bank azt tekinti jogszerű Felhasználónak, akit az Ügyfél a rendelkezésnek megfelelően, a Bank számára ekként bejelentett.",1
"Amennyiben az Előfizető nem megfelelő Eszközt használ, vagy ha az Eszköz konfigurációját átállítja és ezzel saját magának, Szolgáltatónak vagy harmadik félnek kárt okoz, úgy az az Előfizető érdekkörében felmerült károkozásnak minősül, Szolgáltató a károkozásokért nem felelős, az Előfizető köteles az okozott kár ellenértékét a károsultnak megfizetni, és amennyiben az okozott kár megtérítése érdekében harmadik fél a Szolgáltatóval szemben lép fel kártérítési igénnyel, úgy a Szolgáltató jogosult a kártérítési összeget Előfizetőre áthárítani. Az Előfizető saját maga által üzembe helyezett Eszköz meghibásodásából, vagy az Előfizető által javított Eszköz nem megfelelő működéséből eredő szolgáltatáskiesés kapcsán a Szolgáltató felelőssége ugyancsak kizárt.",2
"11.1. Miután a fonallak.hu, mint weboldal szerzői jogi műnek minősül, tilos a fonallak.hu weboldalon megjelenő tartalmak vagy azok bármely részletének letöltése (többszörözése), újra nyilvánossághoz történő közvetítése, más módon való felhasználása, elektronikus tárolása, feldolgozása és értékesítése a Szolgáltató írásos hozzájárulása nélkül.",2
"3.6. Vállalkozó által az átadás -átvételi eljárás során átadandó alapvető
dokumentumok különösen, de nem kizárólagosan:
• Mérési jegyzőkönyvek,
• Gépkönyvek,
• Kivitelezői nyilatkozatok
• Berendezések, berendezési tárgyak garanciajegyei
• A jótállási tevékenységet végző szervezetek listája (cég neve, címe,
telefonszáma)
• Szükséges minőségvizsgálati jegyzőkönyvek,
• Szerelési igazolások
• Valamennyi beépített anyag, berendezés, gép minőségi
bizonyítványa  (tanúsítvány, teljesítmény nyilatkozat) ,
• Valamennyi érintett közmű szolgáltató minőségi igazolása
• Jogszabályokban előírt, de itt részletezésre nem került valamennyi
dokumentum, igazolás
• Illetékes hatóság  által kiadott vízminta vizsgálati eredmény
• Megvalósulási tervdokumentáció minden szakágról /4 példányban
plusz egy példány elektronikus   formában/
• Karbantartási leírás, Kezelési útmutató",2
"Fogyasztó és a Szolgáltató közötti - ingó dolognak minősülő áru adásvételére, digitális tartalom szolgáltatására vagy digitális szolgáltatások nyújtására irányuló - szerződés esetén a fogyasztó kellékszavatossági jogai gyakorlása keretében a hibát a Szolgáltató, mint kötelezett költségére maga nem javíthatja ki, illetve mással sem javíttathatja ki azt.",3
"4. Az OTP Bank Nyrt. hatósági igazolványt és hatósági bizonyítványt az abban foglalt érvényességi idő lejártának napjáig fogad el. Amennyiben az adott ügyletre vonatkozó szerződés, üzletági üzletszabályzat vagy az Üzletszabályzat kifejezetten eltérően nem rendelkezik, érvényességi időt nem tartalmazó hatósági bizonyítványt az OTP Bank Nyrt. kizárólag 30 (harminc) napnál nem régebbi keltezéssel fogad el.",1
"A Megrendelő a Vállalkozót vizsgálati jogosultságainak gyakorlását megelőzően lehetőleg írásban értesíti, kivéve amennyiben az előzetes értesítés a vizsgálat eredményességét veszélyeztetné. A vizsgálatot lehetőség szerint a Vállalkozó szokásos működési idejében kell lefolytatni. ",2
"18. Az OTP Bank Nyrt. egyes, jogszabály által eltérő formához nem kötött, kötelezettségvállalással nem járó jognyilatkozatait a nyilatkozat megtételére jogosultak szkennelt aláírásainak dokumentumon történő elhelyezésével teszi meg.",2
"1.2. Szolgáltató központi ügyfélszolgálatának elérhetőségei (cím, telefonszám, elektornikus levelezési cím) és annak a helynek, elérhetőségnek a megnevezése, ahol egyéb ügyfélszolgálatainak elérhetőségei naprakészen megismerhetők",3
"Amennyiben a Vállalkozó a munkavégzés során általa biztosított anyagot vagy berendezést épít be, köteles a Megrendelő rendelkezésére bocsátani ezen beépített anyagok, berendezések minőségi, biztonságtechnikai tanúsítványait. ",3
"15.3 A Szerződés tartalmáról, ideértve az üzemvitellel, a hődíj szétosztásával és a fizetési kötelezettségek teljesítésével kapcsolatos szerződéses rendelkezéseket is, a Díjfizetőket a Felhasználó képviselője köteles tájékoztatni. A BKM NONPROFIT Zrt. az egyes Díjfizetők részére - kérésükre - a Szerződésről, a díjszétosztás módjáról és az adott Díjfizetőre vonatkozó díjszétosztási arányról írásos megkeresésre harminc (30) napon belül, az ügyfélszolgálatán azonnal, vagy elektronikus úton történő megkeresésre három (3) munkanapon belül tájékoztatást ad.",2
"A Vállalkozó a létesítmény szerződésszerű megvalósítására vállalt kötelezettsége mellett kifejezett kötelezettséget vállal arra, hogy jótállási/szavatossági kötelezettségeinek maradéktalanul eleget tesz.  ",3
Ön – választása szerint–az alábbi kellékszavatossági igényekkel élhet:,4
"XVII. SZERZŐDÉS MEGSZŰNÉSE, MEGSZÜNTETÉSE",4
"1.8 Fenntartjuk a jogot arra, hogy ne fogadjunk el, vagy töröljünk bármely megrendelést, ha azt a megrendelést szoftver, kereső vagy bármilyen más robot illetve bármilyen automatizált rendszer vagy szkript, vagy az Ön nevében történő megrendelés leadására használt harmadik fél szolgáltatásainak használatával adják le vagy hajtják végre.",3
"• számlázási és szállítási információk (pl. cím): A rendelés leadását követően, amíg az Alza még nem állított ki a megrendelésről számlát, a Fogyasztó módosíthatja a számlázási es szállítási információkat (pl. címet) az Alza Fiókban vagy a megrendelési felületen. Ezt követően, amennyiben az adatok az Alza Fiókban már nem módosíthatóak a módosítás kéréséhez a Fogyasztónak szükséges felvennie a kapcsolatot az Ügyfélszolgálattal. ",3
"11. A BKK Zrt. nem felelős semmiféle vírusért vagy az Alkalmazás elérését és használatát befolyásoló egyéb korlátozó funkciókért, az Alkalmazásnak egyéb webhelyekkel, szolgáltatásokkal, szoftverekkel és hardverekkel való inkompatibilitásáért, semmiféle késleltetésért vagy hibáért, amelyet a Felhasználó az Alkalmazás használata során megfelelő és időszerű formában végzett adatátvitel vagy tranzakció kezdeményezése, lefolytatása vagy befejezése során észlel, illetve semmiféle kárért vagy költségért, amely a hivatkozásokon keresztül elérhető, harmadik felek által biztosított szolgáltatások használatából ered vagy azokhoz bármely módon köthető.",3
"4.4. Amennyiben Felhasználó további áru(ka)t szeretne kosárba helyezni, folytatja az áru(k) kosárba helyezését. Ha nem szeretne további árut vásárolni, ellenőrzi a megvásárolni kívánt áru(k) darabszámát. Az „X” ikonra kattintva törölheti a kosár tartalmát.",3
"3.4. Üzemeltető által kínált aktuális hirdetési csomagok és egyéb kiegészítő Szolgáltatások jelen ÁSZF-ben vagy Weboldalakon kerülnek feltüntetésre, amely utóbbi esetben azok a jelen ÁSZF állandó, elválaszthatatlan részét képezik. Felhasználó hirdető által igénybe vehető kedvezményekről Üzemeltető ad felvilágosítást.",3
A pontos és zökkenőmentes egészségügyi ellátás segítéséről a Szolgáltatónál előjegyzési rendszer gondoskodik. Az előjegyzett időpont vállalásával a Szolgáltató biztosítja a kért egészségügyi ellátás előre egyeztetett időpontban történő elvégzését.,3
"A Szolgáltató tevékenységét köteles a vonatkozó szakmai és etikai szabályoknak, irányelveknek, protokolloknak és előírásoknak megfelelően, az egészségügyi ellátásban részt vevőktől elvárható gondossággal teljesíteni.",4
"A feladónak kell bizonyítania, hogy a kár nem a Küldemény belső tulajdonságának a következménye és nem a csomagolás hiányossága miatt állt elő. ",4
"Bolti átvétel esetén hagyományos, papír alapú számlát állítunk ki.",4
"b) a Bank tevékenységéhez kapcsolható közteher – (pl. adó) – változása, a kötelező tartalékolási szabályok változása,",2
"Szolgáltatási díj: a vásárlással kapcsolatos vásárlás-adminisztrációs és tranzakció-kezelési szolgáltatás ellenértéke, amely Online fizetés esetén kerül felszámításra, kizárólag kereskedő felhasználók által történő termék értékesítés esetén, amelyet az ügylet vevője köteles megfizetni. A Szolgáltatási díj aktuális összege a Díjtáblázatban kerül feltüntetésre. A díj a fizetés előtti összesítőben külön tételként jelenik meg.;",2
"4. A bejelentések kezelésének, kivizsgálásának, valamint a bejelentések megválaszolásának és a bejelentő tájékoztatásának rendjéről az Üzletszabályzat VIII. fejezete rendelkezik.",3
"2.7.2. A Bankot a csődeljárás alatt, – a fizetési moratóriumra tekintet nélkül – megilleti a Bankszámlavezetéssel kapcsolatos, őt illető számlavezetési, és a Bankszámlavezetéshez kapcsolódó elektronikus szolgáltatások és Bankkártya használat díja, valamint a téves utalás helyesbítésének a joga abban az esetben, ha azt a csődeljárás megindítását követően Számlatulajdonos – korábbi jóváhagyását – ellenjegyzi. Amennyiben a vagyonfelügyelő jogosultsága, illetve hitelt érdemlő aláírás mintájának bejelentésekor ezen ellenjegyzést megtagadja, a Bankot a Bankszámla, és kapcsolódó szolgáltatások tekintetében megilleti az azonnali felmondás joga.",0
"Minden belföldi postacsomag másnapi kézbesítési kísérletére garanciát vállal a DPD. Amennyiben a DPD hibájából nem valósul meg az első kézbesítési kísérlet a felvételt követő munkanapon, s ezt az Ügyfél a kézbesítéstől számított 3 munkanapon belül jelzi, a DPD a külön díj / felár kétszeresének visszafizetésére kötelezettséget vállal, egyúttal ez az összeg a kártérítés maximális mértéke is. ",4
"5.2 A Bank fenntartja a jogát arra, hogy az olvasó Ügyfél/Felhasználó általi külső, nyilvános helyen történő használata vonatkozásában további előírásokat határozzon meg, mind az üzemeltető, mind az Ügyfél/Felhasználó relációjában.",1
"3.2. Felhasználó a regisztráció/vásárlás során köteles a saját, valós adatait megadni. Szolgáltató kizárja felelősségét, amennyiben Felhasználó más nevében, más személy adataival veszi igénybe szolgáltatásait.",4
"Folyószámla: az az egyedi számmal (folyószámlaszám) jelölt, a Szolgáltatónál vezetett nyilvántartási számla, ahol az Előfizető által igénybe vett szolgáltatások és az ahhoz kapcsolódó előfizetési és/vagy egyszeri díjak és/vagy egyéb díjak, valamint a Közvetített szolgáltatások ellenértékére vonatkozó információk megjelennek és nyilvántartásra kerülnek, valamint amelyen a Szolgáltató Előfizetői szolgáltatásokra vonatkozó ellenértékeket és azok befizetéseit is nyilvántartja az általa havonta kibocsátott számla alapján.",3
"8.15. Tartalommoderálás A Társaság saját kezdeményezésre, vagy bejelentés alapján végez hirdetés moderációt. A Társaság a hirdetés moderációt manuálisan (emberi felülvizsgálat útján) végzi egyrészt a hirdetés megjelenését követően az egyedi szerződéssel nem rendelkező Felhasználók tekintetében, másrészt valamennyi Felhasználónak a bizonyos szűrőfeltételeknek megfelelő hirdetései is ellenőrzésre kerülhetnek. A Weboldalon közzétett hirdetés utólagos moderációjára emellett a Felhasználók általi bejelentések és a hatósági megkeresések alapján kerül sor. A moderáció során a hirdetés tartalmi és formai elemeinek ellenőrzése mellett a felhasználói fiók fő paraméterei is ellenőrzésre kerülnek. Amennyiben megállapításra kerül, hogy a hirdetés jelen Felhasználási Feltételekbe ütközik vagy jogellenes, a Társaság az alábbi intézkedésekről dönthet: hirdetés törlése, felhasználói fiók tiltása vagy törlése, vagy intézkedés elvégzésére nem kerül sor. Azok a hirdetések, amelyek az ÁSZF-be ütköznek, vagy jogellenesek azonnali törlésre kerülnek. A hirdetések formai vagy tartalmi hibái esetében a Felhasználó e-mailben tájékoztatásra kerül az észlelt hibáról és 72 óra áll rendelkezésére a hirdetés módosítására vagy pontosítására, amennyiben azonban nem történik meg a szükséges módosítás, a hirdetés 72 óra leteltét követően törlésre kerül. Amennyiben az ellenőrzés során a felhasználói fiók kapcsán valamilyen szabálytalanság kerül beazonosításra, vagy a felhasználói magatartás korábbi csalással kapcsolatos mintázatnak felel meg, úgy a fiók kapcsán a szolgáltatás korlátozására kerül sor az alábbiak szerint: a. Telefonszám feketelistára tétele nem hivatalos, engedély nélkül működő kereskedő (nepper), szolgáltatással visszaélők vagy a f nem kiegyenlítő partnerek esetén. A feketelistán szereplő felhasználók nem tudnak új hirdetést feladni, de a fiókhoz hozzáférnek. b. Felhasználói fiók tiltása: csaló, illetve korábbi csalással kapcsolatos mintázatba illő felhasználói magatartás beazonosítása esetén a fiók tiltásra kerül. A Társaság a hirdetés moderációja esetén döntéséről, intézkedéséről és ennek okáról írásban tájékoztatja a hirdető Felhasználót. A Társaság emellett, amennyiben valamely Felhasználó bejelentésére járt el, írásban tájékoztatja a bejelentést tevő Felhasználót a döntéséről. A Társaság tartalommoderálással kapcsolatos döntésével érintett Felhasználó, illetve a bejelentő a döntéssel szemben annak kézhezvételét követő 6 hónapon belül panaszt nyújthat be a Társaság Ügyfélszolgálatára. A panaszban a Társaság kifogásolt döntésére (hirdetéskód feltüntetésével) szükséges hivatkozni annak megjelölésével, hogy a Társaság döntését milyen okból kifogásolja. A Társaság a panasz kivizsgálása és az arról való döntés meghozatala során a jelen Szabályzat „Panaszkezelés, ügyfélszolgálat” fejezetében foglaltak szerint jár el. Amennyiben a panasz megalapozott, a Társaság a panasznak helyt adva megváltoztatja a döntését, amelynek eredményeként a döntés visszavonására, vagy a döntés szerinti korlátozó intézkedés módosítására kerülhet sor. Amennyiben a panasz nem megalapozott, a Társaság a panaszt elutasítva helybenhagyja a korábbi döntését. A Társaság panasz kapcsán hozott döntésével szemben további panasz benyújtására nincs lehetőség. Amennyiben a bejelentő, vagy a döntéssel érintett hirdető Felhasználó a Társaság döntését nem tartja kielégítőnek a panaszával kapcsolatban, jogosult a választása szerinti tanúsított peren kívüli vitarendezési testülethez fordulni a döntéssel kapcsolatos jogviták rendezése céljából, amelyeket a Társaság részére benyújtott panasz révén nem sikerült rendezni. A peren kívüli vitarendezési testületek listáját a Nemzeti Média- és Hírközlési Hatóság (NMHH) elnöke által vezetett közhiteles nyilvántartás tartalmazza. Amennyiben a döntéssel érintett bejelentő, vagy a hirdető Felhasználó úgy gondolja, hogy a Társaság döntése, illetve intézkedése nem felel meg a DSA szabályainak, úgy jogosult az NMHH Elnökének általános felügyeleti eljárását kezdeményezni az internetes közvetítő szolgáltatások egyes szabályairól szóló 2023. évi CIV. törvény alapján. A fenti jogorvoslati lehetőségek mellett az érintett Felhasználó jogosult a hatáskörrel és illetékességgel rendelkező bíróság előtt polgári peres eljárást indítani a jogvitából származó követelése bíróság előtti érvényesítése érdekében, amelyre a Polgári Törvénykönyvről szóló 2013. évi V. törvény, valamint a Polgári Perrendtartásról szóló 2016. évi CXXX. törvény rendelkezései szerint van lehetősége. A Társaság felfüggeszti azon Felhasználók felhasználói fiókját, akik gyakran bocsátanak rendelkezésre nyilvánvalóan jogellenes tartalmat. A Társaság felfüggeszti a jogellenes hirdetésre, tartalomra vonatkozó bejelentések, és a bejelentések alapján hozott döntésekkel szembeni panaszok kivizsgálását azon Felhasználók esetében, akik gyakran tesznek nyilvánvalóan megalapozatlan bejelentéseket vagy tartalommoderálás miatti panaszokat. A Társaság a nyilvánvalóan jogellenes tartalom, illetve nyilvánvalóan megalapozatlan bejelentés, tartalommoderálás miatti panasz észlelésekor, döntésében tájékoztatja a Felhasználót a Szolgáltatás nyújtásának felfüggesztéséről, illetve a bejelentések, panaszok kivizsgálásának beszüntetéséről, ennek időtartamáról. Azt, hogy az intézkedés alapjául szolgáló gyakoriság fennáll-e, a Társaság minden esetben egyedileg mérlegeli és dönt róla, figyelemmel többek között a Felhasználó által közzétett jogellenes tartalom, megalapozatlan bejelentés, tartalommoderálás miatti panasz számosságára, az egyes tartalmak rendelkezésre bocsátása között eltelt időre, a tartalommoderálásra vagy panaszra vonatkozó döntés, illetve a bejelentéssel kapcsolatos tájékoztatás kézhezvételét követő és a döntés alapjául szolgáló üggyel azonos, vagy ahhoz nagymértékben hasonló körülmények ismételt felmerülését.",1
Az ÁSZF két részből áll: Törzsrész: az egyes Előfizetői szolgáltatásokra vonatkozó általános jellegű rendelkezéseket tartalmazza;,4
"6.2. Az elállási jog gyakorlására nyitva álló idő attól a naptól számított 14 nap elteltével jár le, amelyen Felhasználó, vagy az általa megjelölt – a fuvarozótól eltérő harmadik személy – az árut átveszi.",3
"Az igazolt és DPD által elfogadott kár kifizetésének feltétele a nyomtatványok megfelelő kitöltése, aláírása és 30 napon belüli megküldése a DPD-nek. Ennek elmaradása a DPD késedelmét kizárja. ",4
"A MÁO fenntartja magának a jogot arra, hogy technikai, biztonsági, művészi, vagy egyéb, előre nem látott körülmény miatt meghatározott nézőtéri helyeket a jegy vagy bérlet megvásárlását követően a Látogatók elől elzárjon. Ebben az esetben a MÁO az érintett Vevőnek - amennyiben vásárláskor elérhetőséget megadtak - értesítést küld, és a lehetőségekhez képest minden tőle telhetőt megtesz annak érdekében, hogy az érintett Látogatók a kiesett helyekkel egyenértékű helyről tekinthessék meg az előadást, vagy a jegyár visszatérítésével vagy más módon kompenzálja a Vevőt.",1
"8.5. Üzemeltető közízlést- vagy jogszabályt, más személy jogos érdekét sértő, valamint az adott Weboldal struktúrájába nem illő adatokat, információkat, képeket, fájlokat, illetve megtévesztő, hamis vagy a valóságnak más okból nem megfelelő, vagy bújtatott reklámot tartalmazó hirdetéseket jogosult törölni rendszeréből.",3
"9.6. Amennyiben a Kedvezményezettnek az adott nyilatkozata ellenére fizetendő vagy
levonható általános forgalmi adója keletkezik,  a Támogató által is támogatott általános
forgalmi adó összegének megfelelő támogatást köteles visszafizetni a jelen ÁSZF 9. 5.
pont jában foglaltak szerint .",2
"Amennyiben egy adott online rendezvény adott időpontban vagy időszakban tekinthető meg, és azt a Vásárló a megadott időpontban, vagy időszakban nem tekinti meg, úgy a Vásárló tudomásul veszi, hogy pótalkalomra, jegyár-visszatérítésre nem tarthat igényt. A Vásárló tudomásul veszi, hogy amennyiben az online előadást nem teljes egészében nézi/hallgatja végig, akkor semmilyen pótalkalomra, visszatérítésre nem jogosult.",3
" Amennyiben a Szolgáltató 3 hónapon keresztül a szerződött egészségügyi szolgáltatásokról, vagy valamely a finanszírozási szerződésben szereplő szervezeti egységéről teljesítményjelentést nem küld, a Finanszírozó jogosult a finanszírozási szerződést a nem jelentett szolgáltatás tekintetében azonnali hatállyal felmondani.",2
"13. A BKK Zrt.-t terheli annak bizonyítása, hogy a Vis maior esemény szerződésszerű teljesítésére kiható következményét az adott helyzetben elvárható gondosság tanúsítása esetén sem – vagy csak aránytalan áldozat árán – lehetett volna elhárítani.",3
"A Vállalkozó kijelenti és szavatol azért, hogy a Szerződés teljes időtartamára – beleértve a jótállás és a szavatosság időtartamát – általános felelősségbiztosítással rendelkezik, továbbá, hogy az esetleges biztosítási káreseménnyel összefüggő költségeket a Megrendelő felé nem érvényesíti. Az általános felelősségbiztosítás kártérítési limitje legalább a nettó díj 100 %-a. ",3
"Amennyiben a Szolgáltató minden gondossága ellenére hibás ár kerül a Weboldal felületére, különös tekintettel a nyilvánvalóan téves, pl. a termék közismert, általánosan elfogadott vagy becsült árától jelentősen eltérő, esetleg rendszerhiba miatt megjelenő “0” Ft-os vagy “1” Ft-os árra, akkor a Szolgáltató nem köteles a terméket hibás áron szállítani, hanem felajánlhatja a helyes áron történő szállítást, amelynek ismeretében az Ügyfél elállhat vásárlási szándékától.",0
1.2. A jelen ÁSZF hatálya alá tartozik a Ptk. tulajdonátruházó típusú szerződésekre vonatkozó rendelkezéseinek (Ptk. XIV. cím) megfelelő adásvételi szerződés.,3
"j) A számla átláthatóságát és a fogyasztás nyomon követését biztosító eszközökre, különösen a tételes számlamellékletre, hívásrészletezőre és költségellenőrzésre vonatkozó rendelkezések az ÁSZF 2/a. és 2/b. mellékleteiben található meg.",2
"4.5.1.Fizetési módok: Áruházunkban lehetőség van azonnali bankkártyás fizetésre, banki átutalással, személyes és utánvéttel történő fizetésre.",4
"8.7. Üzemeltető a 8.6. pontban foglaltakon túl a www.szalonauto.hu honlap esetében jogosult továbbá az alábbi pontok bármelyikének megsértése, megvalósulása esetén törölni a hirdetést, vagy a megfelelő kategóriába áthelyezni, amennyiben: (a) Felhasználó az új-, teszt- vagy bemutatójárművek hirdetései között használt jármű hirdetést helyez el. (Ilyen járművek kizárólag www.hasznaltauto.hu-s felhasználónévvel és jelszóval hirdethetőek meg.) (b) Felhasználó nem új-, teszt- vagy bemutatójármű jármű vagy járműfelépítmény hirdetést helyez el. (pl.: járműalkatrész, tartozék, gumiabroncs, felni, szerszám, szolgáltatás, csere, ingatlan, háztartási gép, ékszer, könyv, szoftver, vagy egyéb termék, élő állat, cégek, vállalkozások stb.)",2
"13.2 Amennyiben a Megbízó vagy képviselője adataiban változás következik be, Megbízó köteles arról haladéktalanul írásban tájékoztatni a Libri Könyvkereskedelmi Kft.-t.",4
"Az áru akkor hibás, ha nem felel meg a forgalomba hozatalakor hatályos minőségi követelményeknek, vagy ha nem rendelkezik a gyártó által adott leírásban szereplő tulajdonságokkal.",3
"4.13 A bejelentés és a letiltás megtörténte, valamint az ehhez kapcsolódó költség- kockázat- és kárviselés tekintetében, irányadó időpontként, a Magyarországon érvényes, a Bank központi rendszerei által mért és rögzített helyi időt kell tekinteni.",3
"▪ valamint a Hitelfevevő kifejezett nyilatkozatát arra vonatkozóan, hogy a meghatalmazott jogosult a DH1 Hiteligénylési Adatlapot helyette és nevében kitölteni, valamint a DH1 Hitelszerződést, és a DH1 Hiteligénylési Adatlapot helyette és nevében aláírni.",4
Ptk.: a Polgári Törvénykönyvről szóló 2013. évi V. törvény,1
"o a BKK Zrt., illetve a Szolgáltatást igénybe vevők tárhelyére olyan adatok, állományok engedély nélküli feltöltése vagy ennek kísérlete, amelyek a Felhasználót kompromittálhatják, illetve az általa használt informatikai eszköz működését hátrányosan befolyásolhatják, vagy",3
Kizárólag Magyarország területén vállaljuk az áruk kiszállítását. Áruinkat kizárólag kiskereskedelmi mennyiségben és kizárólag a végfelhasználók részére áll módunkban értékesíteni.,4
"Az egészségügyi ellátó - feltéve, ha szakmai kompetenciája és felkészültsége alapján erre jogosult - a hozzá forduló pácienst megvizsgálja. A vizsgálat megállapításaitól függően a pácienst ellátja, vagy - a megfelelő tárgyi és személyi feltételek hiánya esetén - a megfelelő feltételekkel rendelkező egészségügyi szolgáltatóhoz irányítja.",4
"Ha Ön élni kíván az elállási jogával, elállási szándékát tartalmazó egyértelmű nyilatkozatát köteles eljuttatni (például postán vagy elektronikus úton küldött levél útján) az alábbi címre: ABOUT YOU SE & Co. KG, Domstraße 10, 20095 Hamburg, Németország, telefonszám: 06 80 021-482, e-mail: ugyfelszolgalat@aboutyou.hu Ebből a célból felhasználhatja a mellékelt elállásinyilatkozat-mintát is. Ön határidőben gyakorolja elállási jogát, ha a fent megjelölt határidő lejárta előtt elküldi elállási nyilatkozatát.",3
"A képzési adatok a tanulmányi rendszerből indított igénylés esetén ezen rendszerből kerülnek átvételre, közvetlenül a Diákhitel Direktből indított igénylés esetén pedig a Hitelfevevő adja meg ezen adatokat.",3
c.n) telefonszám.,4
"A teljesítéstől számított egy éven belül a kellékszavatossági igénye érvényesítésének a hiba közlésén túl nincs egyéb feltétele, ha Ön igazolja, hogy az Árut az Eladó nyújtotta. A teljesítéstől számított egy év eltelte után azonban már Ön köteles bizonyítani, hogy az Ön által felismert hiba már a teljesítés időpontjában is megvolt.",4
"A Webáruház oldalán található információk jóhiszeműen kerültek elhelyezésre, azonban azok kizárólag tájékoztató célt szolgálnak, az információk pontosságáért, teljességéért Szolgáltató nem vállal felelősséget. Szolgáltató felhívja a Megrendelő figyelmét, hogy az ÁSZF rendelkezéseinek be nem tartása esetén Megrendelő szerződésszegést követ el, melyért jogi felelősséggel tartozik. Szolgáltató fenntartja magának a jogot arra, hogy abban az esetben, ha a vásárló bármilyen formában megsérti az ÁSZF rendelkezéseit és/vagy a weboldal használatának szabályait, érvénytelennek nyilvánítsa a vásárló regisztrációját, vásárlását. ",2
"4.7. A fizetendő végösszeg a megrendelés összesítése és visszaigazoló levél alapján minden költséget tartalmaz. Felhasználó köteles a csomagot kézbesítéskor a futár előtt megvizsgálni, és a termékeken, csomagoláson észlelt esetleges sérülés esetén köteles jegyzőkönyv felvételét kérni. Felhasználó sérülés esetén a csomagot nem köteles átvenni. Utólagos, jegyzőkönyv nélküli reklamációt Szolgáltató nem fogad el! A csomagok kézbesítése munkanapokon történik, az esetek többségében 8-17 óra közötti időszakban.",2
"Whaleco Technology Limited, First Floor, 25 St Stephen's Green, Dublin 2, Ireland",3
"A Szolgáltatási díj magában foglalja az orvosi-egészségügyi és egyéb kapcsolódó szolgáltatások kapcsán a Szolgáltató oldalán felmerülő valamennyi költséget. A Szolgáltatási díj megfizetésére a Páciens (illetve Páciens nevében helytálló Díjfizető) a Szolgáltató által kiállított, a számviteli jogszabályoknak megfelelő számla ellenében készpénzben, bankkártyával, továbbá Felek közötti külön megállapodás alapján előre- illetve utólagos banki átutalással történő fizetéssel köteles. Díjfizetés a járóbeteg szakállátás igénybevételével egyidőben, illetve számlába foglalt határnapon esedékes. Felek rögzítik, hogy a Szolgáltatási díj teljesítésének ütemezését a jelen fejezetben foglaltaktól eltérő módon is megállapíthatják, Felek külön írásos megállapodása alapján.",2
"1.3. Az ÁSZF-ben nem szabályozott kérdésekben a Lakossági Szolgáltatási Keretszerződésnek, a Bank Üzletszabályzatának és Hirdetményének rendelkezései az irányadóak.",2
"3.2.5.5. Az internetbanki szolgáltatás a Számlatulajdonos Banknál nyitott, valamint a jövőben megnyitásra kerülő valamennyi lakossági bankszámláira, a bankszámlákhoz kapcsolódó betéti számlákra egyaránt elérhető.",2
"A Szolgáltató az ÁSZF 2. számú mellékletében meghatározott egyes díjcsomagok Előfizetője
vonatkozásában, az adott számlázási ciklusban a havidíjban foglalt belföldi adatforgalom elérésétől,
Szolgáltató rugalmasan, a hálózat aktuális leterheltségétől függően lassíthatja az adatsebességet. A
számlázási ciklus lezárulásakor a sebesség lassítása megszűnik. Ezen díjcsomagok vonatkozásában
ezen túlmenően a lenti b) pontban meghatározott Dinamikus szolgáltatásminőség-szabályozás is
alkalmazandó.",1
"12.2.9. A veszélyes hulladékokat szelektíven gyűjtve, környezetkárosítást kizáró módon
kell tárolni és arra engedéllyel rendelkező begyűjtő vagy szállító céggel –
bizonylatoltan – elszállítani, engedéllyel rendelkező átvevőnek átadni a veszélyes
hulladékokkal ka pcsolatos tevékenységek végzésének feltételeiről szóló 98/2001
(VI.15.) Kormány rendelet ill. a hulladékjegyzékről szóló 72/2013. (VIII.27.)  VM
rendelet rendelkezéseinek megfelelően. A vállalkozó tevékenysége eredményeként
keletkező hulladékok elszállításá ért Megrendelő a szerződés nettó összegének
0,75% -a + Áfa összeget számítja fel a Vállalkozónak, melyet jogosult a Vállalkozó felé
megrendelői szolgáltatásként a rész -, ill. végszámla kiállításával egyidejűleg
leszámlázni.
Felek megállapodnak, hogy ameddig a Vállalkozó a munkaterületen keletkezett
veszélyes anyagok ártalmatlanításáról szóló igazolást nem adja át a
Megrendelőnek, addig a Megrendelő jogosult a végszámla befogadását
megtagadni.
 Az építés során keletkező veszélyes anyagok pl.:
 - fáradt olaj; olajjal, veszélyes folyadékkal átitatott fűrészpor, forgács, rongy, kesztű,
papír, stb.,
 - faimpregnálások hulladéka, hulladék lakkok, festékek, hígítók és göngyölegeik,
ecset, kesztyű
 - szénkátrányt tartalmazó bitumenes maradékok,
 - azbeszttartalmú építőanyagok hulladékai.",0
"10.4. A Kedvezményezett köteles az Okirat lejáratáig/támogatási jogviszony fennállása alatt és
ezzel kapcsolatos kötelezettségei teljesítéséig a Lebonyolító részére haladéktalanul írásban
bejelent eni, ha a törvényes képviselőjének személye változik, ha ellene ügyészségi
törvényességi felügyeleti eljárás indul vagy keresetet nyújtanak be, illetve ha a legfelsőbb
szerve olyan napirend et tűz ki tárgyalásra, amely a szervezet jogi személyisége
megszűnését eredményezheti.",1
3.2.3. Erste Lakossági TeleBank szolgáltatás igénylése,2
1.8 A Felhasználói Tartalmáért a Felhasználó teljes körűen felel.,0
8.1. A Szerződés az Egyedi Megrendelés Eladó részére történő elküldésének napján jön létre és lép hatályba.,4
"10.1. Teljesítés igazolása A Vevő a SAP rendszerből Teljesítésigazolást állít ki, melyet elektronikusan megküld az Eladó részére, az Eladó által megadott e-mail címre.",4
ÁSZF: a Szolgáltató jelen általános szerződési feltételei elektronikus hírközlési szolgáltatások igénybevételére vonatkozóan Egyéni előfizetők részére.,4
27. A Finanszírozó köteles a jelentésről rejtjelezéssel védett adatátviteli vonalon az adott ellátási forma szerinti kísérőjegyzéknek megfelelő adattartalmú visszaigazolást küldeni a Szolgáltató részére.,2
"h) a folyósítás gyakorisága (havonta részletekben vagy tanulmányi félévenként egy összegben),",4
"123. Az Alza felhívja a figyelmet, hogy a kötelező jótállás csak az Alza által a Fogyasztónak eladott, 10 000 Ft -ot meghaladó vételárú termékekre terjed ki, ezért az Alza által ingyenesen, ajándékként vagy promóciós kiegészítőként adott termékekre nem vonatkozik kötelező jótállás.",4
"2.4. Vállalkozó  köteles az átadott tervek méreteit ellenőrizni, azokat a valósággal
összehasonlítani, szükség esetén helyszíni méreteket venni, melyek a munkájához
szükségesek. Minden olyan dokumentációt, mely a szerződés alapjául szolgál, vagy
a létesítmény megvalósítás a során átadásra kerül, Vállalkozó  saját felelősségére
ellenőrizni köteles mind műszaki, mind mennyiségi szempontból. Ha a Vállalkozó
hibát vagy hiányosságot állapít meg, akkor azt haladéktalanul köteles
Megrendelővel  közölni.",3
"a. egy termék adásvételére vonatkozó szerződés esetében attól a naptól számított 14 nap elteltével jár le, amelyen Ön vagy az Ön által megjelölt, a fuvarozótól eltérő harmadik személy a terméket átveszi;   ",2
"6.7.  Szolgáltató az áru visszaérkezését követően a fenti jogszabályok értelmében haladéktalanul, de legkésőbb 14 napon belül visszatéríti a kifizetett összeget a Felhasználó részére. Szállítási költség csak abban az esetben kerül visszatérítésre, ha az összes termék visszaküldésre kerül.",3
"5.6. A Kedvezményezettnek nem kell módosítási kérelem benyújtását kezdeményeznie,
amennyiben a megvalósítás során:

 a költségterv fősorain külön -külön, a jóváhagyotthoz képest 10 % -os, vagy 10 % -ot
meg nem haladó mértékben kíván összegszerűen átcsoportosítani,

 a költségterv fősorain belül az alsorok között kíván összegszerűen átcsoportosítani.

Amennyiben a költségterv módosítása új költségnem szerepeltetésére irányul, akkor a
módosí tási kérelem benyújtása szükséges.",2
A honlapon a megvásárolható Áruk lényeges tulajdonságairól az egyes Áruknál szereplő leírásokban adunk tájékoztatást.,4
"12. (1) A Bank a jogviszonnyal összefüggő valamennyi dokumentumot és tájékoztatást kizárólag a Szerződő félnek bocsátja rendelkezésre, a Kártyabirtokos(ok) folyamatos tájékoztatása a Szerződő fél kötelezettsége.",4
1.3 Mi és leányvállalataink technikai és működési támogatást nyújtunk az alkalmazásunkhoz. A Temun egy tranzakcióban több megrendelésért is fizethet. Egy csomagban több megrendelés is kézbesíthető.,2
"Nem állapítható meg hibás teljesítés, ha a szerződés megkötésekor a fogyasztó külön tájékoztatást kapott arról, hogy az áru valamely konkrét tulajdonsága eltér az itt leírtaktól, és az adásvételi szerződés megkötésekor a fogyasztó ezt az eltérést külön, kifejezetten elfogadta.",4
"4. A BKK Zrt. rendkívüli felmondása esetén a Felek a felmondás hatályának napjáig nyújtott Szolgáltatást – beleértve a szerződésszegést és a következményeit is – kötelesek egymással szemben elszámolni. Rendkívüli felmondás esetén a BKK Zrt. fenntartja magának a jogot a szerződésszegésből eredő jogai érvényesítésére, ideértve a kárai megtérítésére való jogot is.",2
"A Mobilalkalmazás használatához Felhasználói Fiók regisztrációja szükséges, mely során megadott személyes adatok kezelése és védelme jelen ÁSZF Adatvédelem fejezetében, továbbá a Mobilalkalmazás Adatkezelési tájékoztatójában meghatározottak szerint történik. A Felhasználó a regisztráció során jelölőnégyzet bejelölésével nyilatkozik az ÁSZF, valamint az Adatkezelési tájékoztató elfogadásáról. Az elfogadás nélkül a Mobilalkalmazás nem használható.",3
"2.7.1. A csődeljárás / felszámolás / végelszámolás alatt álló gazdasági társaság Számlatulajdonos – illetve a vonatkozó jogszabályok szerint erre jogosított személy – köteles a Banknak haladéktalanul, a vonatkozó jogszabályban meghatározott időpontig bejelenteni az adott eljárás megindítását, valamint kijelölésüket követően – az erre vonatkozó határozat benyújtásával – a vagyonfelügyelő / ideiglenes vagyonfelügyelő / felszámoló / végelszámoló személyét, azok hitelt érdemlő aláírását, illetve azt a tényt - az erre vonatkozó végzés becsatolásával –, ha a vagyonfelügyelőt / ideiglenes vagyonfelügyelőt és a Számlatulajdonost a Bíróság a csődeljárás / felszámolási eljárás alatt együttes cégjegyzési és a Bankszámlák feletti együttes rendelkezési joggal ruházta fel. A bejelentés és a szükséges okmányok benyújtását, illetve a vonatkozó bírói határozat közzétételét követően, illetve adott eljárás alatt a gazdasági társaság a rá vonatkozó jogszabályi korlátok között és szerint rendelkezhet a Bankszámla felett.",0
"117. Ha a digitális elemeket tartalmazó áru megvásárlásakor a szerződés része digitális tartalom / szolgáltatás meghatározott időtartamon keresztül történő folyamatos szolgáltatása, az Alza felel az áru digitális tartalommal / szolgáltatással kapcsolatos hibájáért, amennyiben a hiba az alábbi időtartamon belül következik be vagy válik felismerhetővé: ",2
"8.2 Ön felelős minden olyan tartalomért, amellyel bármilyen módon hozzájárul a Szolgáltatásokhoz, és Ön kijelenti és garantálja, hogy kellő jogosultsággal rendelkezik ahhoz, hogy a Tartalommal ilyen módon hozzájáruljon a Szolgáltatásokhoz.",3
"A kiépített hálózat rendeltetésszerű használata és az üzemképességének biztosítása az Előfizető felelőssége. Az
Előfizető köteles a Szolgáltató által a Helyhez kötött szolgáltatás nyújtása céljából igénybe vett elektronikus
hírközlési hálózat üzemeltetési feltételeit az Előfizetői Szerződés időtartama alatt biztosítani, valamint a
hibaelhárítás érdekében a Szolgáltatóval együttműködni.",4
"A Vállalkozó viseli a felelősséget a munkaterületen alkalmazott azon gépek, berendezések és a beépítésre kerülő anyagok megfelelőségéért és alkalmasságáért, amelyeket ő biztosított, ebben a körben felel továbbá a szükséges minőségi, munkavédelmi, biztonságtechnikai tanúsítványok meglétéért és azok Megrendelő részére történő átadásért. ",2
"A Rendelkezésre Állási Időszak az Egyenleg-felhasználási Időszakot követi, és 5 napig tart. Ezen idő alatt a volt
Előfizető kimenő hívásokat nem tud kezdeményezni, valamint az SMS, MMS és Internet sem elérhető. A hívások
fogadása az 5. nap lejártáig továbbra is lehetséges. Ezen időszak alatt az Előfizető új Elektronikus Feltöltőkártyával
vagy a meglévő Előfizetői SIM kártya elektronikus úton történő feltöltésével, vagy az Eht. 129.§ (2b) bekezdése 
szerinti sikeres adategyeztetés elvégzésével a Szolgáltatási Időszakot – ezzel egyidejűleg az Egyenleg-
felhasználási időszakot – a Rendelkezésre Állási Időszak alatt is újraindíthatja, ezáltal új határozott idejű Előre
Fizetett Díjú Előfizetői Szerződés jön létre. Ebben az esetben a Szolgáltató az Előre Fizető Előfizető által kifizetett,
de az egyenlegfeltöltést megelőzően fel nem használt összeget az új Előre Fizetett Díjú Előfizetői Szerződéshez
kapcsolódó Ügyfélegyenlegen jóváírja.",3
"(2) A Kincstár a Bank jognyilatkozati meghatalmazottjaként az ellenjegyzett nyomtatványok kézhezvételét követően azokat tartalmi és formai szempontból haladéktalanul megvizsgálja, ellenőrzi a szerződéskötési feltételek fennállását, valamint az esetleges kizáró körülményeket, és ennek alapján",2
Jelen dokumentum szerinti feltételeket kell alkalmazni a Szolgáltató által az ÁSZF Törzsrésze és annak Mellékletei szerint nyújtott szolgáltatásokra.,4
"2.1.19. A Bankszámla jogviszony fennállása alatt a Számlatulajdonosnak lehetősége van a számlanyitás során választott bankszámla-termékcsomagtól eltérő, Hirdetményben közzétett megbízását a Számlatulajdonos a jelen Pénzforgalmi ÁSZF 3.1. pontjában a megbízások megadására meghatározott módokon adhatja meg. A Számlatulajdonos bankszámla-termékcsomag váltásra vonatkozó megbízást bármikor jogosult benyújtani. A Bank a bankszámla-termékcsomag váltásra szóló megbízást gazdálkodó szervezet Számlatulajdonos esetén a megbízás átvételét követő banki munkanapon, természetes személy Számlatulajdonos esetén a megbízás átvételét követő naptári hónap első banki munkanapján hajtja végre.",1
"A Megrendelő a teljesítés közben előre nem látható módon, a Feleken kívülálló okból szükségessé vált munkák elvégzésére tartalék keretet biztosíthat. A vállalkozási díjat ki kell igazítani, amennyiben a Megrendelő a tartalékkeret (vagy annak egy részének) felhasználását rendeli el. A vállalkozási díj kiigazítását a Megrendelő írásban közli a Vállalkozóval. ",3
"4.1. Üzemeltetőnél egy egységes regisztrációs rendszer működik, mely az Üzemeltető által működtetett bármely Weboldalról elérhető. Amennyiben az Egyedi hirdetési szerződéssel nem rendelkező Felhasználó az Üzemeltető bármely Weboldalán már regisztrálta magát, az az e-mail cím és jelszó a többi Weboldalon, illetőleg a www.autoalkatresz.hu weboldalakon is érvényes.",3
"3.2.3. A Bank a konverziót igénylő Fizetési megbízások, illetve jóváírások teljesítésére Referencia-árfolyamot alkalmaz.",0
"11. Írni nem tudó vagy nem képes személy írásbeli jognyilatkozata abban az esetben érvényes, ha azt közokirat vagy olyan teljes bizonyító erejű magánokirat tartalmazza, amelyen a nyilatkozó fél aláírását vagy kézjegyét bíróság vagy közjegyző hitelesíti, vagy amelyen ügyvéd ellenjegyzéssel vagy két tanú aláírással igazolja, hogy a nyilatkozó fél a nem általa írt okiratot előttük írta alá vagy látta el kézjegyével, vagy az okiraton lévő aláírást vagy kézjegyet előttük saját aláírásának vagy kézjegyének ismerte el. Az olvasni nem tudó, továbbá az olyan személy esetén, aki nem érti azt a nyelvet, amelyen az írásbeli nyilatkozatát tartalmazó okirat készült, az írásbeli jognyilatkozat érvényességének további feltétele, hogy magából az okiratból kitűnjön, hogy annak tartalmát a tanúk egyike vagy a hitelesítő személy a nyilatkozó félnek megmagyarázta.",3
"7.1. A Weboldalak tartalma kizárólag tájékoztató jellegű, annak bárminemű igénybevétele valamennyi Felhasználó saját kockázata és felelőssége.",3
"10.3 Kérjük, hogy a rendelés leadása előtt alaposan ellenőrizze a megvásárolni kívánt termék minden leírását és korlátozását. Ha Önnél bármilyen különleges körülmény áll fenn (pl. egészségügyi vagy egészségi állapot és/vagy különleges igény), amely hatással lehet az Ön által megvásárolni kívánt termékre, akkor kizárólag az Ön felelőssége, hogy tájékoztassa az Eladót, mielőtt megrendelést ad le.",4
5.1. Felhasználó a regisztrációját követően bejelentkezik a webáruházba/vagy regisztráció nélkül is megkezdheti a vásárlást.,4
"5.8.2.2. A rendelések kiszállítási díját honlapunk automatikusan számítja, így Ön mindig pontosan tudja, mennyit kell fizetnie a rendelt áruért. Minden termék mellett megtalálja a pontos szállítási költséget. Azt is ha van, illetve azt is ha ingyenes a termék kiszállítása.",4
"A Vevő a „Fizetés” gomb megnyomásával fogadja el a jelen ÁSZF vásárlásra vonatkozó feltételeit, illetve az Interticket, mint a számítógépes jegyértékesítési rendszer szolgáltatójának általános szerződéses feltételeit.",4
A választott fizetési módot a vásárlónak írásban jeleznie kell a megrendelési folyamat során.,4
"Amennyiben a Vállalkozó a teljesítése során – akár egészben, akár részben – a Megrendelőhöz, vagy a megrendelői cégcsoporthoz tartozó munkavégzési helyen végzi a teljesítést, akkor ezen a teljesítési helyen végzett teljesítés során köteles betartani és betartatni a hatályos munkavédelmi, tűzvédelmi, környezetvédelmi és balesetmegelőzési óvórendszabályokat. Ezek elmulasztása esetén a Megrendelőt semmilyen felelősség nem terheli. A Megrendelő területén, berendezésein csak a Vállalkozó azon munkavállalói, közreműködői végezhetnek munkát, akiket a Megrendelő jóváhagyott. A Vállalkozó munkavédelmi, tűzvédelmi, környezetvédelmi és baleset- megelőzési óvórendszabályokat megsértő, illetve szabálytalanul munkát végző munkavállalója, közreműködője – a Megrendelő kifejezett kezdeményezésére – a továbbiakban nem foglalkoztató a Megrendelő területén, berendezésén. A Vállalkozó viseli a felelősséget a munkaterületen alkalmazott gépek, berendezések ",2
"Általános információk: A megrendelések leadása a libri.hu internetes áruházban kizárólag elektronikus úton lehetséges, interneten keresztül a www.libri.hu webcímen. Telefonon, faxon, e-mailen, levélben leadott rendeléseket a Szolgáltató nem fogad el. A rendelésekkel kapcsolatos tájékoztatásokat a Szolgáltató szintén elektronikus úton küldi el a Felhasználók részére",4
"A vételár mindig a kiválasztott termék mellett feltüntetett összeg, bruttó, 27% áfát tartalmazó ár.",4
"• Üzletszabályzat: a BKK Zrt. Üzletszabályzata egységes szerkezetbe foglalja azokat a jogokat és kötelezettségeket, amelyek egyrészt a BKK Zrt., másrészt a BKK Zrt. által szervezett fővárosi helyi vonalak, továbbá az agglomerációs autóbuszvonalak, valamint a HÉV (elővárosi vasút) által alkotott személyszállítási közszolgáltatási hálózatot igénybe vevőkre vonatkoznak. Az Üzletszabályzat feltünteti azokat a jogokat és kötelezettségeket is, amelyek a BKK Zrt.-vel közszolgáltatási szerződést kötött közlekedési szolgáltatók és az utasok között létrejövő személyszállítási közszolgáltatási jogviszonyban, a személyszállítási szerződésben érvényesülnek. Az Üzletszabályzat elérhető a https://bkk.hu/jegyek-es-berletek/utazasi-feltetelek/ weboldalon.",2
"Termék adásvételére irányuló szerződés esetében Ön köteles számunkra a terméket indokolatlan késedelem nélkül, de legkésőbb elállási nyilatkozatának közlésétől számított 14 napon belül visszaküldeni vagy átadni. A határidő betartottnak minősül, ha a 14 napos határidő letelte előtt elküldi a terméket. A visszatérítést mindaddig visszatarthatjuk, amíg vissza nem kaptuk a terméket, vagy Ön nem igazolta, hogy azt visszaküldte: a kettő közül a korábbi időpontot kell figyelembe venni. A termék visszaküldésének közvetlen költségét Ön viseli.",1
"Szolgáltató és Felhasználó között a szerződés a Felhasználó megrendelésének Szolgáltató általi visszaigazolásával jön létre. A szerződés határozott időtartamra jön létre, amely megszűnik azon a napon, amelyen Felek a szerződésben vállalt kötelezettségüket (elsődlegesen Szolgáltató vagy közreműködője átadta a megrendelt terméke(ke)t a Felhasználónak, Felhasználó pedig maradéktalanul eleget tett fizetési kötelezettségének) maradéktalanul teljesítették.",1
"A Szolgáltató a Páciens kezeléséhez kezelési tervet készíthet, melyet megfelelő indokkal, a Páciens előzetes tájékoztatása mellett bármikor módosíthat.",4
"7.1. Az Ávr.  100 . § (1) bekezdése  értelmében a támogatási igény jogosságát, a költségvetési
támogatás felhasználását a Támogató, a Lebonyolító, valamint a jogszabályban, pályázati
kiírásban, az Okiratban meghatározott szervek ellenőrizhetik . Az ellenőrzések
lefolytatására a tá mogatási döntés meghozatalát, az O kirat kiadását megelőzően, a
költségvetési támogatás igénybevétele alatt, a támogatott tevékenység befejezésekor,
illetve lezárásakor, valamint a beszámoló elfogadását követő öt évig kerülhe t sor.",2
"Amennyiben a Feltételek tartalma vagy a Szerződés más, egyedileg nem tárgyalt feltételének tartalma a jognyilatkozat értelmezésére vonatkozó rendelkezések és a szerződések értelmezésére vonatkozó szabály alkalmazásával nem állapítható meg egyértelműen, a feltétel alkalmazójával szerződő Fél számára kedvezőbb értelmezést fogadják el a Felek.  Amennyiben a Szerződés bármely rendelkezése érvénytelen, ez a Szerződés egyéb rendelkezéseinek érvényességét nem érinti, kivéve, ha a Felek ezen rendelkezés nélkül a Szerződést nem kötötték volna meg. ",1
"A békéltető testület hatáskörébe tartozik a fogyasztói jogvita bírósági eljáráson kívüli rendezése.Ha Ön eláll ettől a szerződéstől, haladéktalanul, de legkésőbb az Ön elállási nyilatkozatának kézhezvételétől számított 14 napon belül visszatérítjük az Ön által teljesített valamennyi ellenszolgáltatást, ideértve a fuvarozási költséget is (kivéve azokat a többletköltségeket, amelyek amiatt merültek fel, hogy Ön az általunk felkínált, legolcsóbb szokásos fuvarozási módtól eltérő fuvarozási módot választott.) A visszatérítés során az eredeti ügylet során alkalmazott fizetési móddal egyező fizetési módot alkalmazunk, kivéve, ha Ön más fizetési mód igénybevételéhez kifejezetten a hozzájárulását adja; e visszatérítési mód alkalmazásából kifolyólag Önt semmilyen többletköltség nem terheli.",0
"Antikvár kötet vásárlásával kapcsolatban a Szolgáltató felhívja a figyelmet arra, hogy az antikvár kötet ezen minőségéből eredően eseti jellemzőkkel bír aktuális (használt) állapotából eredően. Az antikvár kötetek mellett található kép többnyire illusztráció, a könyv borítója ettől eltérhet! Ha az adott kötetet saját képpel rögzíti az antikvárium, azt általában feltünteti a termékleírásban. Az antikvár kötet jellemzőit, így például, ha a kötetnek bármely sérülése van, vagy az antikvár kötetben, vagy annak borítóján bármilyen utólagos beírás szerepel (pl. munkafüzet esetén már kitöltött példány), vagy dedikált példány, azt a szöveges termékleírás tartalmazza. Ha az antikvár kötetet szemléltető borítókép és a termékleírás között eltérés adódik (pl. a borítóképen dedikálás szerepel, azonban a termékleírás ezt nem tartalmazza), antikvár kötet esetén is a termékleírás tartalma az irányadó (azaz a termékleírás szerinti kötet vásárolható meg).",2
"Az Sztv. értelmében a vasúti személyszállítást igénybe vevő vagy igénybe venni szándékozó személy (jelen pontban a továbbiakban: panaszos) panasszal élhet a vasúti igazgatási szervnél, ha álláspontja szerint a vasúti társaság megsértette az Sztv. 17. § (1) bekezdésében hivatkozott valamely rendelkezést. E panasz akkor terjeszthető elő, ha a panaszos a vasúti társaság panaszkezelési eljárását igénybe vette, de az nem vezetett a panaszos számára kielégítő eredményre. A vasúti társaság a panaszkezelési eljárást lezáró levelében és honlapján tájékoztatja az utasokat a jelzett jogorvoslati lehetőségekről, valamint a vasúti igazgatási szerv elérhetőségeiről. Panaszt benyújtani a vasúti társaság panaszkezelési eljárását lezáró dokumentum panaszossal való közlésétől számított három hónapon belül, ennek hiányában az Üzletszabályzat panaszkezelésre vonatkozó részében az eljárásra meghatározott határidő leteltét követő három hónapon belül lehet. E határidőn túl a vasúti igazgatási szervhez benyújtott panaszok vizsgálatát a vasúti igazgatási szerv mellőzi. A vasúti társaság panaszkezelési eljárásában hozott, az ügyet lezáró dokumentumot a vasúti igazgatási szerv részére a panasz mellékleteként be kell nyújtani. Ennek hiányában a vasúti igazgatási szerv hiánypótlási felhívást bocsát ki.",0
"o csatolt állományként olyan végrehajtódó állományt tartalmaz, amely a címzett(ek) vagy a BKK Zrt. érdekével ellentétes tevékenységet fejt ki, és ez a tevékenység a címzett jóhiszemű akarata ellenére is végbemehet, vagy",3
"4.4. Amennyiben a Megrendelőnek  bármilyen jogcímen követelése keletkezik a
Vállalkozóval  szemben, úgy azt a Vállalkozóval szemben fennálló vállalkozói
díj-tartozásába jogosult beszámítani, és követelését ily módon kompenzálni.


  5.1. Megrendelő jogai
– A Megrendelő  jogosult a jelen szerződésben rögzített munkák mennyiségét
növelni, vagy csökkenteni, önálló munkarészeket, rendszereket ideiglenesen vagy
véglegesen elhagyni.
– A Megrendelő  jogosult az elvégzett munkát folyamatosan ellenőrizni, bármely
pótmunkát más Vállalkozóval  elvégeztetni.
– A Megrendelő  jogosult más Vállalkozóval  elvégeztetni a kifogásolt, vagy hiányolt
munkákat, ha felszólítására a Vállalkozó  a kifogásolt vagy hiányolt
cselekményeket nem javítja, illetve nem pótolja – ebben az esetben a vállalkozói
díj az el nem végzett munkák értékével csökken.
– A Megrendelő  jogosult a beépítésre kerülő anyagok, berendezések
kiválasztásában részt venni és dönteni. Amennyiben a változtatásnak anyagi, vagy
határidő vonzata van, úgy ezek csak szerződés módosítás keretében rendezhetők.
– Amennyiben a Vállalkozó  a tevékenységéhez kapcsolódó takarítást legalább
naponta egyszer a munka végeztével a szakmai szokásoknak megfelelően nem
végzi el, vagy azt a Megrendelő  felszólítására sem kezdi meg, úgy a Megrendelő
alkalmanként 50.000, - Ft (azaz ötven ezer forint) összegű kötbérre jogosult,
amelyet jogosult a Vállalkozó részére leszámlázni.
– Amennyiben a Vállalkozó  a szerződésben és/vagy a szerződéshez kapcsolódó
mellékletben és/vagy általános szerződési feltételekben rögzített munkabiztonsági
és tűzvédelmi szabályokat nem tartja be , vagy  a Megrendelő  felszólítására sem
tesz ezeknek eleget, úgy a Megrendelő alkalmanként 50.000, - Ft (azaz ötven ezer
forint) összegű kötbérre jogosult, amelyet jogosult a Vállalkozó részére
leszámlázni.
- Amennyiben Vállalkozó  az elektronikus építési napló vezetésére vonatkozó
követelményeket megsérti, vagy ezeknek nem tesz eleget, és ez alapján a
Megrendelővel szemben a hatóság által építésfelügyeleti bírság kerül kiszabásra,
Megrendelő jogosult az ily módon kiszabott bírságot a Vállalkozóra hárítani.",2
2.4.9. A Gazdálkodó szervet/vállalkozás csőd/felszámolás/végelszámolás alá kerülése esetén alkalmazandó speciális szabályokat a jelen Pénzforgalmi ÁSZF 2.7. pontja tartalmazza.,3
"8. Hirdetési alapfeltételek, Szolgáltatás nyújtásának megtagadása, hirdetések törlése, korlátozása",4
"22. A Szolgáltató tudomásul veszi, hogy a szolgáltatás nyújtása során, azonos helyen és működési időben (azonos szervezeti egységben) nem közfinanszírozott egészségügyi ellátást nem nyújthat.",4
"5.8.1.1. A vételár mindig a kiválasztott termék mellett feltüntetett összeg, amely forintban értendő és (ha nincs külön jelölve) az általános forgalmi adót tartalmazza. A csomagolás és kiszállítás (fuvardíj, postaköltség) költségeiről az 5.8.2. pont alatt adunk tájékoztatást.",2
1.20 Az Üzemeltető a Felhasználó belépési e-mail címére vagy privát üzenet formájában a Szolgáltatással kapcsolatos üzeneteket továbbíthat.,4
"Az Egyenleg-felhasználási időszakok nem adódnak össze. Az Ügyfélegyenlegre feltöltött egyenleg
felhasználására a legutolsó egyenlegfeltöltéshez tartozó lejárati időtartam lesz az irányadó, azaz amelyik
lejárata későbbi időpontra esik.",4
Előzetes online bankkártyás fizetésre vonatkozó szabályok:,4
"A Vállalkozónak biztosítania kell, hogy a közreműködő a részére átadott szolgáltatásokat ne adja tovább, kivéve, ha a Megrendelő előzőleg írásban ehhez beleegyezését adta. ",4
"A Szolgáltató megtesz mindent azért, hogy az oldalain megjelenő adatok (termékek ára, elérhetősége, leírása stb.) a lehető legpontosabbak legyenek. A nyilvánvalóan téves, rendszerhibából származó, 0 v. 1 Ft-os, a szokásos piaci ártól lényegesen eltérő ár nem minősül ajánlattételre való felhívásnak és jogi kötelmet a Szolgáltató számára nem keletkeztet.",4
8.4. Hibás teljesítés miatti reklamáció.,4
"3.6 További információk a tartalom moderálásával, a Szolgáltatásokkal való visszaéléssel, a fellebbezési rendszerünkkel és azzal, ahogyan a felhasználóknak tartalmat ajánlunk, megtalálható a DSA Súgóoldalán. Felhívjuk a figyelmét, hogy a DSA az Európai Unió Digitális szolgáltatásokról szóló rendeletére utal, a DSA súgóoldalunk pedig a Feltételek szerves részét képezi, és azokkal összefüggésben értelmezendő.",3
"5.9.3. Az eMAG nem tárolja az Ügyfél/Vásárló bankkártya-adatait, azok az eMAG számára nem elérhetők és nem kerülnek továbbításra. Ezen fizetési mód a PayU (székhely: 60-166 Poznan, Grunwaldzka, Lengyelország) által működtetett és biztosított. Minderről az Ügyfél/Vásárló a fizetési mód kiválasztását és aktiválását megelőzően tájékoztatást kap és adatai PayU SA általi kezeléséhez hozzájárul.",3
"7.4. Kedvezményezett köteles az ellenőrző szer vezetekkel együttműködni, az ellenőrzést végző
szerv képviselőit ellenőrzési munkájukban a megfelelő dokumentumok, számlák, a
megvalósítást igazoló okiratok , bizonylatok rendelkezésre bocsátásával, valamint a fizikai
teljesítés vizsgálatában a helyszínen i s segíteni, továbbá a megfelelő dokumentumokat
rendelkezésre bocsátani és a helyszíni ellenőrzéshez szükséges feltételeket biztosítani. Ha
Kedvezményezett az ellenőrzés során felróható magatartásával az ellenőrző szerv munkáját
ellehetetleníti, Lebonyolító  az Okiratot visszavonhatja .",3
"4.8. Az adatok megadását követően Felhasználó a ”Rendelés jóváhagyása” gombra kattintva tudja elküldeni megrendelését, előtte azonban még egyszer ellenőrizheti a megadott adatokat, illetve megjegyzést is küldhet a megrendelésével, vagy e-mailben jelezheti Szolgáltató felé egyéb, rendeléssel kapcsolatos megjegyzéseit.",4
"A 45/2014 (II.26) Korm. rendelet 29. § (1) c-d) pontjai értelmében a Felhasználó nem gyakorolhatja az elállási jogát c) olyan nem előre gyártott áru esetében, amelyet a fogyasztó utasítása alapján vagy kifejezett kérésére állítottak elő, vagy olyan áru esetében, amelyet egyértelműen a fogyasztó személyére szabtak; d) romlandó vagy minőségét rövid ideig megőrző áru tekintetében, ezért a megrendelt és kifizetett rendelés nem módosítható és nem vonható vissza, nem törölhető!",0
"A Belépőjegyek árának meghatározása az adott Rendezvényszervező hatáskörébe tartozik. A Szolgáltató fenntartja magának a jogot, hogy bármikor megváltoztassa a Belépőjegyek vételárát a Rendezvényszervező utasításai alapján, illetve a járulékos költségek mértékét. Az árváltoztatás joga nem alkalmazható a már megkezdett vásárlásokra.",2
"A jelen Feltételek alapján teljesített munkára a Megrendelésben, illetve a Szerződésben meghatározott határidők szigorúan kötelezik a Vállalkozót. A Vállalkozó előteljesítésre akkor jogosult, ha ehhez a Megrendelő előzetesen, írásban hozzájárult. ",2
5. A Fogyasztó a Webáruházban és a fizikai üzletben történő megrendelés/vásárlás során is az Alzával kerül szerződéses jogviszonyba.,4
"4.1. Amennyiben a Vállalkozó nem átalányáras szerződést kötött a Megrendelővel,
úgy Vállalkozó a Megrendelő által leigazolt tételes felmérés alapján jogosult
számla benyújtására. Számla csak és kizárólag a Megrendelő képviselője által
leigazolt és minden fél által aláírt teljesítés igazolása alapján fogadható be,
melynek eredeti példányát minden esetben csatolni kell az adott számlához
vagy akkor, ha a teljesítésigazolást az eszerzodes.hu oldalon minden fél aláírta .
Végszámla az eredményes műszaki átadás -átvétel  után (a munka generál
megrendelője általi) – az esetleges mennyiségi és minőségi hiányok
megszüntetését követően – a jelen általános szerződési feltételekben rögzített
és vállalt kötelezettségek betartása ill. maradéktalan teljesítése esetén,
teljesítési j egyzőkönyv kiadása után nyújtható be.",1
"4.5.2.4. Külföldre történő szállításra is van lehetőség, ezen lehetőségről kérjük, hogy érdeklődjön a 30/6352623-as telefonszámon van az info@fonallak.hu címen.",4
14. Szerződés megszűnése,4
"1.3. Szolgáltató hibabejelentőjének valamennyi elérhetősége (cím, telefonszám, egyéb elérhetőség, nyitvatartási idő)",3
"7.9. Felhasználó által rendelkezésre bocsátott vagy közzétett tartalomért, a tartalom által okozott vagy az azzal összefüggésben felmerült mindennemű kárét, jogsérelemért, sérelemdíj igényért kizárólag Felhasználó tartozik felelősséggel. Amennyiben harmadik személy igényt érvényesít, vagy bármely hatóság eljárást indít, Felhasználó kötelezettséget vállal az ezzel kapcsolatban Üzemeltetőnél felmerülő valamennyi költség, sérelemdíj igény, kár, elmaradt haszon megtérítésére.",3
"l) képesítési követelmények szerinti képzési idő (félévek száma),",4
7. Felelősség,4
"130. A jótállásra vonatkozó hiba bejelentésének határideje: A Fogyasztó köteles a hibát a felfedezését követően haladéktalanul, de a jótállási időn belül – és minimum a hiba felfedezésétől 2 hónapon belül – jelezni az Alzának. A jótállási idő elmulasztása jogvesztő. A 2 hónapos határidőn túl a közlés késedelméből eredő károkért a Fogyasztó felelős.",4
"a. a kedvezménykupont más termékhez használták fel, mint amihez az ki lett állítva; b. a kedvezménykupont más kedvezménnyel együtt érvényesítették, annak ellenére, hogy a kedvezmények párosítása nem megengedett;",4
"6.3 A TKSZ 2.1.1.2. pontja szerinti hőátalakítással megvalósuló szolgáltatás esetén a tulajdonában lévő felhasználói hőközpontot a BKM NONPROFIT Zrt. üzemelteti és tartja fenn. A hőközpontot magába foglaló helyiség zavartalan megközelítését és a berendezés üzemeltetése, fenntartása céljára történő kizárólagos használatát a Felhasználó díjmentesen biztosítja a BKM NONPROFIT Zrt. részére.",2
41. A Diákhitel Központ határozatlan idejű DH1 Hitelszerződés alapján meghatározott pénzösszeget bocsát a Hitelfevevő rendelkezésére. A Hitelfevevő a DH1 összegének visszafizetésére és a kamat összegének megfizetésére köteles. Az egyéni Hiteltartozás mindenkori értéke két részből áll:,3
2.26. Napi átutalási (tranzakciós) limit,0
"Az Elektronikus Feltöltőkártya az Előfizetői SIM kártyához tartozó Ügyfélegyenleg feltöltésére szolgáló eszköz. Az
Elektronikus Feltöltőkártya egyenlegfeltöltésre kizárólag a Szolgáltató díjcsomagjai, és a Szolgáltató által
nyilvántartott Ügyfélegyenlegek tekintetében használható fel.",3
"Előrendelés: Szolgáltató oldalán „Előrendelhető” szállítási státusszal még meg nem jelent (későbbiekben megjelenő) termékek is kosárba tehetőek, megrendelhetőek „Bevezető áron”, akár egyéb termékekkel együtt is. Előrendelhető termékre leadott rendelés kizárólag átvételkor történő fizetéssel adható le. Előrendelhető termék nem előrendelhető termékekkel együttes rendelése esetén az előrendelt termék értéke hozzáadódik a többi termék értékéhez a rendelésre érvényes szállítási díj meghatározása során, de az előrendelt termék a többi terméktől külön, a megjelenést követően, önállóan kerül kiszállításra. Ha az előrendelt termék mellett más terméket is rendel a Felhasználó, és rendeléséből csak az előrendelt termékre vonatkozót tartja fent, a rendelés a szállítási díj meghatározása szempontjából önálló megrendelésnek fog minősülni. Ha a rendelés csak előrendelt termékre vonatkozik, annak szállítási díja a normál rendelésekkel azonos módon kerül meghatározásra.",1
"5.4 A Bank nem felel azokért az eseményekért, nem teljesítésekért, amelyek abból adódnak, hogy az Ügyfél/Felhasználó nem megfelelően alkalmazza az olvasót.",3
"A Szolgáltató kötelezettséget vállal, hogy a járóbeteg-szakellátás végzésére érvényes szakmai, hatósági, működési engedélyekkel és a tevékenysége folytatásához kapcsolódóan felelősségbiztosítással rendelkezik, a teljesítése során általa alkalmazott eljárás, technológia, a teljesítéshez általa biztosított, felhasznált eszközök mindenben megfelelnek a hatályos jogszabályoknak, továbbá az érdekkörében eljáró Szerződött Partnerek (-) rendelkeznek valamennyi hatósági engedéllyel, valamint mindazzal a szakmai ismerettel, amely a jelen jogviszony tárgyát képező tevékenység szakmai szabályoknak megfelelő végzéséhez szükséges.",3
"6.2.3.3. eXtra szolgáltatáson belül felhasználható kuponok Az eXtra szolgáltatáson belül a Felhasználó a fenti eXtra keret funkcióval és eXtra keret plusz funkcióval felhasználható egyenlegein túl az eXtra kuponokat is felhasználhat az általa igénybevett Szolgáltatás ellenértékének kiegyenlítésére, amennyiben a kupont beváltja az eXtra funkció részét képező Kuponok beváltása gombra kattintását követően megnyíló aloldalon. A Felhasználó által beváltott kuponok mellett az Üzemeltető is jogosult a Felhasználó részére egyoldalúan kuponokat feltölteni az adminisztrációs felületére, amelyeket a Felhasználó a feltöltést követően Szolgáltatások igénybevételére használhat fel. A beváltott/feltöltött és Szolgáltatások igénybevételére felhasználható kuponokat az Üzemeltető a Felhasználó adminisztrációs felületén belül, az Egyenleg (tranzakciók) gomb alatt elérhető eXtra aloldalon tartja nyílván „Rendelkezésre álló kuponok:” megjelöléssel.",3
1.6. A szerződéskötés és a szerződés fennállása alatt a Bank és az Ügyfél közötti kapcsolattartás magyar nyelven történik.,4
"13.3 Amennyiben a BKM NONPROFIT Zrt. a szolgáltatási kötelezettségének neki felróható okból, vagy jogszerű szüneteltetés esetén az előírt előzetes értesítés mellőzésével, három (3) napot meghaladó ideig nem tesz eleget, az éves alapdíj szüneteltetés idejére eső része háromszorosát köteles a szolgáltatás díját fizető Felhasználó vagy a Díjfizető részére visszatéríteni.",4
Rövid cégnév: Magyar Telekom Nyrt.,4
"11.1 A BKM NONPROFIT Zrt. jogosult a Felhasználók és Díjfizetők tájékoztatása mellett a Felhasználók és a Díjfizetők adatai közül azok kezelésére, amelyek a Felhasználók és a Díjfizetők azonosításához, továbbá a Szerződés teljesítéséhez szükségesek, a Szerződés hatálybalépésétől annak megszűnése után az abból származó követelések elévüléséig. A BKM NONPROFIT Zrt. a feladatuk ellátásához szükséges adatokat a Felhasználók és Díjfizetők tájékoztatása mellett átadhatja azon szervezetek részére, amelyek a BKM NONPROFIT Zrt. megbízásából a díjak számlázását, beszedését, a követelések kezelését és az ügyfél-tájékoztatást végzik. Az adatkezeléssel kapcsolatos részletes szabályokat a Tszt. 45.§-a tartalmazza. Jelen rendelkezés az adatkezelés és a vonatkozó adatok átadása tekintetében a Felhasználók és Díjfizetők irányába tett tájékoztatásnak minősül.",0
"1.1. Az Általános Szerződési Feltételek (a továbbiakban: ÁSZF) a MÁV Zrt., mint Vevő (a továbbiakban: Vevő) és az Eladó (a továbbiakban: Eladó, együtt: Felek) közötti, általános forgalmi adó nélkül számított 1.000.000 HUF-t el nem érő ellenértékű szerződések általános szerződési feltételeit tartalmazza.",2
"48. A finanszírozási szerződés megszűnik, amennyiben azt a Felek a jövőre nézve, közös megegyezéssel megszüntetik.",4
"8.3.3. Amennyiben Vállalkozó  a javítási munkát nem fejezi be a
Megrendelővel  kölcsönösen megállapodott határidőre, úgy
Megrendelő  jogosult naptári naponként a teljes szerződéses összeg
0,2% -ának megfelelő mértékű késedelmi kötbér érvényesítésére,  (ha
a vállalkozói díj óra -, vagy napidíjban van meghatározva, akkor a
késedelmi  kötbér összege minimum 150.000 ,-Ft / NAP .) amelyet a
Vállalkozó  írásban történő értesítését követően a visszatartott
garanciális összeg ill. bankgarancia terhére érvényesíthet.",2
"9.2 A szerződést a Bank indokolás nélkül, írásban 30 naptári napos felmondási idővel jogosult felmondani (rendes felmondás).",4
2.6.2. Letéti számla,4
"A DPD szolgáltatási díjai nem tartalmazzák utánvétkezelés esetén az átutaláshoz kapcsolódó költségeket (pl. tranzakciós illeték), azokat az Ügyfél viseli. ",3
"4.4 Hirdetés közzététele egyéb kategóriákban: az Üzemeltető ingyenesen közzéteszi az Egyedi hirdetési szerződéssel nem rendelkező Felhasználó hirdetését 12 darab fényképpel az alábbi kategóriákban: (i) “eladó” vagy “eladó és bérelhető” haszonjármű, munkagép, motorkerékpár/quad, autóbusz, lakókocsi, pótkocsi/utánfutó, hajó, egyéb) (ii) “bérelhető” személygépjármű és kishaszongépjármű A hirdetés a Közzététel Napját követő 30. nap végéig jelenik meg. Az Egyedi hirdetési szerződéssel nem rendelkező Felhasználó jogosult a hirdetését a Közzététel Napjától számított 30. nap végéig (23:59) - legkorábban a lejárat előtt 7 nappal ingyenesen újabb 30 napos periódusra meghosszabbítani Ugyanazon hirdetés 30 napos hirdetési periódusokra hosszabbítható meg. A Közzététel Napjától számított 360. napon a hirdetés közzététele megszűnik és a továbbiakban nincs mód annak meghosszabbítására (Végső Lejárat Napja) sem ingyenesen, sem pedig ellenérték megfizetése mellett.",3
"A fogyasztóvédelmi törvény alapján a  eljárás tekintetében fogyasztónak minősül az önálló foglalkozásán és gazdasági tevékenységi körén kívül eső célok érdekében eljáró, külön törvény szerinti civil szervezet, egyházi jogi személy, társasház, lakásszövetkezet, amely árut vesz, rendel, kap, használ, igénybe vesz vagy az áruval kapcsolatos kereskedelmi kommunikáció, ajánlat címzettje.",2
"Ha az Eladó vállalkozás a fogyasztó szavatossági igényének teljesíthetőségéről annak bejelentésekor nem tud nyilatkozni, álláspontjáról – az igény elutasítása esetén az elutasítás indokáról és a békéltető testülethez fordulás lehetőségéről is – öt munkanapon belül, igazolható módon köteles értesíteni a fogyasztót. törekednie kell arra, hogy a kijavítást vagy kicserélést legfeljebb tizenöt napon belül elvégezze. Ha a kijavítás vagy a kicserélés időtartama a tizenöt napot meghaladja, akkor az Eladó a vállalkozás a fogyasztót tájékoztatni köteles a kijavítás vagy a csere várható időtartamáról.",3
"7.3 Ön tudomásul veszi és elfogadja, hogy a Szolgáltatások sajátjaink vagy licenceljük őket. Ön vállalja, hogy nem módosítja, nem teszi közzé, nem továbbítja a Szolgáltatásokat, nem vesz részt ezek átruházásában vagy értékesítésében, nem reprodukálja őket, nem hoz létre azokon alapuló származékos alkotásokat, és semmilyen más módon nem hasznosítja a Szolgáltatásokat, kivéve a jelen 7. szakaszban kifejezetten meghatározott eseteket.",2
"3.2.6.1. Mobilalkalmazási szolgáltatást a Banknál internetbanki szolgáltatási jogosultsággal rendelkező Számlatulajdonos igényelhet, a Lakossági elektronikus csatorna szolgáltatások Hirdetményében leírt módon.",2
"1. Amennyiben a jogszabály azt lehetővé teszi, a BKK Zrt. nem vállal felelősséget az elmaradt haszonért, kiesett bevételért, az elveszett adatokért, a pénzügyi veszteségért, illetve nem nyújt közvetett, rendkívüli, következményi, nem vagyoni vagy vagyoni jellegű kártérítést. A BKK Zrt. kifejezetten kizárja a felelősségét minden olyan kár miatt, amely az Alkalmazással tervezett utazások esetleges pontatlanságából vagy az ezekkel kapcsolatos késésekből ered, így Felhasználó tudomásul veszi, hogy a fentiekből származó minden kárt maga köteles viselni.",3
"6.1 A szolgáltatást azon Ügyfél veheti igénybe, aki a megfelelő számla nyitására és vezetésére vonatkozó, a Bankkal kötött érvényes és hatályos szerződéssel rendelkezik.",4
"Költési szint: egy vagy több, 6. sz. melléklet 6. pontja szerinti Hűségcsoportba vont szolgáltatáshoz választott Telekom otthoni és Telekom mobil díjcsomagok alapáras (kedvezmény nélküli) havidíjainak összege, kedvezményes készülékvásárláshoz kapcsolódó határozott időtartamú szerződés esetén az előfizető a költési szint határozott időtartam alatti fenntartására is kötelezettséget vállal. A költési szint az annak vállalásakor érvényes díjak szerint kerül megállapításra, annak mértékét a későbbi díjváltoztatás (esetleges díjcsökkentés/díjemelés) nem befolyásolja.",1
"1.1. Jelen Általános Szerződési Feltételek (a továbbiakban: ÁSZF) hatálya a Nemzeti Tehetség
Program végrehajtásának 202 3-202 4. évi cselekvési programjáról szóló 1110/2023.
(III.30.)  Korm. határozatban meghatározott , a Magyarország 202 3. évi központi
költségvetéséről szóló  202 2. évi XXV. törvény  1. melléklet  XX. Kulturális és Innovációs
Minisztérium  fejezetben szereplő 20/9/1  Nemzeti Tehetség Program (ÁHT azonosító:
282178) , megnevezésű fejezeti kezelésű előirányzat terhére kibocsátott  Támogatói
Okirat okra terjed ki.",1
Az egyes területileg illetékes  elérhetőségei: eljárás fogyasztónak nem minősülő személyek esetén,4
c) az elektronikus fizetési eszközzel felhatalmazás nélküli fizetési tranzakciót kezdeményeztek.,4
"2.2.5. Ha a Számlatulajdonos jogi formáját szabályozó jogszabályból az következik, hogy a szervezetnek több vezetője van, a Bank bármelyik vezető bejelentését érvényesnek fogadja el. Ha a Számlatulajdonos alapító okiratában (társasági szerződésében, alapszabályában, a szervezet legfőbb szervének határozatában) a vezetők közül a bejelentésre egy vagy több személyt kizárólagosan jogosítottak fel, a Bank az ekként feljogosított vezető, illetőleg vezetők bejelentését fogadja el érvényesnek. Több egymásnak ellentmondó bejelentés közül a Bank érvényesnek a legutolsó bejelentést fogadja el. A bejelentés szempontjából a Bank a Számlatulajdonos képviseletére jogosultnak tekinti a személyt mindaddig, amíg a cégnyilvántartásra, illetőleg, ha a szervezetet más nyilvántartásba jegyezték be, ez utóbbi nyilvántartásra vonatkozó jogszabályok szerint a Számlatulajdonos képviseletére jogosult.",2
"4.10. Felhasználó e-mail-ben a megrendelés elküldését követően visszaigazolást kap. Amennyiben e visszaigazolás Felhasználó megrendelésének elküldésétől számított, a szolgáltatás jellegétől függő elvárható határidőn belül, de legkésőbb 48 órán belül Felhasználóhoz nem érkezik meg, Felhasználó az ajánlati kötöttség vagy szerződéses kötelezettség alól mentesül. A megrendelés és annak visszaigazolása akkor tekintendő a Szolgáltatóhoz, illetve a Felhasználóhoz megérkezettnek, amikor az számára hozzáférhetővé válik. Szolgáltató kizárja a visszaigazolási felelősségét, ha a visszaigazolás azért nem érkezik meg időben, mert Felhasználó rossz e-mail címet adott meg regisztrációja során, vagy a fiókjához tartozó tárhely telítettsége, vagy egyéb a Szolgáltatótól független ok miatt nem tud üzenetet fogadni.",1
"• Közlekedési mobiljegy: az Alkalmazáson keresztül megvásárolható, az egyes közszolgáltatások egységes elektronikus értékesítéséről szóló 2020. évi CXLV. törvény 1. § d) pontja szerinti személyszállítási szolgáltatás igénybevételéhez szükséges elektronikus közlekedési jegy.",2
"3.20.1. A Vatera Vevővédelem a Vatera által nyújtott szolgáltatás, amely azt biztosítja, hogy a Vevő visszatérítést kapjon olyan esetben, ha a Termék jelentősen eltér a leírtaktól, hibás, hiányos vagy elveszik, megsérül. A Vatera vevővédelmi szolgáltatás keretében a Vatera az aukciós vagy fix áras vásárlás (ideértve a Csomagajánlatban történő vásárlást is, amely esetben a Terméken a továbbiakban a Csomagajánlatban foglalt Termékek összességét is érteni kell) során a Vevő által a Termékért online fizetett összeget letéti számláján megőrzi mindaddig, ameddig a Tranzakció lezárt állapotba nem kerül. A Termék vételára csak azt követően kerül megfizetésre az Eladó részére, hogy a Vevő megkapta a Terméket és visszaigazolta, hogy azt rendben találta, illetve nem nyújtott be vevővédelmi panaszt, vagy vevővédelmi panasz benyújtása esetén amíg a panaszkezelési eljárás le nem zárult a vevővédelmi panasz részbeni vagy teljes elutasításával. Ettől eltérő esetben a vételár visszafizetésre kerül a Vevő részére. Vevővédelmi panasz felmerülése esetén a Vatera lehetőséget biztosít a Vevőnek és az Eladónak a Vatera felületén, formalizált eljárás keretében a panasz egyeztetésére és megegyezésre, amely utóbbi hiányában a Vatera Ügyfélszolgálata működik közre a panasz kezelésében és az ahhoz szükséges megfelelő intézkedések meghatározásában.",2
"g. Büntetőfeljelentés: Amennyiben a Fogyasztó magatartása bűncselekmény gyanúját kelti (pl. csalás, informatikai rendszer elleni támadás, személyes adatokkal való visszaélés) az Alza jogosult feljelentést tenni a hatóságoknál.",3
"4.10. Felhasználók hirdetésenként 12 darab képet, 12 darab kép formátumú dokumentumot és 1 db PDF dokumentumot tölthetnek fel a hirdetett járműre vonatkozóan, amelyek kizárólag az alábbi dokumentumokról készült másolatok lehetnek: Gépjármű állapotlap; Hatósági igazolás a kilométeróra állásáról; Szervizkönyv; Szerviz számla. A feltöltött képeken a felhasználó feltöltés előtt köteles törölni vagy kitakarni a személyes adatokat, üzleti- vagy egyéb titkot tartalmazó információt. A Az 1 db PDF dokumentum megjelentetése a 12 db kép formátumú dokumentum mellett ingyenesen történik a hirdetésben. A jelen szakaszban foglalt feltételekkel ellentétesen feltöltött dokumentumokat az Üzemeltető haladéktalanul törölni jogosult.",3
"A Szolgáltató jogosult a nevében eljáró személyek képviseleti jogosultságát korlátozni, illetve eltérő tartalommal
meghatározni, különös tekintettel az Előfizetői szerződés megkötésére, módosítására, megszüntetésére való
jogosultság, szerződéses jognyilatkozatok megtétele, és a Szolgáltatás ellenértékének átvétele tekintetében. A
Szolgáltató képviseletében eljáró személyek az Előfizetőket – korlátozott képviseleti jog fennállása esetén –
tájékoztatják képviseleti jogosultságuk köréről.",1
"Helyhez kötött és Műsorterjesztés előfizetői szolgáltatás esetén az Előfizető köteles lehetővé tenni, hogy a
Szolgáltatás igénybevételéhez szükséges, a Szolgáltató által biztosított Eszköz a rendeltetésének megfelelő
módon kerüljön elhelyezésre, beállításra és üzembehelyezésre a Felek által előzetesen egyeztetett időpontban a
Szolgáltató vagy alvállalkozója által. Ha az Előfizető által tett hibabejelentést követő vizsgálat megállapításai szerint
a hiba nem a Szolgáltató által használatba adott Eszközből adódott, úgy az átvizsgálással és a kiszállással
kapcsolatos költségeket az Előfizető köteles a Szolgáltató számlája alapján a Szolgáltató számára megfizetni.",3
19,4
"108. A termékszavatosság a gyártónak, illetve forgalmazónak, így az Alzának a termék hibája miatti közvetlen, helytállása a Fogyasztóval szemben.",2
"5.6 Az e fejezetben előírtak alkalmazandók abban az esetben is, ha az Ügyfél/Felhasználó a szolgáltatást nem az annak igénybevételéhez szükséges banki eszközökkel használja.",2
"(2) A Kincstári számlavezető hely a nyomtatványok kézhezvételét követően azokat tartalmi és formai szempontból haladéktalanul megvizsgálja, és ennek alapján",3
"A Vállalkozó köteles a Megrendelőnek haladéktalanul jelenteni minden, a Szerződés teljesítésével összefüggésben bekövetkezett munkahelyi balesetet, mely a Vállalkozót vagy a teljesítésben közreműködő egyéb személyt érintette. A Vállalkozó munkavégzése során bekövetkezett munkabalesetek kivizsgálása, a felelősség megállapítása a Vállalkozó feladata. ",3
"12. A XII. 10. a) és c) pontjától eltérően az OBA által nyújtott biztosítás kiterjed a helyi önkormányzat, valamint a helyi önkormányzat által alapított költségvetési szerv betétjére, amennyiben a tárgyévet két évvel megelőző évi beszámolója adatai alapján a helyi önkormányzat költségvetési főösszege nem haladja meg az ötszázezer eurót.",0
"A jótállás időtartama (a jótállási idő) a tényleges teljesítéssel, tehát a terméknek az Ügyfél részére történő átadásával, vagy ha az üzembe helyezést a Szolgáltató vagy annak megbízottja végzi, az üzembe helyezés napja. Tartós fogyasztási cikknek minősülnek az egyes tartós fogyasztási cikkekre vonatkozó kötelező jótállásról szóló 151/2003. (IX.22.) Kormányrendelet mellékletében felsorolt termékek, melyekre a jogszabály egy éves kötelező jótállási időtartalmat ír elő. A rendelet (tárgyi) hatálya csakis az új, Magyarország területén kötött fogyasztói szerződés keretében értékesített és a rendelet mellékletében felsorolt termékekre vonatkozik.",3
b) bármelyik fél azonnali hatályú írásbeli felmondásával;,3
"6.2. A szállítási határidő a megrendelés visszaigazolásától számítva 1-90 munkanap. Ha a határidő utolsó napja munkaszüneti nap, a határidő a következő munkanapon jár le. A szállítási határidő attól függ, hogy a megrendelt termék a Szolgáltatónál készleten rendelkezésre áll vagy sem, továbbá a megrendelt termék mennyiségétől. A szállítás pontos időpontjáról e-mailben értesítjük a Felhasználót. Amennyiben a szállítási napon, a futárszolgálat munkatársa nem találja a Felhasználót a Felhasználó által megadott szállítási címen, abban az esetben telefonon is értesíti, ezért kérjük, hogy a telefonszámát és az e-mail címét pontosan adja meg. A készleten lévő termékeket a rendelés feldolgozásától számított 1-3 munkanap alatt szállítjuk ki. A munkanapokon 12:00-ig feldolgozott rendeléseket még aznap át tudjuk adni a futárszolgálatnak. A 12:00 után beérkezett és feldolgozott rendelések aznapi feladását nem tudjuk garantálni. A készleten lévő terméket fel lehet ismerni, ha a ""Készleten"" feliratot látja a termék mellett. Amennyiben a termék nincs készleten, vagy a szállítási idő a megadottnál hosszabb, ügyfeleinket telefonon vagy e-mailben értesítjük. A rendelésre érkező termékek 5-15 munkanap alatt érkeznek meg raktárunkba, de a gyártók és beszállítók raktárkészletétől függően egyedi esetben akár 90 munkanap is lehet. Amennyiben az oldalon a „Nem rendelhető”, vagy „érdeklődj” felirat olvasható, akkor a termék gyártása megszűnt, vagy nem rendelhető ezen a cikkszámon. A gyártók a rendelés után 1-30 munkanap alatt visszaigazolják, ha a rendelt termék nem elérhető, vagy megszűnt a gyártása, nem rendelhető. Ebben az esetben a Felhasználót telefonon vagy e-mailben értesítjük.",0
Aktv.: a termékekre és a szolgáltatásokra vonatkozó akadálymentességi követelményeknek való megfelelés általános szabályairól szóló 2022. évi XVII. törvény,1
2.4.8. A természetes személy Számlatulajdonos (két néven vezetett Bankszámla esetén a Meghatalmazottat felhatalmazó Számlatulajdonos) vagy a Meghatalmazott halálának időpontjával a Meghatalmazott Bankszámla feletti rendelkezési joga megszűnik. A Bank a Meghatalmazottat felhatalmazó Számlatulajdonos halála tényéről történő hitelt érdemlő tudomásszerzést követően a Meghatalmazott rendelkezését nem teljesíti. A Meghatalmazott köteles a Számlatulajdonos elhalálozásának tényét a Banknak haladéktalanul bejelenteni. Ennek elmulasztásából eredő esetleges károkért a Bankot felelősség nem terheli.,3
"6.2. Kedvezményezettnek a szakmai feladat megvalósításáról és a támogatás i előleg formájában
nyújtott támogatás teljes összegének felhasználásáról kell elszámolnia a beszámoló teljes
körű kitöltésével, a vonatkozó jogszabályoknak, és a Lebonyolító által az elsz ámoláshoz
kiadott Egységes elszámolási útmutatóban rögzített szabályoknak és feltételeknek
megfelelően, és köteles csatolni az összes előírt mellékletet. A beszámolót az EPER -ben kell
benyújtani. A beszámoló Lebonyolító által meghatározott részeit papír al apon kell
megküldeni. A pénzügyi elszámolás és a szakmai beszámoló csak együttesen tekinthető
beszámolónak.",2
"5. Az OTP Bank Nyrt. a hitelnyújtás feltételeként szabhatja, hogy az Ügyfél köteles beszámolni valamennyi, más hitelintézetnél és/vagy pénzforgalmi szolgáltatónál lévő bankszámlájáról, fizetési számlájáról, valamint esetleges egyéb üzleti érdekeltségeiről; illetve azt, hogy az Ügyfél tartozásának fennállása alatt rendszeresen az OTP Bank Nyrt. rendelkezésére bocsássa év végi, valamint évközi üzleti mérlegeit. A hitel nyújtása előtt és annak lejárati ideje alatt az OTP Bank Nyrt. jogosult és köteles tájékozódni a hitelfelvevő, illetve a kezes, egyéb biztosítékot nyújtó vagyoni viszonyairól, üzleti eredményeiről és várható fejlődéséről, a hitelkövetelést biztosító mellékkötelezettségek értékéről és érvényesíthetőségéről.",1
"Az előrendelés mindaddig hatályos, míg az teljesítésre nem kerül, azt az előrendelő nem törölteti Szolgáltató ügyfélszolgálatán keresztül, illetve amíg a kiadó vissza nem vonja megjelentetési szándékát, amely esetben Szolgáltató az adott terméket törli az előrendelhető könyvek közül és erről az előrendelőt e-mailben tájékoztatja az előrendelés leadása során megadott e-mail címen.",2
"Ha Ön eláll ettől a szerződéstől, haladéktalanul, de legkésőbb az Ön elállási nyilatkozatának kézhezvételétől számított 14 napon belül visszatérítjük az Ön által teljesített valamennyi ellenszolgáltatást, ideértve a fuvarozási költséget is (kivéve azokat a többletköltségeket, amelyek amiatt merültek fel, hogy Ön az általunk felkínált, legolcsóbb szokásos fuvarozási módtól eltérő fuvarozási módot választott.) A visszatérítés során az eredeti ügylet során alkalmazott fizetési móddal egyező fizetési módot alkalmazunk, kivéve, ha Ön más fizetési mód igénybevételéhez kifejezetten a hozzájárulását adja; e visszatérítési mód alkalmazásából kifolyólag Önt semmilyen többletköltség nem terheli. A visszatérítést mindaddig visszatarthatjuk, amíg vissza nem kaptuk a terméket, vagy Ön nem igazolta, hogy azt visszaküldte: a kettő közül a korábbi időpontot kell figyelembe venni.",2
"1.28 A Felhasználó által fizetett szolgáltatások visszatérítése: - Fizetett szolgáltatás csak abban az esetben visszatéríthető, ha az Üzemeltetőnek nem áll módjában a már kifizetett szolgáltatást szolgáltatni - A Felhasználó által vásárolt fizetett szolgáltatások visszatérítésének az Üzemeltető részéről történő megindítási határideje a Felhasználó által az Üzemeltető jelen dokumentumban megadott hivatalos elérhetőségeire küldött, a visszatérítési igényt tartalmazó levelének beérkezésétől számított 30 naptári nap - A Felhasználó által vásárolt fizetett szolgáltatások időarányosan kerülnek visszafizetésre, ha a fizetett szolgáltatások szolgáltatása megkezdődött - A Szolgáltató mentesül a visszatérítés alól, ha a Felhasználó a Felhasználói Fiók anonimizálással történő törlését kérte (Adatvédelmi Szabályzat és Tájékoztató IV/5/5.1 pont) vagy ha a Felhasználó által kérvényezett, Adatkezelő által elvégzett teljes adattörlést kért (Adatvédelmi Szabályzat és Tájékoztató IV/5/5.2 pont)",0
a) futárral kézbesítés esetén a küldemény feladásától számított 5. napon;,4
"A Szolgáltatót nem terheli felelősség az előre nem látható, illetve a tevékenységén kívül eső események okán felmerülő és bekövetkező károkért, az internet-szolgáltatást végző vállalkozások mulasztásaiért és üzemzavaraiért, más üzemzavarért, vírus fertőzésből, illetve az online tevékenység jellegéből adódó technikai jellegű hibákért, illetve a Rendezvényszervező által biztosított streaming-szolgáltatások, illetve felvételek minőségéért. Amennyiben a Vásárló az online rendezvény megtekintésekor hibát észlel, célszerű azt haladéktalanul, de legkésőbb az előadást követő munkanapon jeleznie a Szolgáltatónak, hogy a hiba fennállta és oka kivizsgálható legyen. A Vásárló nem folytathat olyan magatartást, amely a Szolgáltató informatikai rendszerét túlterheli, akadályozza vagy károsítja.",1
8.2. A Weboldalakon megjelenő hirdetéseknek magyar nyelvű változatot tartalmazniuk kell.,4
"a. a Fogyasztó választása szerint elsősorban kijavítást vagy kicserélést igényelhet. Ez alól két eset jelent kivételt: egyrészt, ha a fogyasztó által választott kijavítási vagy csereigény teljesítése lehetetlen, másrészt, ha az Alzának a fogyasztó által választott egyik igény (pl. kijavítási vagy csereigény) aránytalan többletköltséget eredményezne a másik igény teljesítéséhez képest. Amennyiben csak a termék alkatrésze hibásodott meg, úgy a Fogyasztó csak a meghibásodott alkatrész cseréjét kérheti, amennyiben ez nem lehetséges, úgy a b) pontban meghatározott igényeket érvényesítheti. ",2
"9.4 A Felhasználó köteles lehetővé tenni, hogy a BKM NONPROFIT Zrt. az elszámolás céljára szolgáló mérők és a hőfogadókban felszerelt költségmegosztók fenntartási munkálatait elvégezhesse és a mérők adatait leolvashassa. A leolvasás meghiúsulása esetén a BKM NONPROFIT Zrt. jogosult a felhasznált távhő mennyiségét a TKSZ 23.1. pontjában előírt módon megállapítani.",2
"Az Opera Értékesítési Centrumában és jegypénztáraiban történő vásárlás esetén a vételár kiegyenlítése kézpénzzel, utalvánnyal vagy bankkártyával történhet a Vevő választása szerint. A Vevő a vételár maradéktalan kiegyenlítését követően nyomtatott jegyet vagy bérletet kap, amelyet ő vagy a Látogató a jelen ÁSZF szabályai szerint jogosult felhasználni, a MÁO szolgáltatásait igénybe venni.",2
"A Szerződés meghiúsulása esetén a meghiúsulási kötbér mértéke 30 %, az alapja a meghiúsulással érintett munka nettó szerződéses díja. ",4
"7. Az OTP Bank Nyrt. a jogszabályi előírásoknak megfelelően az egységes értékpapír hozam mutatót (EHM) is közzéteszi, amennyiben erre jogszabály alapján köteles. Az EHM az egyes értékpapír ajánlatok összehasonlítására, az Ügyfél megfelelő tájékoztatására szolgál.",2
13.8 A BKM NONPROFIT Zrt. jogosult a szolgáltatás felfüggesztésével és a felfüggesztés megszüntetésével felmerült költségeit a szerződésszegőre áthárítani.,4
"4.5. Amennyiben a Szolgáltató minden gondossága ellenére hibás ár kerül a Webáruház felületére, különös tekintettel a nyilvánvalóan téves, pl. a termék közismert, általánosan elfogadott vagy becsült árától jelentősen eltérő, esetleg rendszerhiba miatt megjelenő “0” Ft-os vagy “1” Ft-os árra, akkor a Szolgáltató nem köteles a terméket hibás áron szállítani, hanem felajánlhatja a helyes áron történő szállítást, amelynek ismeretében az Ügyfél elállhat vásárlási szándékától.",2
"A Szolgáltató által kiállított e-számla számviteli és ÁFA jogszabályok által szabályozott, és adóigazgatási azonosításra teljes mértékben alkalmas. Az e-számlákat a hatályos jogszabályok alapján, elektronikus úton kell megőrizni. Az így kiállított e-számla megfelel az általános forgalmi adóról szóló 2007. évi CXXVII. törvényben, a 23/2014 (VI.30.) NGM rendeletben és az egyéb elektronikus számlára vonatkozó jogszabályokban előírt feltételeknek.",1
"Bolti vásárlás cseréje: Bolti vásárlás esetén nem illeti meg az online rendelésekre érvényes elállási jog a vásárlót.  Ugyanakkor Szolgáltató lehetőséget biztosít (visszavonásig) bolti vásárlás esetén, annak helyén, a vásárlást követő 8 munkanapon belül",4
"m) Hitelfevevő Magyarországon bejegyzett hitelintézetnél vezetett saját bankszámlaszáma, amelyre a Hitelfevevő a DH1 folyósítását kéri.",3
b) a kártyahasználattal összefüggő kizáró körülmény nem áll fenn.,4
"A Fogyasztó adásvételi szerződés megszüntetésére vonatkozó kellékszavatossági joga az Eladónak címzett, a megszüntetésre vonatkozó döntést kifejező jognyilatkozattal gyakorolható.",3
"− Amennyiben a Hitelfevevő a papíralapú szerződéskötést választja, abban az esetben a DH1 igénylésére a továbbiakban a 44-47. pontok irányadók.",2
"c.b) igényelt havi hitelösszeg,",4
"9.1. A Szolgáltató kötelezettsége teljesítéséhez közreműködőt jogosult igénybe venni. Ennek jogellenes magatartásáért teljes felelősséggel tartozik, úgy, mintha a jogellenes magatartást saját maga követte volna el.",1
"A Fogyasztó jogosult a vételár még fennmaradó részét - a szerződésszegés súlyához igazodva - részben vagy egészben visszatartani mindaddig, amíg az Eladó nem tesz eleget a teljesítés szerződésszerűségével és a hibás teljesítéssel kapcsolatos kötelezettségeinek.",3
"a) aláírásával látja el a Kincstári Bankkártya Szerződést és az Adatlapo(ka)t, illetve",4
"A Vállalkozó a számlát a teljesítést igazoló okiratok alapján állítja ki a Megrendelő nevére és székhelyére, és a teljesítést igazoló okiratok kíséretében az E.ON Gazdasági Szolgáltató Kft. postacímére - 9701 Szombathely Pf. 8. - köteles azt megküldeni. ",4
Termékszavatossági igényét Ön az Áru gyártó általi forgalomba hozatalától számított két éven belül érvényesítheti. E határidő elteltével e jogosultságát elveszti.,4
"13.10 A csökkentett mértékű szolgáltatást, a szolgáltatás felfüggesztését és a Szerződés felmondását a BKM NONPROFIT Zrt. csak úgy alkalmazhatja, hogy azok hátrányos következményei a kötelezettségét teljesítő Díjfizetőt vagy Felhasználót nem érinthetik.",3
"A termék Szolgáltató címére történő visszaküldésének költsége Fogyasztót terheli, kivéve ha a Szolgáltató vállalta e költségek viselését. A Fogyasztó kérésére Szolgáltató gondoskodik a visszaszállítás megszervezéséről, azonban a Szolgáltató által megszervezett visszaszállítás költsége a Fogyasztót terheli, a Szolgáltató ez esetben az általa megszervezett visszaszállítás költségét nem vállalja át a Fogyasztótól, kizárólag segítséget nyújt abban, hogy a Fogyasztónak a visszaszállítás megszervezésével ne kelljen foglalkoznia. Fogyasztó erre irányuló igényét Szolgáltató ügyfélszolgálata fogadja.",1
"A teljesítéstől számított hat hónapon belül a kellékszavatossági igénye érvényesítésének a hiba közlésén túl nincs egyéb feltétele, ha Felhasználó igazolja, hogy a terméket, illetve a szolgáltatást a webshopot üzemeltető vállalkozás nyújtotta. A teljesítéstől számított hat hónap eltelte után azonban már Felhasználó köteles bizonyítani, hogy az Felhasználó által felismert hiba már a teljesítés időpontjában is megvolt.",1
Termékszavatossági igényét a Megrendelő kizárólag a termék gyártójával vagy forgalmazójával szemben gyakorolhatja. A termék hibáját termékszavatossági igény érvényesítése esetén a Megrendelőnek kell bizonyítania.,3
"3.3 Ha Ön későbbi teljesítéssel, átutalás útján fizet, a megrendelés leadása előtt tájékoztatjuk Önt a vételár esedékességének időpontjáról.",3
"a. a termék vagy szolgáltatás ára a szokásos piaci árhoz képest jelentősen eltér (a termékre vonatkozó kedvezmény mértéke meghaladja a 60 %-ot), és az észszerűen eljáró fogyasztó számára ezen eltérés egyértelműen felismerhető; ",3
"A Szolgáltató nem vállal felelősséget azokért a következményekért, amelyek a Páciens szolgáltatási szerződésből – így jelen ÁSZF-ből is- eredő kötelezettségei megszegéséből adódik, vagy abból, hogy az orvosok és az ellátásban közreműködők egyéb, gyógyulással illetőleg a gyógykezeléssel kapcsolatos utasításait nem tartja be, az előírt gyógyszert nem szedi be vagy, nem az orvosi rendelvénynek megfelelően szedi, illetőleg az előírt terápiát nem az orvosi rendelvénynek megfelelően alkalmazza.",3
"Nemzetközi menetjegy átvételekor az utasnak/vásárlónak meg kell győződnie arról, hogy a menetjegyet az általa megadottak szerint állították ki, illetve, hogy jegyét a Szolgáltató honlapján az általa kívántak szerint vásárolta meg. Személyes vásárlásnál történő hiba esetén azt az utas/vásárló azonnal jelezni köteles a jegyértékesítő személyzet felé. Az azonnali jelzést követően a helyszínen a hibás menetjegy kezelési költség felszámítása nélkül, a hibás menetjegy bevonása mellett kerül módosításra.",3
"25. (1) A Kártyához PIN kód tartozik, melyet a Szerződő fél és a Kártyabirtokos érdekében a Kártyabirtokoson kívül más személy nem ismer, és nem ismerhet.",4
"A korlátozottan cselekvőképes kiskorú Páciens jognyilatkozatának érvényességéhez – ha törvény eltérően nem rendelkezik – törvényes képviselőjének hozzájárulása és nyilatkozata szükséges. A Páciens megérkezését követően a recepción jogosult az egyedi „Szolgáltatási szerződés” -t kitölteni. A „Szolgáltatási szerződés” kitöltése, elfogadása és megkötése kötelező, ennek hiányában a szolgáltatás igénybevétele nem kezdhető meg.",4
3.3.4.8. A Bankszámlán nyilvántartott követelés kimerülése a Bankszámlaszerződést nem szünteti meg.,3
"4.14 Az e-bank azonosító kártya lejárata előtt a Bank Hirdetményben közzétett díj ellenében gondoskodhat az új e-bank azonosító kártya elkészítéséről, amennyiben az Ügyféltől az e-bank azonosító kártya lejáratát megelőző 45. napig ellenkező írásbeli rendelkezés a Bank részére nem érkezik. Késedelmes rendelkezés esetén a felmerült költségeket az Ügyfél viseli.",1
"12.2.10.  Vállalkozónak gondoskodnia kell a tevékenysége során keletkezett szennyvizek
szakszerű gyűjtéséről és ártalmatlanításáról.",4
"Üzemeltető: Az, aki a Banktól függetlenül biztosítja a szolgáltatás eléréséhez szükséges, Hirdetményben meghatározott eszközöket.",4
"3.2. A Lebonyolító  – a források rendelkezésre állásának függvényében - a támogatást 100 %
támogatási előleg formájában, utólagos elszámolási kötelezettség mellett biztosítja a
Kedvezményezett részére az Okirat 4.2. pontjában  meghatározott ütemezés szerint.",1
"A Fogyasztó a termék hibája esetén - választása szerint - az 1. pontban meghatározott kellékszavatossági jogát, vagy termékszavatossági igényt érvényesíthet. Termékszavatossági igényként a Fogyasztó kizárólag a hibás termék kijavítását vagy kicserélését kérheti.",3
"Átvett és ki nem fizetett csomagok esetén fizetési felszólítást küldünk, illetve az ügyfél választhatja a visszaküldés lehetőségét is. Később azonban megtagadhatjuk az átutalásos fizetéssel történő kiszolgálást. Amennyiben az ügyfél nem kivánja kifizetni vagy rendezni átvett csomagját, úgy rendőrségi feljelentést teszünk szabálysértés vagy bűncselekmény miatt. Ez után a felelősségre vonás már nem vonható vissza és további költségek kifizetése várható, amelyet a bíróság szab ki.",4
"3.4. Amennyiben akciós ár kerül bevezetésre, a Szolgáltató teljes körűen tájékoztatja Felhasználókat az akcióról és annak pontos időtartamáról.",4
"7.3 Ha Zalando partner áruját küldi vissza, használhatja a megrendeléséhez mellékelt visszaküldési címkét. Egyéb esetben az egyes termékek weboldalán található link tartalmazza a megfelelő Zalando partner elérhetőségét. Elérhetőségeiket megtalálja továbbá az általunk küldött rendelés visszaigazoláshoz csatolt ""Elállási joggal kapcsolatos tájékoztatás"" című PDF fájlban.",3
"▪ Fentiek hiányában az okiratot az adott országban működő magyar külképviseleti (diplomáciai, vagy konzuli) hatósággal kell felülhitelesíttetni.",1
"4.6. A költségvetési támogatás felhasználását – ha ennek a közbeszerzésekről szóló 2015. évi
CXLIII. törvény  (a továbbiakban: Kbt.)  szerinti feltételei fennállnak – közbeszerzés
alkalmazásához kell kötni.",3
"1.5. Az ÁSZF-ben, az Egyedi előfizetői szerződésben és ahhoz kapcsolódó módosításban, nyilatkozatban hivatkozott jogszabályok rövidítése",3
"14.3 A felmondás eltérő megállapodás hiányában a felhasználási hely egészére, valamint mind a fűtési, mind a használati melegvíz célú szolgáltatás megszüntetésére kiterjed.",4
"(3) A meghatalmazottnak történő kiszolgáltatás esetén, az átvételi elismervény meghatalmazott(ak) általi aláírását követően a Kártyákkal és a PIN kódokkal összefüggő kárveszély teljes egészében a Szerződő félre száll.",2
Termékszavatossági igényét Ön a termék gyártó általi forgalomba hozatalától számított két éven belül érvényesítheti. E határidő elteltével e jogosultságát elveszti.,4
"6.7. A beszámolót  a Lebonyolító ellenőrzi. Nem vagy nem megfelelően teljesített beszámoló
esetén a  beszámoló  tekintetében a Lebonyolító a Kedvezményezettet hiánypótlás
keretében legfeljebb két alkalommal, egyenként 8 napos határidővel  Okirat szerű
teljesítésre hívja fel .",3
Telekom otthoni szolgáltatás: a Szolgáltató által helyhez kötött módon nyújtott szolgáltatások.,4
"A Fogyasztó az ANBANA Kft. Szolgáltató hibás teljesítése esetén, a szolgáltatóval szemben kellékszavatossági igényt érvényesíthet a Polgári Törvénykönyv szabályai szerint.",1
"1.7. A Felhasználó a regisztráció során kifejezetten tudomásul veszi, hogy Üzemeltető a Felhasználó által megadott személyes adatokat, a Weboldalak, vagy az adott Weboldal mobil applikáció használata során begyűjtött felhasználói adatokat (például meglátogatott weboldalak listája, technikai adatok, a Weboldal Felhasználó által történő felhasználására vonatkozó információk, valamint esetlegesen harmadik személyektől beszerzett felhasználói információk) rögzíti és Üzemeltető Adatvédelmi tájékoztatójában – amely Adatvédelmi tájékoztató a Weboldalakon elérhető – meghatározott módon és célokra felhasználja.",2
"(2) Nem minősül egyoldalú szerződés módosításnak, amennyiben a Bank az ÁSZF hatálya alá tartozó olyan új szolgáltatásokat, pénzügyi eszközöket, ügyleteket vezet be, amelyeket a Szerződő fél részére elérhetővé tesz és melyeket a Szerződő fél kifejezetten elfogad.",2
"11.19.  A munkaterület átvételekor
jegyzőkönyvben kell rögzíteni az általánostól eltérő baleseti veszélyforrásokat (pl.:
tűz- és robbanásveszély, gázüzemű berendezések, vezetékek, elektromos
szerelvények, stb.). Amennyiben azonos munkahelyen kettő vagy több  alvállalkozó
végez párhuzamosan munkát, az érintett alvállalkozók a Megrendel ővel
folyamatosan egyeztetni kötelesek az egészséget nem veszélyeztető, biztonságos
munkavégzés feltételeinek megteremtése érdekében, szóban vagy írásban:
a) az anyag - és energiavételezés módját, helyét,
b) a munkaterületek egymás közötti átadásának módját, sorrendjét,
c) az érintésvédelem kialakítását, megfelelőségét,
d) az anyagmozgatási, közlekedési útvonalak megfelelőségét,
e) az elsősegélynyújtás tárgyi és személyi feltételeit,
f) a tűzveszéllyel járó munkák biztonságos elvégzésének módját,
g) a munkabalesetek, rendkívüli események esetén követendő eljárást.",2
"A Teljes körű meghatalmazott az előfizetői jogviszonnyal összefüggésben a Szolgáltató által kezelt saját személyes
adataihoz hozzáférhet, és azokat módosíthatja.",4
11.2. A fonallak.hu weboldalról és annak adatbázisából bármilyen anyagot átvenni írásos hozzájárulás esetén is csak az adott weboldalra való hivatkozással lehet.,3
A DH1 Hitelszerződés leadása során az alábbi hivatalos okiratokat kell az adatellenőrzéshez bemutatni:,3
"(4) A Kártyabirtokos a Kártya kézhezvételekor köteles az azon szereplő adatokat ellenőrizni, és az aláírási mezőt kézjegyével ellátni.",4
7.7. A késedelem vagy a hibás teljesítés esetére kikötött kötbér megfizetése Eladót nem mentesíti a teljesítési kötelezettsége alól.,3
"Amennyiben a teljesítés a Megrendelő telephelyén történik és a Megrendelő a Szerződéstől eláll, vagy a Szerződést rendkívüli felmondással felmondja, a Vállalkozót a munkaterületről kitilthatja. ",4
"A Szolgáltató a szolgáltatás nyújtása értekében egy Előfizetői Hozzáférési Pontot létesít, amely a Szolgáltató vagy
a Szolgáltatóval szerződéses kapcsolatban levő más elektronikus hírközlési szolgáltatók központi kiszolgáló
berendezésének interfésze, továbbá biztosítja az Előfizetők részére a szükséges azonosítókat és jelszavakat,
amelyek segítségével az Előfizetői Végberendezések valamely elektronikus hírközlési hálózaton keresztül az
Internet hálózathoz kapcsolódhatnak.",2
"41. A Szolgáltató tudomásul veszi, hogy a jogszabályban meghatározott esetekben a visszafizetési/megtérítési kötelezettségén túl kamatfizetési kötelezettség is terheli, melynek mértéke a visszafizetési/megtérítési kötelezettség megállapításának napján érvényes jegybanki alapkamat kétszerese. A kamatfizetés kezdő napja annak a hónapnak az első napja, amely hónapban a visszafizetni/megtéríteni rendelt finanszírozási díj átutalásra került. Abban az esetben, amennyiben a Szolgáltató a visszafizetési/megtérítési kötelezettségének úgy tesz eleget, hogy azt a Finanszírozó a finanszírozási díjból levonja, ez esetben a kamatokat a levonás havának első napjáig kell számítani, minden más esetben a kamat összegét a visszatérítendő/megtérítendő finanszírozási díj Finanszírozó bankszámláján történő jóváírás napjáig kell számítani.",3
"28. A Webáruházban a szállítás várható időpontjáról nyújtott információk tájékoztató jellegűek, a közzétett információk az Alza becslésén alapulnak. Ezért előfordulhat, hogy a vásárlási folyamat során közölt szállítási idők az Alza által tanúsított legnagyobb gondosság ellenére is, előre nem látható külső körülmények (pl. vis maior helyzet, időjárás, forgalmi korlátozások stb.) miatt módosulnak. A várható szállítási határidő módosulásáról az Alza a Fogyasztót észszerű időben tájékoztatja.",3
"2.4. Felhasználó a Weboldalakon Üzemeltető által nyújtott Szolgáltatás megrendelésével egyben hozzájárul ahhoz, hogy Üzemeltető a Felhasználó által szolgáltatott, jogvédelem alatt álló elemeket (így különösen bizonyos esetekben a hirdetés szövegét, a csatolt képeket) Üzemeltető ellenérték fizetése nélkül, a Weboldalakon elérhető szolgáltatások nyújtásához szükséges és hasznos mértékben és körben felhasználja, beleértve a másolás, többszörözés, tárolás, közzététel, terjesztés, illetve a szükséges mértékű átdolgozás jogát, valamint harmadik személy részére történő felhasználási jog engedését is időbeli és földrajzi (területi) korlátozás nélkül. A felhasználási jog kizárólagos, Üzemeltető jogosult azt továbbadni harmadik személy részére. Felhasználó az előbbiekre való tekintettel csak az általa készített, vagy olyan egyéb anyagokat adhat át, amely kapcsán a kizárólagos felhasználási jogokkal rendelkezik.",3
"Külföldre történő értékesítés - területi alapú tartalomkorlátozás tilalma nem különbözteti meg a Honlap használatával Magyarország területén és az azon kívül az  területén belüli vásárlókat, azaz nem korlátozza a vásárlók hozzáférését a honlaphoz állampolgárságuk, lakóhelyük vagy letelepedési helyük alapján. A jelen ÁSZF eltérő rendelkezése hiányában az  területén biztosítja a megrendelt Áruk kiszállítását/átvételét.",3
"12.2.5.  A veszélyes anyagok biztonsági
adatlapjait a vásárláskor be kell szerezni a forgalmazótól és az építkezés
helyszínén tartani az abban szereplő a tárolásra, felhasználásra, baleset és
egészségvédelemre, környezetvédelemre vonatkozó utasításokat, valamint  a
kémiai biztonságról szóló 2000. évi XXV. törvény és a veszélyes anyagokkal és
a veszélyes készítményekkel kapcsolatos eljárások ill. Tevékenységek
részletes szabályairól szóló 44/2000 EüM rendelet előírásait (köztük a 9.§.
szerinti bejelentési köt elezettséget) be kell tartani.",2
"A 6990 Ft vagy annál nagyobb értékű rendelések esetén a kiszállítás ingyenes. Ha a rendelés értéke ennél alacsonyabb, rendelésenként 990 Ft szállítási és szolgáltatási költséget számítunk fel, amely tartalmazza az ÁFÁ-t.",4
12.2. Eladó a Szerződés megszegésével okozott kárt köteles megtéríteni a Ptk. mindenkor hatályos kárfelelősségi rendelkezéseinek megfelelően.,2
"X.2. Az ajándékkártyán lévő követelés készpénzre nem váltható. A maradványöszszeg nem téríthető meg készpénzben. Az ajándékkártyán lévő követelés után nem keletkezik kamatfizetési kötelezettség. Ajándékkártya vásárlása egy másik ajándékkártyával, engedményekkel vagy utalványokkal nem lehetséges.",3
"Abban az esetben, ha a kiszállított terméknek látható anyag- vagy gyártási hibája van, ideértve a szállítás során keletkezett sérüléseket, kérjük, hogy a hibát annak felfedezése után haladéktalanul, de nem később, mint a hiba felfedezésétől számított 12 hónapon belül közölje velünk az ugyfelszolgalat@aboutyou.hu címre küldött e-mailben vagy az alábbi 16. pontban meghatározott címre küldött levélben, vagy pedig az áru átvételekor logisztikai szolgáltatónk munkatársának. Ugyanakkor felhívjuk a figyelmét, hogy a szerződés teljesítésétől számított kétéves elévülési határidőn túl kellékszavatossági jogait már nem érvényesítheti. Kellékszavatossági jogai alapján Ön választása szerint kérhet kijavítást vagy kicserélést, kivéve, ha a választott kellékszavatossági jog teljesítése lehetetlen, vagy ha az a vállalkozás számára – másik kellékszavatossági igény teljesítésével összehasonlítva – aránytalan többletköltséggel járna. Ha a kijavítást vagy a kicserélést nem kérte, illetve nem kérhette, úgy igényelheti az ellenszolgáltatás arányos leszállítását, vagy a hibát a vállalkozás költségére Ön is kijavíthatja, illetve mással kijavíttathatja, vagy – végső esetben – a szerződéstől is elállhat. Jelentéktelen hiba esetén Ön nem jogosult a szerződéstől elállni. Választott kellékszavatossági jogáról egy másikra is áttérhet, az áttérés költségét azonban Ön viseli, kivéve, ha az indokolt volt, vagy arra a vállalkozás adott okot. A teljesítéstől számított hat hónapon belül a kellékszavatossági igénye érvényesítésének a hiba közlésén túl nincs egyéb feltétele. A teljesítéstől számított hat hónap eltelte után azonban már Ön köteles bizonyítani, hogy az Ön által felismert hiba már a teljesítés időpontjában is megvolt.",1
"11.16.  Azoknál a munkafolyamatoknál, ahol a munkavállaló veszélyforrás hatásának
lehet kitéve, a hatásos védelmet biztonsági berendezések, egyéni védőeszközök és
szervezési intézkedések – szükség szerint együttes – alkalmazásával kell
megvalósítani.  A vállalkozó kötelessége az olyan munkahelyeken, ahol be - vagy
leesési veszély van, vagy a munkavállalót és a munkavégzés hatókörében
tartózkodókat leeső tárgyak veszélyeztetik, elkerítéssel, lefedéssel, vagy más
alkalmas módon kell a védelemről gondoskodn i.",3
"A MÁO által az értékesítési helyeken vásárlásra felkínált jegyek és bérletek, melyek tulajdonságai és jellemzői a jegyen vagy bérleten olvashatók, továbbá a megvásárlásuk és felhasználásuk általános feltételei az ÁSZF-ben találhatók.",3
3. A Hitelkártya érvényessége és megújítása,3
"11.4. Tilos a fonallak.hu weboldal tartalmának, illetve egyes részeinek adaptációja vagy visszafejtése; a felhasználói azonosítók és jelszavak tisztességtelen módon történő létesítése; bármely olyan alkalmazás használata, amellyel a fonallak.hu weboldalon vagy azok bármely része módosítható vagy indexelhető.",2
"Az Önkormányzat a Budapest közlekedésszervezési feladatainak ellátásáról szóló 20/2012. (III. 14.) Főv. Kgy. rendeletben (a továbbiakban: Kijelölő rendelet) a személyszállítási szolgáltatásokról szóló 2012. évi XLI. törvény, a vasúti közlekedésről szóló 2005. évi LXXXVI. törvény, továbbá a közúti közlekedésről szóló 1988. évi I. törvény alapján feladatainak – Kijelölő rendeletben meghatározott körben és módon történő – ellátására a BKK Zrt.-t, mint közlekedésszervezőt jelölte ki. A BKK Zrt. az Önkormányzat 100%-os tulajdonában álló, közfeladat ellátására és közszolgáltatás biztosítására létrehozott gazdasági társaság.",0
"A Felek kárenyhítési kötelezettsége ebben az esetben is fennáll, ennek keretében a félnek mindenkor meg kell tennie minden tőle telhetőt azért, hogy bármilyen a Szerződés teljesítésében a vis maiorból adódó késést csökkentsen. ",4
"2.2 Nem használhatja a Szolgáltatásokat, amennyiben: (a) nem köthet velünk kötelező érvényű szerződést; vagy (b) a jelen Feltételek megsértése miatt vagy más észszerű okból eltiltjuk Önt a Szolgáltatások használatától.",4
"4.2. A minőségi átvétel keretében Vevő megvizsgálja azt, hogy az Eladó által átadott Termék alkalmas-e a kijelölt célra és felhasználásra, valamint megfelel-e az Egyedi Megrendelésben meghatározott feltételeknek, jellemzőknek.",4
"A DPD a sikertelen kézbesítés után a szolgáltatás típusa vagy az alábbiakban meghatározottak szerint jár el. Amennyiben a Címzett nem tudja a küldeményt a második kézbesítési kísérlet alkalmával sem átvenni, 5 napon belül át tudja venni a kézbesítési címének irányítószámához rendelt illetékes DPD depóban (kivéve azt az esetet, ha az így illetékes depó a 0171638-as depó - 1152 Budapest, Városkapu u. 12. - lenne). Ha a rendelkezésre álló 5 napon belül sem veszi át csomagját az illetékes DPD depóban, a Küldeményt a DPD a Feladónak visszaszállítja.  ",4
"A szerződésben kikötött, önként vállalt visszaküldési garancia nem érinti az Ön jogszabályok alapján fennálló jogait és követeléseit, különös tekintettel a jogszabályban biztosított elállási és szavatossági jogra, amelyet Ön továbbra is gyakorolhat.",3
"A hajóvezető érvényes, az adott felségvizeken elfogadott hajóvezetői engedéllyel és megfelelő rádiós vizsgával rendelkezik, melyet megbízottnak is bemutat. Megbízó/hajóvezető alkohol, drog, vagy más tudatmódosító szer befolyása alatt nem hajózhat. Ennek megszegése esetén a hatóság által kirótt büntetést viseli, valamint sem Megbízott, sem a charter cég felé ezzel kapcsolatos igényt nem érvényesíthet. Menetben lévő hajóért a hajóvezető egyszemélyben felel, a hajóban menetben vagy álláskor a személyzeti listán szereplők által okozott károkért a károkozó(k) vonható(k) felelősségre. Sem Megbízott, sem charter cég nem felelős Megbízó vagy valamely legénységi tag sérüléséért vagy a hajón kívül illetve belül keletkezett kárért, ami a hajózás folyamán keletkezik Megbízó vagy valamely legénységi tag hibájából. A mondott események miatt felelősség csak és kizárólag Megbízót illetve legénységi tagot terheli.",2
"3. Ha az Ügyfél a teljesítéshez szükséges adatokat tévesen, hiányosan, vagy késedelmesen adja meg, az ebből eredő kárért az OTP Bank Nyrt. nem felel.",4
"4.12 A bejelentés megtörténtét megelőzően bekövetkezett kárt az Ügyfél, a bejelentés megtörténtét követően bekövetkezett kárt pedig a Bank viseli. A Bank mentesül a felelőssége alól, ha bizonyítja, hogy a kár az Ügyfél/Felhasználó szándékosan vagy súlyos gondatlansággal okozott szerződésszegése folytán következett be. Ha a kár nem az Ügyfél/Felhasználó szándékos vagy súlyosan gondatlan magatartása folytán következett be, az Ügyfél a bejelentés megtörténtét megelőzően bekövetkezett kárt legfeljebb negyvenötezer forintos mértékig viseli. Az e-bank azonosító kártya, illetve az e-azonosító szám és a PIN kód egyidejű használatával végezhető elektronikus banki művelet tekintetében a kockázatok és költségek minden esetben az Ügyfelet terhelik.",1
"A vételár a jegyeken és bérleteken, valamint az ezekre vonatkozó közleményeken feltüntetett ár, amely tartalmazza a hatályos jogszabályokban megjelölt mértékű általános forgalmi adót is. A MÁO minden évadban közzéteszi a játszóhelyeire vonatkozó jegy-és bérletárakat, melyet jogosult egyoldalúan módosítani.",1
Milyen egyéb feltétele van kellékszavatossági jogai érvényesítésének?,4
d) az Előfizető/Igénylő képviselőjének a)-c) pont szerinti adatai;,3
"1.9 Fenntartjuk a jogot, hogy a feltűnően gyakori és szokatlan visszaküldési szokású vásárlókat legfeljebb 12 hónapra kizárjuk a további vásárlásokból. Ez különösen vonatkozik az ismételt aránytalan vagy visszaélésszerű, a szokásos vásárlói magatartástól eltérő visszaküldésekre.",3
Termékszavatossági igényét kizárólag az ingó dolog (áru) gyártójával vagy forgalmazójával szemben gyakorolhatja. Az áru hibáját termékszavatossági igény érvényesítése esetén Felhasználónak kell bizonyítania.,4
"5.2.2.1. Találati listás kiemelés (Előre rendezés a találati listában): A találati listás kiemelési Szolgáltatás igénybevétele esetén az adott hirdetés a felhasználói keresések (szűrések) találati listájában az 5.3. pontban foglaltaknak megfelelőenelőre sorolva jelenik meg. Egy adott időszakban bármikor, bármennyi hirdetésre megrendelhető a kiemelés. A találati listás kiemelés Szolgáltatás minimum 1 hétre rendelhető meg.",3
"Ha a Címzett távolléte miatt hiúsul meg a kézbesítés, a DPD értesítőt hagy és/vagy e-mailben értesíti a Címzettet a meghiúsult kiszállításról.  ",4
"6.3. A jelen ÁSZF alapján mind az egyedi hirdetési szerződéssel nem rendelkező, mind az azzal rendelkező valamennyi Felhasználó tekintetében az elszámolás, számlázás és kifizetés pénzneme a forint (HUF).",4
"6.2.3.2. eXtra keret plusz funkció: Az eXtra keret plusz funkcióval biztosított keretösszeg egyenlege minden egyedi hirdetési szerződéssel rendelkező Felhasználó részére elérhető az adminisztrációs felületén az eXtra funkció Egyenleg (tranzakciók) gombjának megnyomása után megjelenő eXtra plusz aloldalán. Az eXtra keret plusz funkció keretében az Üzemeltető egy egyenleget biztosít, amelyre Üzemeltető az alábbi esetben tölt fel összegeket: – Közös csomag szolgáltatást igénybe vevő Felhasználók esetében a térítésmentesen biztosított Szolgáltatások ellenértékét feltölti Üzemeltető az eXtra keret plusz funkció egyenlegére. – Amennyiben az Üzemeltető kompenzálni kívánja az eXtra szolgáltatással rendelkező Felhasználót, akkor a kompenzáció összegét az eXtra keret plusz funkció egyenlegére tölti fel Üzemeltető. – Amennyiben az eXtra szolgáltatással rendelkező egyedi hirdetési szerződéssel rendelkező Felhasználó csomagot vált és a csomagváltás miatti díj különbözet levásárlására szerez jogosultságot Felhasználó az ÁSZF 5.2.3.3. pontja alapján, akkor ezen különbözet összegét Üzemeltető az eXtra keret plusz funkció egyenlegre tölti fel. – Egyéb, az Üzemeltető saját egyoldalú döntésén alapuló esetben. Az adminisztrációs felületen az eXtra keret plusz egyenlegnek van egy aktiválási dátuma és egy lejárati dátuma, amely két időpont közötti időtartamban jogosult Felhasználó az eXtra keret plusz egyenlegen nyilvántartott összegeket Szolgáltatás aktiválására felhasználni az eXtra keret plusz egyenleg erejéig. Amennyiben Felhasználó az adminisztrációs felületén keresztül vesz igénybe egy Szolgáltatást oly módon, hogy azt aktiválja, akkor annak ellenértékét Üzemeltető automatikusan levonja Felhasználónak az eXtra keret plusz egyenlegen nyilvántartott összegből. A lejárati időpontig fel nem használt eXtra keret plusz egyenleg összegét a lejárati időpont után Felhasználó már nem jogosult felhasználni Szolgáltatás igénybevételére, azzal kapcsolatban Felhasználó semmilyen igényt nem érvényesíthet Üzemeltetővel szemben.",2
"IX.2. Az INTERSPORT által a termékek reklámozására felhasznált fényképek részben olyan mintaképek, amelyeket a gyártók bocsátottak az INTERSPORT rendelkezésére. Ezek a fényképek professzionális feltételek és adott fényviszonyok mellett készültek és a terméket nem feltétlenül a mindennapi használat során tapasztalt megjelenésben mutatják be. Az INTERSPORT ennek megfelelően nem tartozik felelősséggel azért, hogy a termékek a reklám céljára felhasznált fényképeknek teljes mértékben megfeleljenek.",2
"3.2.5.4. Az internetbanki szolgáltatás igénylésekor a Számlatulajdonos köteles megadni az internetbanki szolgáltatás igénybevételéhez szükséges Jelszó- telefonszámot, amelyre a Bank az internetbanki szolgáltatás használatához szükséges SMS üzeneteket továbbítja. A Bank a Számlatulajdonos által megadott Jelszó-telefonszámra küldi meg SMS üzenetben a Számlatulajdonosnak az egyszer használatos Kezdeti Bejelentkezési jelszót, amelynek SMS- ben történő beérkezését követően tudja a Számlatulajdonos az internetbanki szolgáltatást használni. Az egyszer használatos Kezdeti Bejelentkezési jelszó érvényességi ideje 30 nap.",1
"d) a biztosított ellátása orvosszakmai indokoltságának felülvizsgálatára,",1
"4.2 A Megbízó tudomásul veszi, hogy a kampányban megrendelt hirdetési felületek egy részét vagy egészét a Libri Könyvkereskedelmi Kft. alvállalkozói szerződéssel biztosítja külső partnerein keresztül. A Libri Könyvkereskedelmi Kft. garantálja, hogy a szerződésben foglalt külső felületek értékesítését jogszerűen, az érintett alvállalkozói partnerekkel kötött keretszerződések alapján végzi.",4
"A teljesítés helye a Megrendelő által a Megrendelésben, illetve a Felek által a Szerződésben megjelölt magyarországi cím/helyszín. ",4
"5. A munkák elvégzéséhez szükséges bizonyítványokkal és
szakképzettséggel a munkavállalóink rendelkeznek (Pl.: érvényes
tűzvédelmi szakvizsga; hegesztő szakvizsga; gépkezelői jogosítvány;
teherkötözői vizsga….stb.)
Mvt. 50. § A munkavállaló csak olyan munkával bízható meg,
amelynek ellátására egészségileg alkalmas, rendelkezik az
egészséget nem veszélyeztető és biztonságos munkavégzéshez
szükséges ismeretekkel, készséggel és jártassággal. ((Lásd: 33/1998.
(VI. 24.) NM r.))
Mvt. 50/A. § ((Beiktatta: 2004. évi XI. tv. 10. §.))  A sérülékeny csoportba
tartozó munkavállalókat a külön jogszabályban foglaltak szerint óvni
kell az őket különösen érintő egészségkárosító kockázatoktól.
Mvt. 51. § (1) A munka egészséget nem veszélyeztető és biztonságos
elvégzéséhez megfelelő szakképzettségű és számú munkavállalót
kell biztosítani.
(2) ((Megállapította: 2001. évi LXXVIII. tv. 14. §.))  Ahol veszély fenyeget,
egyedül munkát végezni nem szabad, és ilyen helyre csak erre is
kiterjedő oktatásban (55. §) részesült munkavállalók léphetnek be.
(3) ((Módosította: 2006. évi CXXIX. tv. 24. § (3).))  Ha a munka a
munkavállaló testi épségére, egészségére veszéllyel járhat, a
foglalkoztatáspolitikáért felelős miniszter – az egészségügyért felelős
miniszterrel és a tevékenység szerinti miniszterrel egyetértésben –
előírhatja, hogy azt csak meghatározott szakképzettséggel
(képzettséggel), illetőleg gyakorlattal rendelkező személy végezheti.
(4) Ha valamely munkát egyidejűleg két vagy több munkavállaló végez, a
biztonságos munkavégzés érdekében az egyik munkavállalót meg kell
bízni a munka irányításával, és ezt a többiek tudomására kell hozni.",2
"17.2 Előre nem látható események. Nem vállalunk felelősséget a teljesítés késedelméért vagy elmulasztásáért, amely a mi észszerű befolyásunkon kívül eső okokból ered, beleértve, de nem kizárólagosan, az alábbiakat: természeti csapás, háború, terrorizmus, lázadás, embargó, polgári vagy katonai hatóságok intézkedései, tűz, árvíz, baleset, járvány, sztrájk, vagy szállítási eszközök, üzemanyag, energia, munkaerő vagy anyagok hiánya.",2
"A Szolgáltatási Időszak az Előre Fizetett Díjú Előfizetői Szerződés megkötésével kezdődik és azon időtartamot
jelenti, amely alatt az Előfizető jogosult a Szolgáltatás igénybevételére. A Szolgáltatási Időszak az adott hívószám
tekintetében létrejött első Előre Fizetett Díjú Előfizetői Szerződés tekintetében a SIM Kártya aktiválásával
(szerződéskötés) kezdődik, és hossza egyenlegfeltöltés nélkül 370 nap. Amennyiben a SIM Kártya aktiválását
követő 370 napon – azaz az Egyenleg-felhasználási időszakon vagy a Rendelkezésre Állási időszakon – belül az
Előfizető feltölti az Ügyfélegyenleget, vagy sikeresen elvégzi az Eht. 129.§ (2b) bekezdése szerinti adategyeztetést,
akkor a feltöltéssel és a sikeres adategyeztetéssel új határozott idejű Előre Fizetett Díjú Előfizetői Szerződés jön
létre. Ebben az esetben a Szolgáltatási Időszak hossza az Ügyfélegyenleg feltöltése esetében az adott egyenlegfeltöltés értékéhez tartozó Egyenleg-felhasználási Időszak időtartama szerint alakul, a sikeres
adategyeztetés esetén pedig – amennyiben nem kerül sor újabb egyenlegfeltöltésre – az adategyeztetés
elvégzésétől számított 370 nap. Amennyiben az Ügyfélegyenleg feltöltése az adott hívószámra első ízben létrejött
Előre Fizetett Díjú Előfizetői Szerződés tekintetében a Szolgáltatási időszak megkezdését megelőzően történik,
úgy az Egyenleg-Felhasználási időtartam a Szolgáltatási Időszak megkezdésekor, azaz a SIM Kártya aktiválásával
veszi kezdetét. Ebben az esetben, az Egyenleg-felhasználási Idő a Szolgáltatási Időszak megkezdésétől (nem a
feltöltéstől) számított (a feltöltő kártyához, elektronikus feltöltő kártyához vagy az egyes tarifacsomagokhoz tartozó)
egyenleg-felhasználási időtartam.",1
"16. A BKK Zrt. nem vállal felelősséget továbbá semmilyen kárért vagy következményért, amely abból adódik, hogy a Felhasználó az Alkalmazás Szolgáltatásainak hozzáféréséhez szükséges Felhasználónevét (e-mail-címét), BKK-azonosítóját vagy Jelszavát ellopták, eltulajdonították vagy más módon jogellenesen megszerezték, vagy azt a Felhasználó elveszítette.",4
5.9.1. Ezt a fizetési módot az Ügyfél/Vásárló az alábbiak szerint aktiválhatja:,4
"A fogyasztó köteles együttműködni az Eladóval annak érdekében, hogy az Eladó - a műszaki szempontból rendelkezésére álló és a fogyasztó számára a legkisebb beavatkozást igénylő eszközök alkalmazásával - meggyőződhessen arról, hogy a hiba oka a fogyasztó digitális környezete. Ha a fogyasztó nem tesz eleget ennek az együttműködési kötelezettségének, miután az Eladó e kötelezettségről a szerződéskötést megelőzően világosan és érthető módon tájékoztatta, a fogyasztót terheli annak bizonyítása, hogy a teljesítést követő egy éven belül felismert hiba már a teljesítés időpontjában fennállt, vagy a szerződés szerinti időtartam alatt felismert hibával érintett szolgáltatás, a szolgáltatás szerződés szerinti teljesítésének időszakában nem volt szerződésszerű.",2
"5. Ha a Felhasználó a BKK Zrt.-nek a jelen ÁSZF szerinti szerződés megszegésével kárt okoz, köteles azt teljes egészében megtéríteni. A kártérítési kötelezettség kiterjed a Felhasználó szerződésszegése miatt bekövetkezett tapadó károkra, következményes károkra, felelősségi károkra, a BKK Zrt.-t ért elmaradt haszonra és a BKK Zrt. oldalán a kár kiküszöböléséhez felmerült költségekre. Valamennyi, a Felhasználó által okozott kár a szerződéskötés és a károkozás időpontjában előre látható kárnak minősül, amelyet a Felhasználó az ÁSZF elfogadásával kifejezetten tudomásul vesz és elfogad.",3
"9.2 Az elszámolás céljára szolgáló hőmennyiségmérők és a szolgáltatói hőközpontban mért hőmennyiségnek az onnan ellátott Felhasználók közötti költségmegosztása céljára az egyes felhasználási helyek hőfogadójában felszerelt mérőműszerek a BKM NONPROFIT Zrt. tulajdonát képezik. Fenntartásuk, időszakonkénti hitelesíttetésük, szükség szerinti cseréjük a BKM NONPROFIT Zrt. feladata, amelynek költségeit saját maga viseli.",4
"7.12. Az Elkertv. értelmében Üzemeltető Szolgáltatásait igénybevevő Felhasználó által rendelkezésre bocsátott információk, tartalom tekintetében Felhasználó minősül szolgáltatónak.",2
4.5.1.3. Személyes átvétel: Személyes átvételkor készpénzes és bankkártyás fizetés lehetséges.,4
"e) Az előfizető jogai hibás teljesítés esetén, a szolgáltatót terhelő kötbérfizetési kötelezettség esetei, az előfizetőt megillető kötbér meghatározása, mértéke és a kötbérfizetés módja az ÁSZF Törzsrész 4.2. pontjában található meg.",2
"31.4. Magyarországon székhellyel vagy fiókteleppel rendelkező pénzforgalmi szolgáltatónál vezetett, saját névre szóló számlával rendelkezik, és ezen számla számát folyósítás fogadása céljából a Diákhitel Központ részére közölte,",3
Olvasó: A szolgáltatás igénybevételéhez szükséges chipkártya-olvasó.,1
"Az ÁSZF 2. számú mellékletében meghatározott Mobil internet-hozzáférést biztosító vezeték díjcsomagok
és opciók vonatkozásában az Előfizető túlzott mértékű hálózathasználata esetén Szolgáltató Dinamikus
szolgáltatásminőség-szabályozást – a továbbiakban: QoS-t – alkalmazhat a normál felhasználók
védelmében. Szolgáltató túlzott mértékű hálózathasználatnak tekinti, ha az Előfizető az adott számlázási
ciklusban 15 GB vagy a vezeték nélküli mobil internet-hozzáférési szolgáltatáshoz tartozó díjcsomagban
meghatározott egyéb forgalmi mérték felett forgalmaz (Túlforgalmazó Előfizető). A QoS a 3GPP TS
23.107 számú szabványának és az ETSI TS 123 107 V.9.0.0. szabványának megfelelően kerül
alkalmazásra. (A hivatkozott szabványok leírása elérhető az alábbi internetes honlapokon: www.etsi.org,
illetve www.3GPP.org.) A Túlforgalmazó Előfizető a hálózati erőforrások kiosztásánál alacsonyabb
prioritási szintre kerül, mint a többi Előfizető, és a hálózat túlterheltségekor a többi Előfizető nagyobb
valószínűséggel fér hozzá a hálózati erőforrásokhoz, mint a Túlforgalmazó Előfizető. Ennek
következtében 15 GB vagy a vezeték nélküli mobil internet-hozzáférési szolgáltatáshoz tartozó
díjcsomagban meghatározott egyéb forgalmi mérték feletti adatforgalmat el nem érő Előfizető a hálózat
túlterheltsége idején azonos körülmények esetén nagyobb sebességgel képes adatkommunikációt
folytatni, mint a Túlforgalmazó Előfizető. Normál terhelésű hálózat esetén a Túlforgalmazó Előfizető nincs
hátrányosan megkülönböztetve a többi Előfizetőtől, ugyanolyan adatsebességre képes, mint a normál
felhasználók. Az alacsonyabb QoS prioritási szintbe sorolást a Szolgáltató a Túlforgalmazó Előfizetővel
szemben legfeljebb 15 GB vagy a vezeték nélküli mobil internet-hozzáférési szolgáltatáshoz tartozó
díjcsomagban meghatározott egyéb forgalmi mérték feletti adatforgalom elérésekor az aktuális és az azt
követő számlázási ciklusban alkalmazhatja.",0
"11.11.  A Vállalkozó jelen szerződésben vállalt feladatainak, munkáinak
végrehajtására, illetve végzésére foglalkoztatott személyekkel,
munkavállalókkal a mindenkor hatályos Munkatörvénykönyve és az érvényes
munkajogi jogszabályok szerinti foglalkoztatási formát a lkalmazza. A vállalt
munkák végzésére foglalkoztatott személyek alkalmazásából származó
munkaügyi ellenőrzések, viták esetén minden felelősség a Vállalkozót terheli.",3
"Szolgáltató számfüggetlen személyközi hírközlési szolgáltatást Előfizetőinek nem nyújt, így ezen pont tekintetében felvilágosítást sem áll módjában nyújtani.",2
"8.8. A Weboldalra tilos azon tartalom, hirdetés feltöltése, amely ● jogszabályba ütközik, vagy jogellenes tevékenységet hirdet; ● bűncselekményt vagy szabálysértést valósít meg; ● jóerkölcsbe ütközik vagy sérti a vonatkozó etikai normákat (ideértve különösen a Magyar Reklámetikai Kódex normáit); ● jogellenes, vagy jogellenes magatartással kapcsolatos, vagy jó erkölcsbe ütköző cselekményre hív fel vagy arra buzdít; ● mások jogát vagy jogos érdekét sérti, így különösen, ha védjegyoltalomba ütközik, ha szellemi alkotáshoz fűződő jogok illetve egyéb szerzői és szomszédos, illetve személyhez fűződő jogok sérelmét okozza vagy okozhatja; ● megtévesztő információt tartalmaz; ● Üzemeltető azt az általa képviselt etikai erkölcsi alapelvekkel ellentétesnek tartja; ● vagy a fentiek gyanúja felmerülhet.",3
"f) ellenőrizni a finanszírozott Szolgáltatások elszámolási rendjét, az elszámolások valódiságát, a folyósított pénzeszközök felhasználásának pénzügyi szabályszerűségét a számviteli bizonylatok és a könyvviteli nyilvántartás alapján,",1
A maximális Napi átutalási (tranzakciós) limitet a Bank jogosult felülvizsgálni és egyoldalúan módosítani a Felhasználó használati szokásai alapján. A Bank a módosuló limitekről értesítést küld a Felhasználó részére a módosítás napját megelőzően két hónappal.,4
I. A SZOLGÁLTATÁSOK ÁLTALÁNOS FELTÉTELEI,4
A teljesítésigazolással elismert Egyedi Szerződéses Megállapodásban rögzített összeg.,4
"1/5. A Felhasználó saját személyes menüjéből kezdeményezheti regisztrációja (felhasználói fiókja) esetleges törlését, mely a Vaterával létesített szerződéses kapcsolat Felhasználó általi felmondásának minősül és a felhasználói fiók, illetve a Vaterával létesített szerződés megszűnését eredményezi. A felmondási idő 30 nap, amely alatt azonban a Felhasználó a Vatera ügyfélszolgálatán, a Kapcsolatfelvétel menüben kérheti felhasználói jogainak visszaállítását, amely esetben a felhasználói fiók törlésére nem kerül sor. A regisztráció (felhasználói fiók) törlésére vonatkozó felhasználói igényt a Vatera akkor teljesíti, ha a Felhasználónak nincs tartozása a Vatera felé, illetve minden tranzakciója értékelésre, vagy lezárásra került (nincs folyamatban tranzakció), illetve nem áll felfüggesztés alatt. A felmondási idő alatt a Felhasználó felhasználói jogai szünetelnek, így regisztrációhoz kötött cselekményeket nem végezhet.",3
"46. A Finanszírozó jogosult a finanszírozási szerződés tartalmát képező ÁSZF egyoldalú módosítására, különösen, ha azt jogszabályváltozás teszi szükségessé. Az ÁSZF módosításáról a Finanszírozó köteles a Szolgáltatót értesíteni. A Szolgáltató a módosításról való értesítéstől számított 15 napon belül jogosult a finanszírozási szerződés felmondására, a felmondás hónapját követő hónap utolsó napjával. Az értesítés napja az ÁSZF módosítás NEAK honlapján történő közzétételének napja.",3
A szerződésszerű teljesítés követelményei általánosan fogyasztói szerződés keretében eladott áruk esetében és a teljesítésnek a teljesítés időpontjában meg kell felelnie a 373/2021. (VI.30.) Korm. rendeletben foglalt követelményeknek.,3
"A Vállalkozó csak a teljesítés keretében, és a Megrendelőnek a GDPR. értelmében és a Megbízóval kötött adatfeldolgozási szerződés alapján adott utasítására dolgoz fel személyes adatokat. Megfelelően érvényesek a feldolgozására vonatkozó előírások, ha a Vállalkozó végzi az automatizált eljárások vagy adatfeldolgozó berendezések ellenőrzését, vagy karbantartását, és ennek során nem lehet kizárni a személyes adatokhoz való hozzáférést. Az adatfeldolgozás megengedhetőségének megítélésében, valamint az érintettek GDPR-ban foglalt jogainak védelméről a külön adatfeldolgozói szerződés alapján csak a Megrendelő dönthet. ",1
"14.14 Épületrész távhőellátásból való kiválásához a felhasználási helyen lévő épületrészek valamennyi tulajdonosának hozzájárulására van szükség. A hozzájárulások meglétét a Felhasználó képviselője köteles biztosítani, és erről köteles a BKM NONPROFIT Zrt. részére felelős nyilatkozatot tenni. Az épületrészben a távhőellátással azonos komfortfokozatú más hőellátást kell megvalósítani, amely az épület távhőellátását biztosító felhasználói berendezéstől függetlenül üzemeltethető. Az ezzel kapcsolatos átalakítás minden költsége, beleértve a BKM NONPROFIT Zrt. tulajdonát képező felhasználói hőközpontnak az épületrész leválása miatt szükséges átalakítását is, a Felhasználót terheli.",1
"3.4. Fizetési megbízások visszautasítása, visszavonása és visszahívása",4
"1. Az OTP Bank Nyrt. és az Ügyfél szerződéses kapcsolataikban megfelelően együttműködnek és így a bankügylet szempontjából jelentős tényekről, azok változásáról egymást késedelem nélkül értesítik. Az OTP Bank Nyrt. az együttműködés és a tájékoztatás során az olyan Ügyfél magatartását veszi alapul, aki észszerűen tájékozottan, az adott helyzetben általában elvárható figyelmességgel és körültekintéssel jár el.",2
"9.3 A szerződés bármely okból történő megszűnésekor az Ügyfél és valamennyi Felhasználó hozzáférési joga is megszűnik, amelynek következtében a szolgáltatás igénybevételére a továbbiakban nincsen lehetőség.",3
16.1. Az ÁSZF-ben nem rögzített kérdésekben a Polgári Törvénykönyvről szóló 2013. évi V. törvény és az egyéb vonatkozó magyar jogszabályok rendelkezései irányadóak.,3
▪ ügyleti kamat,4
"41. Az Alza a megrendelésének (ajánlatának) megérkezését a Fogyasztó felé e-mail útján egy automatikusan generált rendszerüzenet formájában haladéktalanul visszaigazolja („Köszönjük a megrendelését” megszólítású e-mail). Amennyiben ezen visszaigazolás a Fogyasztó megrendelésének elküldésétől számított, legkésőbb 48 órán belül nem érkezik meg hozzá, a Fogyasztó mentesül az ajánlati kötöttség alól. A Fogyasztó köteles ezen e-mailben foglalt adatok tartalmát leellenőrizni. Amennyiben a Fogyasztó a megrendelés adataiban bármilyen hibát észlel, köteles azt haladéktalanul jelezni az Ügyfélszolgálat felé. Az e-mailben szereplő gombok segítségével Fogyasztó a megrendelését módosíthatja vagy szükség esetén törölheti is, azaz az ajánlatát visszavonhatja.",3
"Fogyasztónak a Ptk. 8:1. § 1. bekezdés 3. pontja szerint csak a szakmája, önálló foglalkozása vagy üzleti tevékenysége körén kívül eljáró természetes személy minősül, így jogi személyek nem élhetnek az indokolás nélküli elállási joggal!",2
"Kosárelhagyó e-mail: Ha a bejelentkezett Felhasználó terméket tesz a kosarába, de arra nem ad le rendelést, akkor az utolsó kosárba tételtől számított egy (1) óra elteltével kosárelhagyó e-mailt kap. A kosárelhagyó e-mailben az e-mail kiküldésének pillanatában a Felhasználó kosarában megtalálható termékek vannak. A Felhasználó kattintásra visszakerül a kosarához (ha nincs bejelentkezve, ehhez be kell jelentkeznie). Egy Felhasználó egy nap legfeljebb egy (1) kosárelhagyó e-mailt kaphat. A Felhasználó a kosárelhagyó e-mailben megjelölt elérhetőségen leiratkozhat a kosárelhagyó e-mailekről.",4
"3.10 A Bank nem vállal felelősséget a szolgáltatások nyújtása során felmerült technikai hibákért, illetve a tranzakciók ebből eredő sikertelenségéért.",4
"2.4. A Kedvezményezett  részére megítélt támogatás összege  az Okirat  3.1. pontjában kerül
rögzítésre. Az Okirat  a Kedvezményezett nek a szakmai feladat  teljesítése során, a pályázati
program megvalósításakor felmerülő költségei  az Okirat  3.1. pontjában  meghatározott
mértékű támogatása tárgyában készült , amely támogatás vonatkozásában a – támogatás
összegének és az elszámolható költségek je lenértékének hányadosaként meghatározott,
százalékos formában kifejezett – támogatási intenzitás 100%.",1
4.3. A Felhasználó kosárba helyezi a kiválasztott termékeket. A Felhasználó bármikor megtekintheti a kosár tartalmát a „megtekint” ikonra kattintva.,4
"Lezárt díjcsomag: olyan díjcsomag, amelyre vonatkozóan a hatályos Előfizetői szerződések hatályosak maradnak, de amely új Előfizetői szerződés, illetve Előfizetői szerződés módosítása (díjcsomag-váltás) útján nem vehető igénybe.",3
"5.9.2. Bankkártyája adatainak megadásával az Ügyfél/Vásárló megerősíti, hogy a Payment by 1 click” (Fizetés 1 kattintással) fizetési módról előzetes tájékoztatást kapott és elfogadta ezen fizetési módra vonatkozó jelen feltételeket.",2
Termékszavatossági jogait a termék előállítójával vagy forgalmazójával (a továbbiakban együtt: gyártó) szemben gyakorolhatja.,4
"a) a Hitelkártya rendeltetésszerű használatra nem alkalmas (a plasztik, a mágnescsík, a chip vagy a kártya érintés nélküli fizetés funkcióját lehetővé tévő antenna, áramkör megsérült, vagy a kártya használathoz szükséges adatok olvashatatlanná váltak),",2
"1. A törvényi előírásoknak megfelelő érvényes kockázat becsléssel rendelkezik
Mvt. 54. §  (1) Az egészséget nem veszélyeztető és biztonságos
munkavégzés érdekében a munkáltató köteles figyelembe venni a
következő általános követelményeket:
a) a veszélyek elkerülése;
b) a nem elkerülhető veszélyek értékelése;
c) a veszélyek keletkezési helyükön történő leküzdése;
d) az emberi tényező figyelembevétele a munkahely kialakításánál, a
munkaeszközök és munkafolyamat megválasztásánál, különös tekintettel az
egyhangú, kötött ütemű munkavégzés időtartamának mérséklésére, illetve
káros hatásának csökkentésére, a munkaidő beoszt ására, a munkavégzéssel
járó pszichoszociális kockázatok okozta igénybevétel elkerülésére;
e) a műszaki fejlődés eredményeinek alkalmazása;
f) a veszélyes helyettesítése veszélytelennel vagy kevésbé veszélyessel;  g) egységes és átfogó megelőzési stratégia kialakítása, amely kiterjed a
munkafolyamatra, a technológiára, a munkaszervezésre, a
munkafeltételekre, a szociális kapcsolatokra és a munkakörnyezeti
tényezők hatására;
h) a kollektív műszaki védelem elsőbbsége az egyéni védelemhez
képest;
i) a munkavállalók megfelelő utasításokkal történő ellátása.
(2) A munkáltatónak rendelkeznie kell kockázatértékeléssel,
amelyben köteles minőségileg, illetve szükség esetén mennyiségileg
értékelni a munkavállalók egészségét és biztonságát veszélyeztető
kockázatokat, különös tekintettel az alkalmazott munkaeszközökre,
veszélyes anyagokra és keverékekre, a munkavállalókat érő
terhelésekre, valamint a munkahelyek kialakítására. A kockázatértékelés
során a munkáltató azonosítja a várható veszélyeket (veszélyforrásokat,
veszélyhelyzeteket), valamint a veszélyeztetettek körét , felbecsüli a
veszély jellege (baleset, egészségkárosodás) szerint a
veszélyeztetettség mértékét. A kockázatértékelés során az
egészségvédelmi határértékkel szabályozott kóroki tényező előfordulása
esetén munkahigiénés vizsgálatokkal kell gondoskodni az e xpozíció
mértékének meghatározásáról.
(3) A munkáltató a kockázatértékelést, a kockázatkezelést és a
megelőző intézkedések meghatározását – eltérő jogszabályi
rendelkezés hiányában – a tevékenység megkezdése előtt, azt követően
indokolt esetben, de  legalább 3 évente köteles elvégezni. Indokolt
esetnek kell tekinteni különösen az alkalmazott tevékenység,
technológia, munkaeszköz, munkavégzés módjának megváltozását,
illetve minden olyan, az eredeti tevékenységgel összefüggő változtatást,
amelynek eredményeképpen a munkavállalók egészségét , biztonságá t
meghatározó munkakörülményi tényezők megváltozhattak – ideértve a
munkaklíma -, zaj-, rezgésterhelést, légállapotokat (gázállapotú, por, rost
légszennyezők minőségi, illetve mennyiségi változását). Soron kívül el
kell végezni a kockázatértékelést, ha az a lkalmazott tevékenység,
technológia, munkaeszköz, munkavégzés módjának hiányosságával
összefüggésben bekövetkezett munkabaleset, fokozott expozíció, illetve
foglalkozási megbetegedés fordult elő, vagy a kockázatértékelés a külön
jogszabályban meghatározott  szempontra nem terjedt ki. Az 56. § -ban
meghatározottak a kockázatértékelésben rögzítésre kerülhetnek.
(4) A munkavédelmi hatósági ellenőrzés során a munkáltatónak kell
bizonyítania a tevékenység megkezdésének tényét, időpontját.
(5) A kockázatértékelés eredményeként a munkáltató felelőssége
legalább a következők dokumentálása:
a) a kockázatértékelés időpontja, helye és tárgya, az értékelést végző
azonosító adatai;
b) a veszélyek azonosítása;
c) a veszélyeztetettek azonosítása, az érintettek száma;
d) a kockázatot súlyosbító tényezők;
e) a kockázatok minőségi, illetőleg mennyiségi értékelése, a fennálló
helyzettel való összevetés alapján annak megállapítása, hogy a
körülmények megfelelnek -e a munkavédelemre vonatkozó
szabályoknak, illetve biztosított -e a kockázatok megfelelően alacsony
szinten tartása;
f) a szükséges megelőző intézkedések, a határidő és a felelősök
megjelölése;
g) a kockázatértékelés elkészítésének tervezett következő időpontja;
h) az előző kockázatértékelés időpontja.
A kockázatértékelés dokumentumát a munkáltató köteles a külön
jogszabályban foglaltak szerint, de legalább 5 évig megőrizni.
(6) Az (1) bekezdés g) pontjában meghatározott megelőzési stratégia
munkabiztonsági és munka -egészségügyi tartalmának kialakítása
munkabiztonsági, illetve munka -egészségügyi szaktevékenységnek
minősül.
(7) Az egészséget nem veszélyeztető és biztonságos munkavégzés
érdekében a munkáltató köteles
a) a szükséges utasításokat és tájékoztatást a munkavégzést
megelőzően a munkavállalónak megadni;
b) rendszeresen meggyőződni arról, hogy a munkakörülmények
megfelelnek -e a követelményeknek, a munkavállalók ismerik, illetve
megtartják -e a rájuk vonatkozó rendelkezéseket;
c) a munkavégzés körülményeihez igazodó, illetve az azzal összefüggő
veszélyek figyelembevételével megfelelő munkaeszközöket biztosítani a
munkavállalók részére;
d) új technológiák bevezetése előtt kellő időben megtárgyalni a
munkavállalókkal, illetve munkavédelmi képviselőikkel bevezetésük
egészségre és biztonságra kiható következményeit;
e) a tudomására jutott rendellenességet, illetve a munka egészséget nem
veszélyeztető és biztonságos végzésével kapcsolatos bejelentést
haladéktalanul kivizsgálni, a szükséges intézkedéseket megtenni, az
érintetteket azonnal értesíteni, és közvetlen veszély esetén a
munkavégzést leállítani;
f) a munkabalesetek és foglalkozási megbetegedések esetén az V.
Fejezet rendelkezéseinek megfelelően eljárni;


  g) biztosítani a védőeszközök rendeltetésszerű használhatóságát,
védőképességét, kielégítő higiéniés állapotát, szükséges tisztítását,
karbantartását, javítását, pótlását;
h) teljes felelősséggel megtenni minden szükséges intézkedést a
munkavállalók biztonsága és egészségvédelme érdekében, figyelembe véve
a változó körülményeket is, valamint törekedve a munkakörülmények
folyamatos javítására;
i) a munkabiztonsági szaktevékenységnek, illetve munka -egészségügyi
szaktevékenységnek minősített feladatok ellátásáról az e törvényben
meghatározott módon gondoskodni és az előírt feladatok ellátására e
törvényben meghatározott személyt, illetve szervezet et biztosítani.
(8) A (2) és (3) bekezdésben meghatározott feladatok elvégzése
munkabiztonsági és ezzel egyidejűleg munkaegészségügyi
szaktevékenységnek minősül.  A kockázatértékelés elvégzésekor a kémiai
biztonság területén a külön jogszabályban foglalt szempontokat is
figyelembe kell venni.
(9) A munkáltató a kockázatértékelést követően, annak megállapításait
figyelembe véve, a feltárt kockázatok kezelése során határozza meg a
védekezés leghatékonyabb módját, a kollektív, műszaki egyéni védelem
módozatait, illetve az alkalmazandó szervezési és eg észségügyi megelőzési
intézkedéseket.
Mvt. 54/A. § (1) A munkáltató megfelelő intézkedésekkel biztosítja, hogy
szükség esetén az elsősegély, az orvosi sürgősségi ellátás, a mentési és a
tűzvédelmi feladatok ellátása érdekében haladéktalanul fel lehessen venni a
kapcsolatot a külső szolgálatokkal, szervekkel.
(2) A munkáltató a külön jogszabályok figyelembevételével köteles megtenni
minden indokolt intézkedést veszély esetére a munkahely kiürítésének,
továbbá a tűzvédelmi, katasztrófavédelmi feladatok végrehajtásához
szükséges, arra alkalmas munkavállalók kijelölés e, létszámuk
meghatározása, felkészítésük és megfelelő egyéni védőeszközzel való
ellátásuk érdekében.",2
Hatóság: a Nemzeti Média- és Hírközlési Hatóság.,4
"Ha a vevő sikeres visszajelzést adott, az eladónak a tranzakciót követő 7. és a 14. napon a Vatera a felhasználói fiókjában megadott e-mail címre egyedi értesítőt küld, majd a 30. napon, az utolsó egyedi értesítővel egy időben az eladó 2/4. pont szerinti jelzése hiányában - megtörténik a tranzakció sikeressé minősítése.",3
"• Push-értesítések: szabványos mobilértesítések. Olyan üzenetek, amelyeket a Felhasználó az alkalmazás megnyitása nélkül, jellemzően a zárolási képernyőn lát. Célja, a Felhasználók alkalmazáshoz vezetése. Az értesítés zárolt képernyő esetében is megjelenik, nem szükséges az applikáció megnyitása. A Felhasználó bármikor kikapcsolhatja a funkciót.",4
"3.7 Ha az Ügyfél elektronikus banki műveletet hajt végre, a megbízás vagy értesítés Bankhoz történő érkezési időpontjának a Bank számítógépes rendszere által megállapított és rögzített időpont tekintendő.",3
IX. SZOLGÁLTATÁS IGÉNYBEVÉTELE,4
"Visszatartási jog - mindaddig visszatarthatja a fogyasztónak visszajáró összeget, amíg a fogyasztó az Árut vissza nem szolgáltatta, vagy kétséget kizáróan nem igazolta, hogy azt visszaküldte; a kettő közül a korábbi időpontot kell figyelembe venni. Utánvéttel vagy portósan feladott küldeményeket nem áll módunkban elfogadni.",4
"2.1.6 A megnyitott pénzforgalmi bankszámla terhére fizetésre irányuló megbízást és a javára jóváírást – a pénzbeli vagyoni hozzájárulás kivételével – a Bank mindaddig nem teljesít, amíg – amennyiben az adott jogi személyre vonatkozó jogszabályok szerint előtársasági működésre van lehetőség – a bejegyzés kezdeményezését, vagy amennyiben előtársasági működésre nincs lehetőség, a bejegyzés tényét a Számlatulajdonos nem igazolta, valamint nem közölte adószámát és KSH számát.",0
"14. A Vis maior esemény bekövetkezése esetén a BKK Zrt. szerződésszegés következményei alóli mentesülésének feltétele annak hitelt érdemlő igazolása, objektív alátámasztása, hogy a szerződésszerű teljesítést rajta kívül álló, szerződéskötéskor nem ismert és előre nem látható elháríthatatlan esemény vagy cselekmény gátolta, amely ok-okozati összefüggésben áll a nem szerződésszerű teljesítéssel.",3
A Szolgáltatónak az utánvéttel visszaküldött csomagot nem áll módjában átvenni. A termék visszaküldésének költségének kívül az elállás kapcsán a Fogyasztót semmilyen más költség nem terheli.,3
"20. A Fogyasztónak (és bármely felhasználónak) bármikor lehetősége van az Alza Fiók törlésére (feltéve, hogy az Alza Fiókon belül nincs nyitott tartozás, ide nem értve az utánvétet), melyre az alábbi módokon van lehetőség: ",4
"A nyilvántartásba vett talált tárgyakat a Szolgáltató 3 hónap időtartamig megőrzi, ezt követen az át nem vett tárgyakat értékesíti. Az átvett, de romlandósága miatt, vagy más okból el nem tartható tárgy értékesítéséről a Szolgáltató a leadást követően haladéktalanul gondoskodik. A nem értékesíthető tárgyak megsemmisítésre kerülnek.",3
"Az Európai Unió Tanácsának 2002/881 (EK) és 2001/2580 (EK) számú rendeletei értelmében a terrorizmus elleni küzdelem céljából bevezetésre került egy olyan rendelkezés, amely tiltja, hogy bizonyos természetes vagy jogi személyek, csoportok vagy szervezetek részére közvetlenül, vagy közvetve pénzt vagy erőforrást bocsássanak rendelkezésre. A Vállalkozó vállalja, hogy figyelembe veszi ezt a tilalmat, és ellenőrzi, hogy a munkatársai és az üzlettársai neve nem egyezik-e a rendeletek mellékleteként közzétett listákon szereplő természetes vagy jogi személyek, csoportok vagy szervezetek nevével. Névazonosság esetén az adott személlyel, csoporttal vagy szervezettel a szerződés nem köthető meg. ",1
"A Szolgáltató mindent tőle elvárható lépést megtesz azért, hogy az ellátás során érvényesüljenek a jogszabályban foglalt, vagy egyéb szakmai szabályok, így különösen a tudomány mindenkori állását tükröző és bizonyítékokon alapuló szakmai irányelvek, ezek hiányában a megalapozott, széles körben elfogadott szakirodalmi közlésekre, vagy szakmai konszenzusra támaszkodó szakmai ajánlások, valamint azért, hogy a szolgáltatása a rendelkezésre álló erőforrások optimális felhasználásával szakmailag hatásosan nyújtható legyen.",0
az Európai Parlament és a Tanács 2016/679 rendelete (2016. április 27.) a természetes személyeknek a személyes adatok kezelése tekintetében történő védelméről és az ilyen adatok szabad áramlásáról valamint a 95/46/EK irányelv hatályon kívül helyezéséről (általános adatvédelmi rendelet),0
"5.2.4.2. Logó megjelenítése a találati listában: A szolgáltatás bekapcsolása után a hirdető Felhasználó az admin fiókban feltöltött logója megjelenik a keresések találati listában, a Hirdető összes hirdetése mellett.",3
"A Szerződés tárgya a Megrendelésben, illetve a Szerződésben meghatározott építési, szerelési munka végzése. ",4
"9.6. Panasz elutasítása esetén annak jellege szerint igénybe vehető egyéb hatóságok: A fogyasztó lakóhelye, tartózkodási helye szerint illetékes Megyei Kereskedelmi és Iparkamarák mellett működő Békéltető Testület, ennek hiányában a szolgáltató székhelye szerint illetékes.  ",3
"1.1 A Felhasználó a Felhasználói Fiók regisztrálásával és használatával elismeri, hogy az ÁSZF-et és az Adatvédelmi Szabályzatot és Tájékoztatót megismerte, megértette és vállalja, hogy azt betartja. Az Üzemeltető a Szolgáltatást kizárólag 16. életévét betöltött természetes személyek részére nyújtja. A regisztrációval a Felhasználó elismeri, hogy 16. életévét betöltötte.",3
"3.3.1.  A beszedési megbízás kezdő időpontja a z Okirat  5.1. pontjában megjelölt , a szakmai
feladat  megvalósításának kezdő időpontja. Több fizetési számla esetén a
Kedvezményezett nek meg kell adni a a felhatalmazó nyilatkozatok érvényesítésének
sorrendjét is. A biztosítékadási kötelezettség elmulasztása esetén a költségvetési
támogatás folyósítása annak pótlásáig felfüggesztésre kerül.",2
Jogosultsági idő,4
"11.13.  . A munkavédelemről szóló  1993. évi XCIII  törvény 40. § (2) bekezdése alapján a
vállalkozási szerződés tárgyában szereplő munkahelyen a Vállalkozónak a
munkavégzését úgy kell elvégeznie/összehangolnia, hogy az az ott dolgozókra és
a munkavégzés hatókörében tartózkodókra veszélyt ne jelentsen. Eze n
követelmények megvalósításáért a Vállalkozó a munkaterületen kizárólagosan
felelős.",3
"Megbízó – charter céggel történt ellenkező megállapodás hiányában – a hajóval versenyen nem vehet részt. Megbízott tájékoztatja megbízót, hogy amennyiben ez utólag kiderül, charter cég pluszköltséget számolhat fel, melyet a kaucióból érvényesít.",4
"99. A hiányos szállításra vagy külsérelemre vonatkozó reklamáció nem korlátozza a Fogyasztó hibás teljesítéssel kapcsolatos jogainak gyakorlását, ugyanakkor felhívjuk a Fogyasztók figyelmét, hogy a hibás teljesítéssel kapcsolatos jogok elsősorban rejtett, az átvétel időpontjában nem ismert hibákra terjednek ki (részletesebben lásd a IX. Hibás teljesítés fejezet szabályait, különös tekintettel a 172. pontra).",1
b) A Szolgáltató neve és további adatai a Törzsrész 1.2. pontjában találhatók meg.,3
"10.2. A megrendelt termék adatlapján feltüntetjük a termék lényeges tulajdonságait tartalmazó leírásokat, a használati utasításokat. A megrendelt termék tényleges tulajdonságairól részletesen a termékhez csatolt használati útmutatóból, vagy a 2. pontban foglalt e-mail címek útján tájékozódhat. Az általunk forgalmazott termékhez a jogszabályi előírások keretein belül használati útmutatót csatolunk, azonban amennyiben véletlenül mégsem kapná meg a termékkel együtt, kérjük ezt a tényt haladéktalanul, még a termék használata előtt szíveskedjen jelezni az ügyfélszolgálatunknak, és természetesen pótoljuk.",3
"2.1.2. A Korlátozottan cselekvőképes kiskorú Törvényes képviselője előzetesen is beleegyezését adhatja a Pénzforgalmi Keretszerződés megkötéséhez, valamint a Bankszámlán történő forgalmazáshoz, de a Pénzforgalmi Keretszerződés az összes érintett fél (Korlátozottan cselekvőképes kiskorú Számlatulajdonos, Törvényes képviselő, Bank) aláírásával, a legkésőbb megtett aláírás napján lép hatályba. A Korlátozottan cselekvőképes kiskorú Számlatulajdonos helyett és nevében – kivéve a jelen pont szerinti Pénzforgalmi Keretszerződés megkötését - Törvényes képviselője is eljárhat. A Törvényes képviselőt terhelnek mindazon kötelezettségek, amelyek a Kiskorú Számlatulajdonost is terhelnek. A Bank nem köteles vizsgálni a Törvényes képviselő által adott fizetési megbízás teljesítése előtt, hogy annak megadásához a Törvényes képviselőnek rendelkeznie kell-e gyámhivatal általi jóváhagyással, annak megszerzése kizárólag a Törvényes képviselő kötelessége és felelőssége. A Bank a Törvényes képviselő által adott fizetési megbízást a gyámhatósági engedély rendelkezésre állását feltételezve fogadja be és hajtja végre a megbízás összeghatárától függetlenül. A Törvényes képviselő törvényes képviseleti jogának megszűnésével egyidejűleg megszűnnek a Bankkal szemben ezen minőségében őt megillető jogok. A Törvényes képviselő köteles a törvényes képviselői minősége megszűnésének tényét annak bekövetkeztétől számított két munkanapon belül a Bank részére bejelenteni. A bejelentés elmulasztásából eredő károkért a Bankot nem terheli felelősség.",1
"A Szolgáltató a weboldalain leadott megrendelésekről a hatályos jogszabályoknak megfelelő tartalmú számlát állít ki a Felhasználó számára. Felhasználó kötelezettsége és felelőssége minden a hatályos jogszabályok szerinti számlakibocsájtásához szükséges, Felhasználó által szolgáltatandó összes adat megadása. Felhasználó felelőssége a számlára kerülő, rá vonatkozó adatok valóságnak megfelelő és pontos rögzítése, beleértve az esetleges elírásokat is.",1
